slug,model,title,year,km,price_tl,age
dacia-duster,Dacia Duster,Dacia Duster 1.5 dCi Laureate,2016,149000,999999,10
dacia-duster,Dacia Duster,Dacia Duster 1.5 dCi Ambiance,2016,188000,849000,10
dacia-duster,Dacia Duster,Dacia Duster 1.5 dCi Ambiance,2016,430000,580000,10
dacia-duster,Dacia Duster,Dacia Duster 1.5 dCi Laureate,2016,113550,1150000,10
dacia-duster,Dacia Duster,Dacia Duster 1.5 dCi Ambiance,2016,252000,780000,10
dacia-duster,Dacia Duster,Dacia Duster 1.5 dCi Ambiance,2016,88500,990000,10
dacia-duster,Dacia Duster,Dacia Duster 1.5 dCi Laureate,2016,242000,899999,10
dacia-duster,Dacia Duster,Dacia Duster 1.5 dCi Laureate,2016,269000,729000,10
dacia-duster,Dacia Duster,Dacia Duster 1.5 dCi Ambiance,2016,149000,975000,10
dacia-duster,Dacia Duster,Dacia Duster 1.5 dCi Laureate,2016,98000,1297000,10
dacia-duster,Dacia Duster,Dacia Duster 1.5 dCi Laureate,2016,271000,945000,10
dacia-duster,Dacia Duster,Dacia Duster 1.5 dCi Laureate,2016,108000,1329750,10
dacia-duster,Dacia Duster,Dacia Duster 1.5 dCi Laureate,2016,190000,949000,10
dacia-duster,Dacia Duster,Dacia Duster 1.5 dCi Laureate,2016,230000,930000,10
dacia-duster,Dacia Duster,Dacia Duster 1.5 dCi Laureate,2016,144000,1147750,10
dacia-duster,Dacia Duster,Dacia Duster 1.5 dCi Laureate,2016,265000,765000,10
dacia-duster,Dacia Duster,Dacia Duster 1.5 dCi Laureate,2016,204000,925000,10
dacia-duster,Dacia Duster,Dacia Duster 1.5 dCi Laureate,2016,250500,755000,10
dacia-duster,Dacia Duster,Dacia Duster 1.5 dCi Laureate,2016,150000,965000,10
dacia-duster,Dacia Duster,Dacia Duster 1.5 dCi Laureate,2016,115000,1195000,10
dacia-duster,Dacia Duster,Dacia Duster 1.5 dCi Ambiance,2016,95000,1065000,10
dacia-duster,Dacia Duster,Dacia Duster 1.5 dCi Laureate,2016,132500,875000,10
dacia-duster,Dacia Duster,Dacia Duster 1.5 dCi Laureate,2016,143000,950000,10
dacia-duster,Dacia Duster,Dacia Duster 1.5 dCi Laureate,2016,232000,875000,10
dacia-duster,Dacia Duster,Dacia Duster 1.5 dCi Ambiance,2016,358000,720000,10
dacia-duster,Dacia Duster,Dacia Duster 1.5 dCi Ambiance,2016,323000,804000,10
dacia-duster,Dacia Duster,Dacia Duster 1.5 dCi Laureate,2016,200000,549000,10
dacia-duster,Dacia Duster,Dacia Duster 1.5 dCi Laureate,2016,161000,835000,10
dacia-duster,Dacia Duster,Dacia Duster 1.5 dCi Ambiance,2016,244000,695000,10
dacia-duster,Dacia Duster,Dacia Duster 1.5 dCi Ambiance,2016,240000,745000,10
dacia-duster,Dacia Duster,Dacia Duster 1.5 dCi Laureate,2016,200000,1060000,10
dacia-duster,Dacia Duster,Dacia Duster 1.5 dCi Ambiance,2016,135000,925000,10
dacia-duster,Dacia Duster,Dacia Duster 1.5 dCi Ambiance,2016,192000,789000,10
dacia-duster,Dacia Duster,Dacia Duster 1.5 dCi Ambiance,2016,260000,795000,10
dacia-duster,Dacia Duster,Dacia Duster 1.5 dCi Laureate,2016,160000,1075000,10
dacia-duster,Dacia Duster,Dacia Duster 1.5 dCi Laureate,2016,175000,1025000,10
dacia-duster,Dacia Duster,Dacia Duster 1.5 dCi Laureate,2016,120000,1225000,10
dacia-duster,Dacia Duster,Dacia Duster 1.5 dCi Laureate,2016,141000,985000,10
dacia-duster,Dacia Duster,Dacia Duster 1.5 dCi Ambiance,2016,155400,1190000,10
dacia-duster,Dacia Duster,Dacia Duster 1.5 dCi Ambiance,2016,290000,825000,10
dacia-duster,Dacia Duster,Dacia Duster 1.5 dCi Laureate,2016,383500,815000,10
dacia-duster,Dacia Duster,Dacia Duster 1.5 dCi Ambiance,2016,313600,660000,10
dacia-duster,Dacia Duster,Dacia Duster 1.5 dCi Laureate,2016,206000,825000,10
dacia-duster,Dacia Duster,Dacia Duster 1.5 dCi Ambiance,2016,170000,875000,10
dacia-duster,Dacia Duster,Dacia Duster 1.5 dCi Ambiance,2016,174000,975000,10
dacia-duster,Dacia Duster,Dacia Duster 1.5 dCi Laureate,2016,195000,1100000,10
dacia-duster,Dacia Duster,Dacia Duster 1.5 dCi Laureate,2016,257590,777000,10
dacia-duster,Dacia Duster,Dacia Duster 1.5 dCi Ambiance,2016,198000,925000,10
dacia-duster,Dacia Duster,Dacia Duster 1.5 dCi Laureate,2016,147000,1210000,10
dacia-duster,Dacia Duster,Dacia Duster 1.5 dCi Laureate,2016,213000,900000,10
dacia-duster,Dacia Duster,Dacia Duster 1.5 dCi Ambiance,2016,217000,685000,10
dacia-duster,Dacia Duster,Dacia Duster 1.5 dCi Ambiance,2016,295000,880000,10
dacia-duster,Dacia Duster,Dacia Duster 1.5 dCi Laureate,2016,83000,1095000,10
dacia-duster,Dacia Duster,Dacia Duster 1.5 dCi Laureate,2016,139000,1095000,10
dacia-duster,Dacia Duster,Dacia Duster 1.5 dCi Ambiance,2016,233000,835000,10
dacia-duster,Dacia Duster,Dacia Duster 1.5 dCi Laureate,2016,290000,799999,10
dacia-duster,Dacia Duster,Dacia Duster 1.5 dCi Adventure,2016,395000,690000,10
dacia-duster,Dacia Duster,Dacia Duster 1.5 dCi Laureate,2016,112000,1175000,10
dacia-duster,Dacia Duster,Dacia Duster 1.5 dCi Laureate,2016,120500,1149000,10
dacia-duster,Dacia Duster,Dacia Duster 1.5 dCi Laureate,2016,300000,830000,10
dacia-duster,Dacia Duster,Dacia Duster 1.5 dCi Laureate,2016,214000,950000,10
dacia-duster,Dacia Duster,Dacia Duster 1.5 dCi Laureate,2016,132000,1265000,10
dacia-duster,Dacia Duster,Dacia Duster 1.5 dCi Laureate,2016,243000,925000,10
dacia-duster,Dacia Duster,Dacia Duster 1.5 dCi Ambiance,2016,138000,955000,10
dacia-duster,Dacia Duster,Dacia Duster 1.5 dCi Laureate,2016,148200,1155000,10
dacia-duster,Dacia Duster,Dacia Duster 1.5 dCi Laureate,2016,99000,1170000,10
dacia-duster,Dacia Duster,Dacia Duster 1.5 dCi Laureate,2016,232000,1100000,10
dacia-duster,Dacia Duster,Dacia Duster 1.5 dCi Ambiance,2016,252000,820000,10
dacia-duster,Dacia Duster,Dacia Duster 1.5 dCi Laureate,2016,286000,675000,10
dacia-duster,Dacia Duster,Dacia Duster 1.5 dCi Laureate,2016,123000,995000,10
dacia-duster,Dacia Duster,Dacia Duster 1.5 dCi Laureate,2016,156000,970000,10
dacia-duster,Dacia Duster,Dacia Duster 1.5 dCi Laureate,2016,222000,930000,10
dacia-duster,Dacia Duster,Dacia Duster 1.5 dCi Laureate,2016,286000,675000,10
dacia-duster,Dacia Duster,Dacia Duster 1.5 dCi Laureate,2016,271000,875000,10
dacia-duster,Dacia Duster,Dacia Duster 1.5 dCi Ambiance,2016,258000,760000,10
dacia-duster,Dacia Duster,Dacia Duster 1.5 dCi Laureate,2016,420000,750000,10
dacia-duster,Dacia Duster,Dacia Duster 1.5 dCi Laureate,2016,195000,1070000,10
dacia-duster,Dacia Duster,Dacia Duster 1.5 dCi Laureate,2016,140000,1145000,10
dacia-duster,Dacia Duster,Dacia Duster 1.5 dCi Laureate,2016,158000,1135500,10
dacia-duster,Dacia Duster,Dacia Duster 1.5 dCi Laureate,2016,320000,815000,10
dacia-duster,Dacia Duster,Dacia Duster 1.5 dCi Laureate,2016,250000,610000,10
dacia-duster,Dacia Duster,Dacia Duster 1.5 dCi Laureate,2016,300000,799999,10
dacia-duster,Dacia Duster,Dacia Duster 1.5 dCi Laureate,2016,350000,800000,10
dacia-duster,Dacia Duster,Dacia Duster 1.5 dCi Laureate,2016,135000,915000,10
dacia-duster,Dacia Duster,Dacia Duster 1.5 dCi Ambiance,2016,158000,920000,10
dacia-duster,Dacia Duster,Dacia Duster 1.5 dCi Laureate,2016,360000,725000,10
dacia-duster,Dacia Duster,Dacia Duster 1.5 dCi Laureate,2016,199000,769900,10
dacia-duster,Dacia Duster,Dacia Duster 1.5 dCi Ambiance,2016,270000,790000,10
dacia-duster,Dacia Duster,Dacia Duster 1.5 dCi Ambiance,2016,199000,875000,10
dacia-duster,Dacia Duster,Dacia Duster 1.5 dCi Ambiance,2016,420000,650000,10
dacia-duster,Dacia Duster,Dacia Duster 1.5 dCi Laureate,2016,62053,1400000,10
dacia-duster,Dacia Duster,Dacia Duster 1.5 dCi Laureate,2016,256000,795000,10
dacia-duster,Dacia Duster,Dacia Duster 1.5 dCi Laureate,2016,166000,1150000,10
dacia-duster,Dacia Duster,Dacia Duster 1.5 dCi Ambiance,2016,325000,750000,10
dacia-duster,Dacia Duster,Dacia Duster 1.5 dCi Laureate,2016,155000,1230000,10
dacia-duster,Dacia Duster,Dacia Duster 1.5 dCi Laureate,2016,84912,1235000,10
dacia-duster,Dacia Duster,Dacia Duster 1.5 dCi Ambiance,2016,54000,1100000,10
dacia-duster,Dacia Duster,Dacia Duster 1.5 dCi Laureate,2016,102000,1250000,10
dacia-duster,Dacia Duster,Dacia Duster 1.5 dCi Ambiance,2016,300000,925000,10
dacia-duster,Dacia Duster,Dacia Duster 1.5 dCi Laureate,2016,147500,960000,10
dacia-duster,Dacia Duster,Dacia Duster 1.5 dCi Laureate,2016,110000,1025000,10
dacia-duster,Dacia Duster,Dacia Duster 1.5 dCi Ambiance,2016,155000,1100000,10
dacia-duster,Dacia Duster,Dacia Duster 1.5 dCi Ambiance,2016,238000,835000,10
dacia-duster,Dacia Duster,Dacia Duster 1.5 dCi Laureate,2016,230000,790000,10
dacia-duster,Dacia Duster,Dacia Duster 1.5 dCi Ambiance,2016,276000,805000,10
dacia-duster,Dacia Duster,Dacia Duster 1.5 dCi Laureate,2016,183000,935000,10
dacia-duster,Dacia Duster,Dacia Duster 1.5 dCi Laureate,2016,188000,940000,10
dacia-duster,Dacia Duster,Dacia Duster 1.5 dCi Laureate,2016,70000,1300000,10
dacia-duster,Dacia Duster,Dacia Duster 1.5 dCi Ambiance,2016,250000,849000,10
dacia-duster,Dacia Duster,Dacia Duster 1.6 Ambiance,2017,550000,550000,9
dacia-duster,Dacia Duster,Dacia Duster 1.5 dCi Laureate,2017,114000,865000,9
dacia-duster,Dacia Duster,Dacia Duster 1.5 dCi Ambiance,2017,207500,1175000,9
dacia-duster,Dacia Duster,Dacia Duster 1.5 dCi Ambiance,2017,255000,830000,9
dacia-duster,Dacia Duster,Dacia Duster 1.5 dCi Laureate,2017,100000,1250000,9
dacia-duster,Dacia Duster,Dacia Duster 1.5 dCi Laureate,2017,335000,715000,9
dacia-duster,Dacia Duster,Dacia Duster 1.5 dCi Laureate,2017,259000,955000,9
dacia-duster,Dacia Duster,Dacia Duster 1.5 dCi Ambiance,2017,296000,810000,9
dacia-duster,Dacia Duster,Dacia Duster 1.5 dCi Laureate,2017,133500,970000,9
dacia-duster,Dacia Duster,Dacia Duster 1.5 dCi Laureate,2017,212000,1020000,9
dacia-duster,Dacia Duster,Dacia Duster 1.5 dCi Laureate,2017,141500,1069000,9
dacia-duster,Dacia Duster,Dacia Duster 1.5 dCi Laureate,2017,154000,1050000,9
dacia-duster,Dacia Duster,Dacia Duster 1.5 dCi Ambiance,2017,230000,985000,9
dacia-duster,Dacia Duster,Dacia Duster 1.5 dCi Ambiance,2017,138000,935000,9
dacia-duster,Dacia Duster,Dacia Duster 1.5 dCi Blackshadow,2017,174000,1045000,9
dacia-duster,Dacia Duster,Dacia Duster 1.5 dCi Laureate,2017,175000,1105000,9
dacia-duster,Dacia Duster,Dacia Duster 1.5 dCi Laureate,2017,158000,1100000,9
dacia-duster,Dacia Duster,Dacia Duster 1.5 dCi Ambiance,2017,257000,840000,9
dacia-duster,Dacia Duster,Dacia Duster 1.5 dCi Laureate,2017,116471,1160000,9
dacia-duster,Dacia Duster,Dacia Duster 1.5 dCi Ambiance,2017,225000,850000,9
dacia-duster,Dacia Duster,Dacia Duster 1.5 dCi Laureate,2017,164000,980000,9
dacia-duster,Dacia Duster,Dacia Duster 1.5 dCi Laureate,2017,179000,1025000,9
dacia-duster,Dacia Duster,Dacia Duster 1.5 dCi Ambiance,2017,189000,889000,9
dacia-duster,Dacia Duster,Dacia Duster 1.5 dCi Laureate,2017,610000,550000,9
dacia-duster,Dacia Duster,Dacia Duster 1.5 dCi Ambiance,2017,234000,758000,9
dacia-duster,Dacia Duster,Dacia Duster 1.5 dCi Ambiance,2017,213000,865000,9
dacia-duster,Dacia Duster,Dacia Duster 1.5 dCi Laureate,2017,93000,1195000,9
dacia-duster,Dacia Duster,Dacia Duster 1.5 dCi Ambiance,2017,264000,880000,9
dacia-duster,Dacia Duster,Dacia Duster 1.5 dCi Ambiance,2017,186000,1060000,9
dacia-duster,Dacia Duster,Dacia Duster 1.5 dCi Blackshadow,2017,247000,950000,9
dacia-duster,Dacia Duster,Dacia Duster 1.5 dCi Laureate,2017,156000,1190000,9
dacia-duster,Dacia Duster,Dacia Duster 1.5 dCi Laureate,2017,340000,875000,9
dacia-duster,Dacia Duster,Dacia Duster 1.5 dCi Laureate,2017,228000,865000,9
dacia-duster,Dacia Duster,Dacia Duster 1.5 dCi Laureate,2017,121000,1245000,9
dacia-duster,Dacia Duster,Dacia Duster 1.5 dCi Blackshadow,2017,322000,810000,9
dacia-duster,Dacia Duster,Dacia Duster 1.5 dCi Ambiance,2017,149900,1099000,9
dacia-duster,Dacia Duster,Dacia Duster 1.5 dCi Ambiance,2017,239000,885000,9
dacia-duster,Dacia Duster,Dacia Duster 1.5 dCi Ambiance,2017,199000,980000,9
dacia-duster,Dacia Duster,Dacia Duster 1.5 dCi Ambiance,2017,199000,895000,9
dacia-duster,Dacia Duster,Dacia Duster 1.5 dCi Ambiance,2017,211000,855000,9
dacia-duster,Dacia Duster,Dacia Duster 1.5 dCi Ambiance,2017,212000,815000,9
dacia-duster,Dacia Duster,Dacia Duster 1.5 dCi Ambiance,2017,244000,885000,9
dacia-duster,Dacia Duster,Dacia Duster 1.5 dCi Ambiance,2017,190000,845000,9
dacia-duster,Dacia Duster,Dacia Duster 1.5 dCi Ambiance,2017,330800,695000,9
dacia-duster,Dacia Duster,Dacia Duster 1.5 dCi Ambiance,2017,376000,775000,9
dacia-duster,Dacia Duster,Dacia Duster 1.5 dCi Ambiance,2017,345000,695000,9
dacia-duster,Dacia Duster,Dacia Duster 1.5 dCi Ambiance,2017,266000,765000,9
dacia-duster,Dacia Duster,Dacia Duster 1.5 dCi Laureate,2017,348000,710000,9
dacia-duster,Dacia Duster,Dacia Duster 1.5 dCi Ambiance,2017,169000,865000,9
dacia-duster,Dacia Duster,Dacia Duster 1.5 dCi Blackshadow,2017,319000,825000,9
dacia-duster,Dacia Duster,Dacia Duster 1.5 dCi Laureate,2017,125000,1260000,9
dacia-duster,Dacia Duster,Dacia Duster 1.5 dCi Laureate,2017,251000,710000,9
dacia-duster,Dacia Duster,Dacia Duster 1.5 dCi Ambiance,2017,532000,550000,9
dacia-duster,Dacia Duster,Dacia Duster 1.5 dCi Laureate,2017,152500,1165000,9
dacia-duster,Dacia Duster,Dacia Duster 1.5 dCi Laureate,2017,158000,1250000,9
dacia-duster,Dacia Duster,Dacia Duster 1.5 dCi Laureate,2017,207000,959000,9
dacia-duster,Dacia Duster,Dacia Duster 1.5 dCi Ambiance,2017,236000,840000,9
dacia-duster,Dacia Duster,Dacia Duster 1.5 dCi Laureate,2017,229000,765000,9
dacia-duster,Dacia Duster,Dacia Duster 1.5 dCi Ambiance,2017,273000,800000,9
dacia-duster,Dacia Duster,Dacia Duster 1.5 dCi Laureate,2017,273000,839000,9
dacia-duster,Dacia Duster,Dacia Duster 1.5 dCi Laureate,2017,197000,895000,9
dacia-duster,Dacia Duster,Dacia Duster 1.5 dCi Blackshadow,2017,196000,1025000,9
dacia-duster,Dacia Duster,Dacia Duster 1.5 dCi Laureate,2017,150000,1195000,9
dacia-duster,Dacia Duster,Dacia Duster 1.5 dCi Laureate,2017,144400,1146750,9
dacia-duster,Dacia Duster,Dacia Duster 1.5 dCi Blackshadow,2017,87000,975000,9
dacia-duster,Dacia Duster,Dacia Duster 1.5 dCi Ambiance,2017,128000,1020000,9
dacia-duster,Dacia Duster,Dacia Duster 1.5 dCi Laureate,2017,185000,1010000,9
dacia-duster,Dacia Duster,Dacia Duster 1.5 dCi Ambiance,2017,305000,810000,9
dacia-duster,Dacia Duster,Dacia Duster 1.5 dCi Blackshadow,2017,174000,980000,9
dacia-duster,Dacia Duster,Dacia Duster 1.5 dCi Laureate,2017,107000,1075000,9
dacia-duster,Dacia Duster,Dacia Duster 1.5 dCi Laureate,2017,120000,1185000,9
dacia-duster,Dacia Duster,Dacia Duster 1.5 dCi Ambiance,2017,283000,752750,9
dacia-duster,Dacia Duster,Dacia Duster 1.5 dCi Ambiance,2017,199000,885000,9
dacia-duster,Dacia Duster,Dacia Duster 1.5 dCi Laureate,2017,201000,985000,9
dacia-duster,Dacia Duster,Dacia Duster 1.5 dCi Laureate,2017,97000,1100000,9
dacia-duster,Dacia Duster,Dacia Duster 1.5 dCi Ambiance,2017,210000,960000,9
dacia-duster,Dacia Duster,Dacia Duster 1.5 dCi Laureate,2017,189000,1100000,9
dacia-duster,Dacia Duster,Dacia Duster 1.5 dCi Laureate,2017,200000,985000,9
dacia-duster,Dacia Duster,Dacia Duster 1.5 dCi Laureate,2017,260000,865000,9
dacia-duster,Dacia Duster,Dacia Duster 1.5 dCi Blackshadow,2017,122000,879000,9
dacia-duster,Dacia Duster,Dacia Duster 1.5 dCi Laureate,2017,193000,1325000,9
dacia-duster,Dacia Duster,Dacia Duster 1.5 dCi Laureate,2017,31000,1339000,9
dacia-duster,Dacia Duster,Dacia Duster 1.5 dCi Laureate,2017,178500,985000,9
dacia-duster,Dacia Duster,Dacia Duster 1.5 dCi Blackshadow,2017,68850,1325000,9
dacia-duster,Dacia Duster,Dacia Duster 1.5 dCi Laureate,2017,90000,1065000,9
dacia-duster,Dacia Duster,Dacia Duster 1.5 dCi Laureate,2017,157000,930000,9
dacia-duster,Dacia Duster,Dacia Duster 1.5 dCi Laureate,2017,142500,995000,9
dacia-duster,Dacia Duster,Dacia Duster 1.5 dCi Ambiance,2017,362000,700000,9
dacia-duster,Dacia Duster,Dacia Duster 1.5 dCi Laureate,2017,110000,1180000,9
dacia-duster,Dacia Duster,Dacia Duster 1.5 dCi Laureate,2017,166000,1315000,9
dacia-duster,Dacia Duster,Dacia Duster 1.5 dCi Ambiance,2017,271000,770000,9
dacia-duster,Dacia Duster,Dacia Duster 1.5 dCi Laureate,2017,191000,960000,9
dacia-duster,Dacia Duster,Dacia Duster 1.5 dCi Laureate,2017,285000,940000,9
dacia-duster,Dacia Duster,Dacia Duster 1.5 dCi Laureate,2017,183000,1040000,9
dacia-duster,Dacia Duster,Dacia Duster 1.5 dCi Laureate,2017,130000,1215000,9
dacia-duster,Dacia Duster,Dacia Duster 1.5 dCi Ambiance,2017,223000,851000,9
dacia-duster,Dacia Duster,Dacia Duster 1.5 dCi Laureate,2017,168000,1050000,9
dacia-duster,Dacia Duster,Dacia Duster 1.5 dCi Laureate,2017,141000,1118000,9
dacia-duster,Dacia Duster,Dacia Duster 1.5 dCi Laureate,2017,140000,1135000,9
dacia-duster,Dacia Duster,Dacia Duster 1.5 dCi Laureate,2017,61000,1115000,9
dacia-duster,Dacia Duster,Dacia Duster 1.5 dCi Laureate,2017,198000,1010000,9
dacia-duster,Dacia Duster,Dacia Duster 1.5 dCi Ambiance,2017,225000,799000,9
dacia-duster,Dacia Duster,Dacia Duster 1.5 dCi Laureate,2017,210000,715000,9
dacia-duster,Dacia Duster,Dacia Duster 1.5 dCi Laureate,2017,170000,925000,9
dacia-duster,Dacia Duster,Dacia Duster 1.5 dCi Ambiance,2017,340000,780000,9
dacia-duster,Dacia Duster,Dacia Duster 1.5 dCi Laureate,2017,194000,1170000,9
dacia-duster,Dacia Duster,Dacia Duster 1.5 dCi Ambiance,2017,190000,1100000,9
dacia-duster,Dacia Duster,Dacia Duster 1.5 dCi Laureate,2017,182000,985000,9
dacia-duster,Dacia Duster,Dacia Duster 1.5 dCi Laureate,2017,247000,860000,9
dacia-duster,Dacia Duster,Dacia Duster 1.5 dCi Laureate,2017,225000,855000,9
dacia-duster,Dacia Duster,Dacia Duster 1.5 dCi Ambiance,2017,267000,975000,9
dacia-duster,Dacia Duster,Dacia Duster 1.5 dCi Laureate,2017,201000,1000000,9
dacia-duster,Dacia Duster,Dacia Duster 1.5 dCi Ambiance,2017,205000,840000,9
dacia-duster,Dacia Duster,Dacia Duster 1.5 dCi Laureate,2017,240000,950000,9
dacia-duster,Dacia Duster,Dacia Duster 1.5 dCi Ambiance,2017,249000,920000,9
dacia-duster,Dacia Duster,Dacia Duster 1.5 dCi Laureate,2017,265000,815000,9
dacia-duster,Dacia Duster,Dacia Duster 1.5 dCi Ambiance,2017,251000,810000,9
dacia-duster,Dacia Duster,Dacia Duster 1.5 dCi Laureate,2017,187777,900000,9
dacia-duster,Dacia Duster,Dacia Duster 1.5 dCi Laureate,2017,118000,1130000,9
dacia-duster,Dacia Duster,Dacia Duster 1.5 dCi Laureate,2017,158000,1280000,9
dacia-duster,Dacia Duster,Dacia Duster 1.5 dCi Laureate,2017,310000,860000,9
dacia-duster,Dacia Duster,Dacia Duster 1.5 dCi Laureate,2017,352000,880000,9
dacia-duster,Dacia Duster,Dacia Duster 1.5 dCi Ambiance,2017,276000,795000,9
dacia-duster,Dacia Duster,Dacia Duster 1.5 dCi Laureate,2017,116000,1126661,9
dacia-duster,Dacia Duster,Dacia Duster 1.5 dCi Ambiance,2017,250000,835000,9
dacia-duster,Dacia Duster,Dacia Duster 1.5 dCi Laureate,2017,128000,1140000,9
dacia-duster,Dacia Duster,Dacia Duster 1.5 dCi Blackshadow,2017,121000,1235000,9
dacia-duster,Dacia Duster,Dacia Duster 1.5 dCi Laureate,2017,134000,1290000,9
dacia-duster,Dacia Duster,Dacia Duster 1.5 dCi Laureate,2017,126000,1150000,9
dacia-duster,Dacia Duster,Dacia Duster 1.5 dCi Comfort,2018,154378,1170000,8
dacia-duster,Dacia Duster,Dacia Duster 1.5 dCi Comfort,2018,242000,899000,8
dacia-duster,Dacia Duster,Dacia Duster 1.5 dCi Prestige,2018,185000,1300000,8
dacia-duster,Dacia Duster,Dacia Duster 1.5 dCi Prestige,2018,129000,1350000,8
dacia-duster,Dacia Duster,Dacia Duster 1.5 dCi Prestige,2018,85000,1617000,8
dacia-duster,Dacia Duster,Dacia Duster 1.5 dCi Prestige,2018,73000,1385000,8
dacia-duster,Dacia Duster,Dacia Duster 1.5 dCi Prestige,2018,137000,1265000,8
dacia-duster,Dacia Duster,Dacia Duster 1.5 dCi Prestige,2018,223000,1350000,8
dacia-duster,Dacia Duster,Dacia Duster 1.5 dCi Prestige,2018,170000,1230000,8
dacia-duster,Dacia Duster,Dacia Duster 1.5 dCi Prestige,2018,210000,1080000,8
dacia-duster,Dacia Duster,Dacia Duster 1.5 dCi Prestige,2018,199000,1099000,8
dacia-duster,Dacia Duster,Dacia Duster 1.5 dCi Prestige,2018,161000,1250000,8
dacia-duster,Dacia Duster,Dacia Duster 1.5 dCi Prestige,2018,171000,1275000,8
dacia-duster,Dacia Duster,Dacia Duster 1.5 dCi Prestige,2018,410000,740000,8
dacia-duster,Dacia Duster,Dacia Duster 1.5 dCi Prestige,2018,100100,1565000,8
dacia-duster,Dacia Duster,Dacia Duster 1.5 dCi Prestige,2018,164000,925000,8
dacia-duster,Dacia Duster,Dacia Duster 1.5 dCi Prestige,2018,215000,1040000,8
dacia-duster,Dacia Duster,Dacia Duster 1.5 dCi Prestige,2018,238000,950000,8
dacia-duster,Dacia Duster,Dacia Duster 1.5 dCi Prestige,2018,190000,980000,8
dacia-duster,Dacia Duster,Dacia Duster 1.5 dCi Prestige,2018,162000,898500,8
dacia-duster,Dacia Duster,Dacia Duster 1.5 dCi Comfort,2018,167000,1150000,8
dacia-duster,Dacia Duster,Dacia Duster 1.5 dCi Prestige,2018,148000,1259000,8
dacia-duster,Dacia Duster,Dacia Duster 1.5 dCi Prestige,2018,136800,1550000,8
dacia-duster,Dacia Duster,Dacia Duster 1.5 dCi Prestige,2018,222000,824000,8
dacia-duster,Dacia Duster,Dacia Duster 1.5 dCi Prestige,2018,145200,1350000,8
dacia-duster,Dacia Duster,Dacia Duster 1.5 dCi Prestige,2018,216000,1300000,8
dacia-duster,Dacia Duster,Dacia Duster 1.5 dCi Prestige,2018,100000,1510000,8
dacia-duster,Dacia Duster,Dacia Duster 1.2 Tce Prestige,2018,74000,970000,8
dacia-duster,Dacia Duster,Dacia Duster 1.5 BlueDCI Comfort,2018,131061,1069000,8
dacia-duster,Dacia Duster,Dacia Duster 1.5 dCi Prestige,2018,230000,1115000,8
dacia-duster,Dacia Duster,Dacia Duster 1.5 dCi Prestige,2018,188000,1190000,8
dacia-duster,Dacia Duster,Dacia Duster 1.5 dCi Prestige,2018,150000,845000,8
dacia-duster,Dacia Duster,Dacia Duster 1.5 dCi Comfort,2018,139000,1175000,8
dacia-duster,Dacia Duster,Dacia Duster 1.5 dCi Comfort,2018,109900,1134000,8
dacia-duster,Dacia Duster,Dacia Duster 1.5 dCi Comfort,2018,132000,1120000,8
dacia-duster,Dacia Duster,Dacia Duster 1.5 dCi Comfort,2018,233000,959999,8
dacia-duster,Dacia Duster,Dacia Duster 1.5 dCi Comfort,2018,150166,1140000,8
dacia-duster,Dacia Duster,Dacia Duster 1.5 dCi Comfort,2018,165000,1040000,8
dacia-duster,Dacia Duster,Dacia Duster 1.5 dCi Prestige,2018,144500,1229900,8
dacia-duster,Dacia Duster,Dacia Duster 1.5 dCi Comfort,2018,196000,1215000,8
dacia-duster,Dacia Duster,Dacia Duster 1.5 dCi Comfort,2018,164000,1050000,8
dacia-duster,Dacia Duster,Dacia Duster 1.5 dCi Laureate,2018,317000,749000,8
dacia-duster,Dacia Duster,Dacia Duster 1.5 dCi Prestige,2018,78000,1295000,8
dacia-duster,Dacia Duster,Dacia Duster 1.2 Tce Prestige,2018,100000,989000,8
dacia-duster,Dacia Duster,Dacia Duster 1.5 dCi Comfort,2018,207500,999900,8
dacia-duster,Dacia Duster,Dacia Duster 1.6 Comfort,2018,99700,1044750,8
dacia-duster,Dacia Duster,Dacia Duster 1.5 dCi Prestige,2018,226000,915000,8
dacia-duster,Dacia Duster,Dacia Duster 1.5 dCi Comfort,2018,185000,1150000,8
dacia-duster,Dacia Duster,Dacia Duster 1.5 dCi Prestige,2018,149100,1215000,8
dacia-duster,Dacia Duster,Dacia Duster 1.5 dCi Comfort,2018,196000,1085000,8
dacia-duster,Dacia Duster,Dacia Duster 1.5 dCi Prestige,2018,170000,1195000,8
dacia-duster,Dacia Duster,Dacia Duster 1.5 dCi Prestige,2018,66000,1429900,8
dacia-duster,Dacia Duster,Dacia Duster 1.6 Sce Comfort,2018,150000,1000000,8
dacia-duster,Dacia Duster,Dacia Duster 1.5 dCi Comfort,2018,303000,845000,8
dacia-duster,Dacia Duster,Dacia Duster 1.5 dCi Comfort,2018,255000,870000,8
dacia-duster,Dacia Duster,Dacia Duster 1.5 dCi Comfort,2018,254000,975000,8
dacia-duster,Dacia Duster,Dacia Duster 1.5 dCi Prestige,2018,198000,1100000,8
dacia-duster,Dacia Duster,Dacia Duster 1.5 dCi Prestige,2018,320000,700000,8
dacia-duster,Dacia Duster,Dacia Duster 1.5 dCi Prestige,2018,142000,1385000,8
dacia-duster,Dacia Duster,Dacia Duster 1.5 dCi Prestige,2018,63000,1500000,8
dacia-duster,Dacia Duster,Dacia Duster 1.5 dCi Prestige,2018,137000,1375000,8
dacia-duster,Dacia Duster,Dacia Duster 1.5 dCi Comfort,2018,220000,950000,8
dacia-duster,Dacia Duster,Dacia Duster 1.5 dCi Comfort,2018,260000,989500,8
dacia-duster,Dacia Duster,Dacia Duster 1.5 dCi Prestige,2018,196000,1150000,8
dacia-duster,Dacia Duster,Dacia Duster 1.5 dCi Prestige,2018,435000,1000000,8
dacia-duster,Dacia Duster,Dacia Duster 1.5 dCi Prestige,2018,155000,1325000,8
dacia-duster,Dacia Duster,Dacia Duster 1.5 dCi Comfort,2018,272000,845000,8
dacia-duster,Dacia Duster,Dacia Duster 1.5 dCi Prestige,2018,279000,930000,8
dacia-duster,Dacia Duster,Dacia Duster 1.5 dCi Prestige,2018,155000,1475000,8
dacia-duster,Dacia Duster,Dacia Duster 1.5 dCi Laureate,2018,211000,910000,8
dacia-duster,Dacia Duster,Dacia Duster 1.5 dCi Comfort,2018,186000,1089999,8
dacia-duster,Dacia Duster,Dacia Duster 1.5 dCi Comfort,2018,225000,949750,8
dacia-duster,Dacia Duster,Dacia Duster 1.5 dCi Comfort,2018,174700,1150000,8
dacia-duster,Dacia Duster,Dacia Duster 1.6 Sce Comfort,2018,61100,1150000,8
dacia-duster,Dacia Duster,Dacia Duster 1.5 dCi Comfort,2018,332000,780000,8
dacia-duster,Dacia Duster,Dacia Duster 1.5 dCi Comfort,2018,32000,1449000,8
dacia-duster,Dacia Duster,Dacia Duster 1.5 BlueDCI Comfort,2018,245000,899000,8
dacia-duster,Dacia Duster,Dacia Duster 1.5 dCi Comfort,2018,149000,1320000,8
dacia-duster,Dacia Duster,Dacia Duster 1.5 dCi Prestige,2018,153500,1580000,8
dacia-duster,Dacia Duster,Dacia Duster 1.5 dCi Prestige,2018,105000,1165000,8
dacia-duster,Dacia Duster,Dacia Duster 1.5 dCi Prestige,2018,137000,1280000,8
dacia-duster,Dacia Duster,Dacia Duster 1.6 Ambiance,2018,73000,1130000,8
dacia-duster,Dacia Duster,Dacia Duster 1.5 dCi Prestige,2018,77000,1239000,8
dacia-duster,Dacia Duster,Dacia Duster 1.5 dCi Comfort,2018,375000,725000,8
dacia-duster,Dacia Duster,Dacia Duster 1.5 dCi Prestige,2018,87000,1550000,8
dacia-duster,Dacia Duster,Dacia Duster 1.5 dCi Prestige,2018,87000,1550000,8
dacia-duster,Dacia Duster,Dacia Duster 1.5 dCi Prestige,2018,161000,1330000,8
dacia-duster,Dacia Duster,Dacia Duster 1.5 dCi Comfort,2018,145000,1270000,8
dacia-duster,Dacia Duster,Dacia Duster 1.5 dCi Prestige,2018,190000,1115000,8
dacia-duster,Dacia Duster,Dacia Duster 1.6 Sce Comfort,2018,101000,1189000,8
dacia-duster,Dacia Duster,Dacia Duster 1.5 dCi Prestige,2018,143000,1450000,8
dacia-duster,Dacia Duster,Dacia Duster 1.5 dCi Comfort,2018,164000,990000,8
dacia-duster,Dacia Duster,Dacia Duster 1.5 dCi Prestige,2018,185500,1120000,8
dacia-duster,Dacia Duster,Dacia Duster 1.2 Tce Prestige,2018,51000,1175000,8
dacia-duster,Dacia Duster,Dacia Duster 1.6 Sce Comfort,2018,112000,899000,8
dacia-duster,Dacia Duster,Dacia Duster 1.5 dCi Prestige,2018,55000,1300000,8
dacia-duster,Dacia Duster,Dacia Duster 1.5 dCi Comfort,2018,207900,1000000,8
dacia-duster,Dacia Duster,Dacia Duster 1.5 dCi Prestige,2018,98000,1375000,8
dacia-duster,Dacia Duster,Dacia Duster 1.5 dCi Prestige,2018,192000,1155000,8
dacia-duster,Dacia Duster,Dacia Duster 1.5 dCi Prestige,2018,86000,1105000,8
dacia-duster,Dacia Duster,Dacia Duster 1.5 dCi Prestige,2018,186000,1030000,8
dacia-duster,Dacia Duster,Dacia Duster 1.5 dCi Comfort,2018,155000,1185000,8
dacia-duster,Dacia Duster,Dacia Duster 1.5 dCi Comfort,2018,145000,1199000,8
dacia-duster,Dacia Duster,Dacia Duster 1.5 dCi Comfort,2018,228000,940000,8
dacia-duster,Dacia Duster,Dacia Duster 1.5 dCi Comfort,2018,189000,1165000,8
dacia-duster,Dacia Duster,Dacia Duster 1.5 dCi Comfort,2018,195000,949990,8
dacia-duster,Dacia Duster,Dacia Duster 1.5 dCi Comfort,2018,351000,861000,8
dacia-duster,Dacia Duster,Dacia Duster 1.5 dCi Comfort,2018,351000,861000,8
dacia-duster,Dacia Duster,Dacia Duster 1.5 dCi Comfort,2018,300000,900000,8
dacia-duster,Dacia Duster,Dacia Duster 1.5 dCi Comfort,2018,282000,980000,8
dacia-duster,Dacia Duster,Dacia Duster 1.5 dCi Prestige,2018,188000,1225000,8
dacia-duster,Dacia Duster,Dacia Duster 1.5 dCi Prestige,2018,109500,1300000,8
dacia-duster,Dacia Duster,Dacia Duster 1.5 BlueDCI Comfort,2019,236500,940000,7
dacia-duster,Dacia Duster,Dacia Duster 1.3 Tce Prestige,2019,182000,1050000,7
dacia-duster,Dacia Duster,Dacia Duster 1.5 BlueDCI Comfort,2019,175000,1100000,7
dacia-duster,Dacia Duster,Dacia Duster 1.0 Tce Comfort,2019,49000,1069000,7
dacia-duster,Dacia Duster,Dacia Duster 1.6 Sce Comfort,2019,65000,1165000,7
dacia-duster,Dacia Duster,Dacia Duster 1.3 Tce Prestige,2019,114000,1135000,7
dacia-duster,Dacia Duster,Dacia Duster 1.6 Sce Comfort,2019,96500,1030000,7
dacia-duster,Dacia Duster,Dacia Duster 1.6 Comfort,2019,77000,1080000,7
dacia-duster,Dacia Duster,Dacia Duster 1.5 BlueDCI Comfort,2019,226000,960000,7
dacia-duster,Dacia Duster,Dacia Duster 1.3 Tce Prestige,2019,232644,899900,7
dacia-duster,Dacia Duster,Dacia Duster 1.6 Sce Comfort,2019,43000,1215000,7
dacia-duster,Dacia Duster,Dacia Duster 1.6 Sce Prestige,2019,168000,1049900,7
dacia-duster,Dacia Duster,Dacia Duster 1.3 Tce Prestige Plus,2019,100000,1085000,7
dacia-duster,Dacia Duster,Dacia Duster 1.3 Tce Prestige,2019,199000,965000,7
dacia-duster,Dacia Duster,Dacia Duster 1.5 BlueDCI Comfort,2019,225000,920000,7
dacia-duster,Dacia Duster,Dacia Duster 1.5 BlueDCI Comfort,2019,292000,715000,7
dacia-duster,Dacia Duster,Dacia Duster 1.6 Sce Prestige,2019,135000,1070000,7
dacia-duster,Dacia Duster,Dacia Duster 1.6 Sce Prestige,2019,89300,1050000,7
dacia-duster,Dacia Duster,Dacia Duster 1.6 Sce Comfort,2019,16000,1170000,7
dacia-duster,Dacia Duster,Dacia Duster 1.3 Tce Techroad,2019,236000,985000,7
dacia-duster,Dacia Duster,Dacia Duster 1.0 Tce ECO-G Comfort,2019,95000,1019900,7
dacia-duster,Dacia Duster,Dacia Duster 1.6 Sce Comfort,2019,110000,1060000,7
dacia-duster,Dacia Duster,Dacia Duster 1.3 Tce Prestige,2019,100000,1190000,7
dacia-duster,Dacia Duster,Dacia Duster 1.6 Sce Comfort,2019,118000,1025000,7
dacia-duster,Dacia Duster,Dacia Duster 1.0 Tce Comfort,2019,170000,900000,7
dacia-duster,Dacia Duster,Dacia Duster 1.3 Tce Comfort,2019,182000,1245000,7
dacia-duster,Dacia Duster,Dacia Duster 1.0 Tce Comfort,2019,71000,980000,7
dacia-duster,Dacia Duster,Dacia Duster 1.3 Tce Comfort,2019,77000,1240000,7
dacia-duster,Dacia Duster,Dacia Duster 1.6 Comfort,2019,80000,1030000,7
dacia-duster,Dacia Duster,Dacia Duster 1.6 Sce Comfort,2019,137926,950000,7
dacia-duster,Dacia Duster,Dacia Duster 1.3 Tce Comfort,2019,160000,920000,7
dacia-duster,Dacia Duster,Dacia Duster 1.3 Tce Comfort,2019,175000,925000,7
dacia-duster,Dacia Duster,Dacia Duster 1.5 BlueDCI Comfort,2019,140000,1125000,7
dacia-duster,Dacia Duster,Dacia Duster 1.6 Sce Comfort,2019,146095,870000,7
dacia-duster,Dacia Duster,Dacia Duster 1.5 BlueDCI Comfort,2019,191000,1060000,7
dacia-duster,Dacia Duster,Dacia Duster 1.5 BlueDCI Comfort,2019,149000,1255000,7
dacia-duster,Dacia Duster,Dacia Duster 1.5 BlueDCI Comfort,2019,160000,1075000,7
dacia-duster,Dacia Duster,Dacia Duster 1.5 BlueDCI Comfort,2019,238000,945000,7
dacia-duster,Dacia Duster,Dacia Duster 1.5 BlueDCI Comfort,2019,214000,1045000,7
dacia-duster,Dacia Duster,Dacia Duster 1.5 BlueDCI Prestige,2019,241000,1099950,7
dacia-duster,Dacia Duster,Dacia Duster 1.5 BlueDCI Comfort,2019,225000,919000,7
dacia-duster,Dacia Duster,Dacia Duster 1.5 BlueDCI Comfort,2019,189000,950000,7
dacia-duster,Dacia Duster,Dacia Duster 1.0 Tce Comfort,2019,85000,960000,7
dacia-duster,Dacia Duster,Dacia Duster 1.3 Tce Prestige,2019,85000,1130000,7
dacia-duster,Dacia Duster,Dacia Duster 1.3 Tce Prestige,2019,254000,845000,7
dacia-duster,Dacia Duster,Dacia Duster 1.3 Tce Prestige,2019,110000,1150000,7
dacia-duster,Dacia Duster,Dacia Duster 1.3 Tce Comfort,2019,86000,1140000,7
dacia-duster,Dacia Duster,Dacia Duster 1.0 Tce Comfort,2019,61000,1060000,7
dacia-duster,Dacia Duster,Dacia Duster 1.3 Tce Prestige,2019,171000,1030000,7
dacia-duster,Dacia Duster,Dacia Duster 1.5 BlueDCI Comfort,2019,210000,1150000,7
dacia-duster,Dacia Duster,Dacia Duster 1.3 Tce Comfort,2019,93000,1250000,7
dacia-duster,Dacia Duster,Dacia Duster 1.6 Sce Comfort,2019,130000,1150000,7
dacia-duster,Dacia Duster,Dacia Duster 1.6 Sce Comfort,2019,157000,957500,7
dacia-duster,Dacia Duster,Dacia Duster 1.6 Sce Comfort,2019,90000,1065000,7
dacia-duster,Dacia Duster,Dacia Duster 1.5 dCi Prestige,2019,233977,989900,7
dacia-duster,Dacia Duster,Dacia Duster 1.3 Tce Prestige,2019,228094,889900,7
dacia-duster,Dacia Duster,Dacia Duster 1.6 Sce Comfort,2019,114000,1065000,7
dacia-duster,Dacia Duster,Dacia Duster 1.6 Sce Comfort,2019,89500,915000,7
dacia-duster,Dacia Duster,Dacia Duster 1.3 Tce Prestige,2019,62000,1225000,7
dacia-duster,Dacia Duster,Dacia Duster 1.6 Comfort,2019,97000,960000,7
dacia-duster,Dacia Duster,Dacia Duster 1.6 Comfort,2019,88000,925000,7
dacia-duster,Dacia Duster,Dacia Duster 1.3 Tce Comfort,2019,110000,1225000,7
dacia-duster,Dacia Duster,Dacia Duster 1.5 BlueDCI Techroad,2019,225000,1220000,7
dacia-duster,Dacia Duster,Dacia Duster 1.5 BlueDCI Comfort,2019,202000,995000,7
dacia-duster,Dacia Duster,Dacia Duster 1.5 BlueDCI Comfort,2019,117500,1179000,7
dacia-duster,Dacia Duster,Dacia Duster 1.3 Tce Comfort,2019,86121,1069000,7
dacia-duster,Dacia Duster,Dacia Duster 1.5 BlueDCI Comfort,2019,238000,965000,7
dacia-duster,Dacia Duster,Dacia Duster 1.5 BlueDCI Comfort,2019,156000,1160000,7
dacia-duster,Dacia Duster,Dacia Duster 1.3 Tce Prestige,2019,100000,1099000,7
dacia-duster,Dacia Duster,Dacia Duster 1.3 Tce Prestige,2019,40500,1250000,7
dacia-duster,Dacia Duster,Dacia Duster 1.6 Sce Comfort,2019,57774,1140000,7
dacia-duster,Dacia Duster,Dacia Duster 1.5 BlueDCI Prestige Plus,2019,255000,1195000,7
dacia-duster,Dacia Duster,Dacia Duster 1.5 BlueDCI Prestige,2019,207000,1120000,7
dacia-duster,Dacia Duster,Dacia Duster 1.5 BlueDCI Comfort,2019,246000,965000,7
dacia-duster,Dacia Duster,Dacia Duster 1.5 BlueDCI Comfort,2019,181000,1099000,7
dacia-duster,Dacia Duster,Dacia Duster 1.5 BlueDCI Comfort,2019,178000,1030000,7
dacia-duster,Dacia Duster,Dacia Duster 1.5 BlueDCI Comfort,2019,247000,885000,7
dacia-duster,Dacia Duster,Dacia Duster 1.6 Sce Comfort,2019,73000,1170000,7
dacia-duster,Dacia Duster,Dacia Duster 1.6 Sce Comfort,2019,98000,830000,7
dacia-duster,Dacia Duster,Dacia Duster 1.6 Sce Comfort,2019,81000,1100000,7
dacia-duster,Dacia Duster,Dacia Duster 1.3 Tce Prestige,2019,312000,895000,7
dacia-duster,Dacia Duster,Dacia Duster 1.0 Tce Comfort,2019,160000,880000,7
dacia-duster,Dacia Duster,Dacia Duster 1.5 BlueDCI Comfort,2019,155000,1250000,7
dacia-duster,Dacia Duster,Dacia Duster 1.6 Sce Comfort,2019,64000,1120000,7
dacia-duster,Dacia Duster,Dacia Duster 1.6 Sce Comfort,2019,52000,1046000,7
dacia-duster,Dacia Duster,Dacia Duster 1.6 Sce Comfort,2019,60000,1250000,7
dacia-duster,Dacia Duster,Dacia Duster 1.5 BlueDCI Comfort,2019,260000,859000,7
dacia-duster,Dacia Duster,Dacia Duster 1.0 Tce Comfort,2019,81000,960000,7
dacia-duster,Dacia Duster,Dacia Duster 1.3 Tce Prestige,2019,86891,1100000,7
dacia-duster,Dacia Duster,Dacia Duster 1.5 BlueDCI Comfort,2019,137000,1100000,7
dacia-duster,Dacia Duster,Dacia Duster 1.3 Tce Prestige,2019,72200,1090000,7
dacia-duster,Dacia Duster,Dacia Duster 1.5 BlueDCI Comfort,2019,133000,1265000,7
dacia-duster,Dacia Duster,Dacia Duster 1.6 Sce Prestige,2019,79750,1175000,7
dacia-duster,Dacia Duster,Dacia Duster 1.5 BlueDCI Comfort,2019,200000,1100000,7
dacia-duster,Dacia Duster,Dacia Duster 1.3 Tce Comfort,2019,103500,1290000,7
dacia-duster,Dacia Duster,Dacia Duster 1.6 Sce Comfort,2019,208000,930000,7
dacia-duster,Dacia Duster,Dacia Duster 1.6 Sce Prestige,2019,83000,1160000,7
dacia-duster,Dacia Duster,Dacia Duster 1.6 Sce Comfort,2019,216000,785000,7
dacia-duster,Dacia Duster,Dacia Duster 1.6 Sce Comfort,2019,174000,810000,7
dacia-duster,Dacia Duster,Dacia Duster 1.6 Sce Comfort,2019,218000,870000,7
dacia-duster,Dacia Duster,Dacia Duster 1.3 Tce Prestige Plus,2019,100000,1250000,7
dacia-duster,Dacia Duster,Dacia Duster 1.5 BlueDCI Techroad,2019,225000,1260000,7
dacia-duster,Dacia Duster,Dacia Duster 1.6 Sce Prestige,2019,114000,1010000,7
dacia-duster,Dacia Duster,Dacia Duster 1.0 Tce Comfort,2019,121000,985000,7
dacia-duster,Dacia Duster,Dacia Duster 1.3 Tce Prestige,2019,67000,1199000,7
dacia-duster,Dacia Duster,Dacia Duster 1.6 Sce Comfort,2019,163000,930000,7
dacia-duster,Dacia Duster,Dacia Duster 1.3 Tce Comfort,2019,63000,1220000,7
dacia-duster,Dacia Duster,Dacia Duster 1.3 Tce Comfort,2019,58000,1025000,7
dacia-duster,Dacia Duster,Dacia Duster 1.5 BlueDCI Comfort,2019,179000,1085000,7
dacia-duster,Dacia Duster,Dacia Duster 1.5 BlueDCI Comfort,2019,180000,1145000,7
dacia-duster,Dacia Duster,Dacia Duster 1.3 Tce Prestige,2019,163000,1130000,7
dacia-duster,Dacia Duster,Dacia Duster 1.6 Sce Comfort,2019,81000,1050000,7
dacia-duster,Dacia Duster,Dacia Duster 1.5 BlueDCI Comfort,2019,198000,1225000,7
dacia-duster,Dacia Duster,Dacia Duster 1.0 Tce Prestige,2020,85800,1000000,6
dacia-duster,Dacia Duster,Dacia Duster 1.0 Tce Comfort,2020,51000,1050000,6
dacia-duster,Dacia Duster,Dacia Duster 1.6 Sce Comfort,2020,76000,1150000,6
dacia-duster,Dacia Duster,Dacia Duster 1.6 Sce Comfort,2020,145000,990000,6
dacia-duster,Dacia Duster,Dacia Duster 1.5 BlueDCI Comfort,2020,230000,910000,6
dacia-duster,Dacia Duster,Dacia Duster 1.6 Sce Prestige,2020,68000,1140000,6
dacia-duster,Dacia Duster,Dacia Duster 1.6 Sce Prestige,2020,85000,1169000,6
dacia-duster,Dacia Duster,Dacia Duster 1.6 Sce Comfort,2020,240000,870000,6
dacia-duster,Dacia Duster,Dacia Duster 1.6 Sce Comfort,2020,142000,1017500,6
dacia-duster,Dacia Duster,Dacia Duster 1.3 Tce Prestige,2020,57000,1245000,6
dacia-duster,Dacia Duster,Dacia Duster 1.6 Sce Comfort,2020,85000,1070000,6
dacia-duster,Dacia Duster,Dacia Duster 1.6 Sce Comfort,2020,85000,1160000,6
dacia-duster,Dacia Duster,Dacia Duster 1.3 Tce Prestige,2020,93000,1355000,6
dacia-duster,Dacia Duster,Dacia Duster 1.5 BlueDCI Prestige Plus,2020,223000,1180000,6
dacia-duster,Dacia Duster,Dacia Duster 1.5 BlueDCI Prestige,2020,152000,1130000,6
dacia-duster,Dacia Duster,Dacia Duster 1.5 BlueDCI Comfort,2020,155000,1180000,6
dacia-duster,Dacia Duster,Dacia Duster 1.3 Tce Comfort,2020,67000,1370000,6
dacia-duster,Dacia Duster,Dacia Duster 1.0 Tce Comfort,2020,79000,1080000,6
dacia-duster,Dacia Duster,Dacia Duster 1.6 Sce Comfort,2020,90000,990000,6
dacia-duster,Dacia Duster,Dacia Duster 1.5 BlueDCI Comfort,2020,118000,1350000,6
dacia-duster,Dacia Duster,Dacia Duster 1.0 Tce Comfort,2020,41000,929000,6
dacia-duster,Dacia Duster,Dacia Duster 1.5 BlueDCI Comfort,2020,118500,1160000,6
dacia-duster,Dacia Duster,Dacia Duster 1.6 Sce Comfort,2020,101000,1070000,6
dacia-duster,Dacia Duster,Dacia Duster 1.0 Tce Comfort,2020,159000,850000,6
dacia-duster,Dacia Duster,Dacia Duster 1.6 Sce Prestige,2020,108000,1075000,6
dacia-duster,Dacia Duster,Dacia Duster 1.5 BlueDCI Comfort,2020,207000,889000,6
dacia-duster,Dacia Duster,Dacia Duster 1.0 Tce Comfort,2020,76000,1009900,6
dacia-duster,Dacia Duster,Dacia Duster 1.6 Sce Comfort,2020,69000,1100000,6
dacia-duster,Dacia Duster,Dacia Duster 1.6 Sce Prestige,2020,129000,1119000,6
dacia-duster,Dacia Duster,Dacia Duster 1.0 Tce Comfort,2020,107000,940000,6
dacia-duster,Dacia Duster,Dacia Duster 1.5 BlueDCI Comfort,2020,137500,1250000,6
dacia-duster,Dacia Duster,Dacia Duster 1.5 BlueDCI Comfort,2020,225000,1050000,6
dacia-duster,Dacia Duster,Dacia Duster 1.5 BlueDCI Comfort,2020,211435,969900,6
dacia-duster,Dacia Duster,Dacia Duster 1.5 BlueDCI Comfort,2020,243000,1090000,6
dacia-duster,Dacia Duster,Dacia Duster 1.3 Tce Prestige,2020,100000,1195000,6
dacia-duster,Dacia Duster,Dacia Duster 1.0 Tce Comfort,2020,195000,939000,6
dacia-duster,Dacia Duster,Dacia Duster 1.0 Tce Comfort,2020,101000,1015000,6
dacia-duster,Dacia Duster,Dacia Duster 1.6 Sce Comfort,2020,120000,985000,6
dacia-duster,Dacia Duster,Dacia Duster 1.6 Sce Prestige,2020,102000,1159900,6
dacia-duster,Dacia Duster,Dacia Duster 1.5 BlueDCI Prestige,2020,170000,1089000,6
dacia-duster,Dacia Duster,Dacia Duster 1.5 BlueDCI Comfort,2020,243000,950000,6
dacia-duster,Dacia Duster,Dacia Duster 1.6 Sce Comfort,2020,247000,919000,6
dacia-duster,Dacia Duster,Dacia Duster 1.6 Sce Comfort,2020,58000,1160000,6
dacia-duster,Dacia Duster,Dacia Duster 1.0 Tce Comfort,2020,82000,975000,6
dacia-duster,Dacia Duster,Dacia Duster 1.6 Sce Prestige,2020,56500,1285000,6
dacia-duster,Dacia Duster,Dacia Duster 1.5 BlueDCI Prestige,2020,100779,1400000,6
dacia-duster,Dacia Duster,Dacia Duster 1.5 BlueDCI Comfort,2020,175993,1015000,6
dacia-duster,Dacia Duster,Dacia Duster 1.0 Tce Comfort,2020,89250,1080000,6
dacia-duster,Dacia Duster,Dacia Duster 1.5 BlueDCI Comfort,2020,299000,1000000,6
dacia-duster,Dacia Duster,Dacia Duster 1.6 Sce Prestige,2020,80000,1150000,6
dacia-duster,Dacia Duster,Dacia Duster 1.3 Tce Comfort,2020,64000,1365000,6
dacia-duster,Dacia Duster,Dacia Duster 1.6 Sce Prestige,2020,179000,999750,6
dacia-duster,Dacia Duster,Dacia Duster 1.6 Sce Comfort,2020,158000,725000,6
dacia-duster,Dacia Duster,Dacia Duster 1.0 Tce Comfort,2020,70600,1020000,6
dacia-duster,Dacia Duster,Dacia Duster 1.3 Tce Prestige,2020,155000,845000,6
dacia-duster,Dacia Duster,Dacia Duster 1.5 BlueDCI Comfort,2020,179500,1089000,6
dacia-duster,Dacia Duster,Dacia Duster 1.5 BlueDCI Comfort,2020,76500,1375000,6
dacia-duster,Dacia Duster,Dacia Duster 1.5 BlueDCI Comfort,2020,73000,1280000,6
dacia-duster,Dacia Duster,Dacia Duster 1.5 BlueDCI Comfort,2020,136000,1250000,6
dacia-duster,Dacia Duster,Dacia Duster 1.5 BlueDCI Comfort,2020,103000,1150000,6
dacia-duster,Dacia Duster,Dacia Duster 1.5 BlueDCI Comfort,2020,165000,1125000,6
dacia-duster,Dacia Duster,Dacia Duster 1.5 BlueDCI Comfort,2020,172000,1077000,6
dacia-duster,Dacia Duster,Dacia Duster 1.5 BlueDCI Comfort,2020,150000,1120000,6
dacia-duster,Dacia Duster,Dacia Duster 1.5 BlueDCI Prestige,2020,176000,1125000,6
dacia-duster,Dacia Duster,Dacia Duster 1.5 BlueDCI Comfort,2020,120000,1115000,6
dacia-duster,Dacia Duster,Dacia Duster 1.5 BlueDCI Comfort,2020,160800,1099000,6
dacia-duster,Dacia Duster,Dacia Duster 1.5 BlueDCI Comfort,2020,103450,1050000,6
dacia-duster,Dacia Duster,Dacia Duster 1.5 BlueDCI Comfort,2020,204500,899000,6
dacia-duster,Dacia Duster,Dacia Duster 1.5 BlueDCI Comfort,2020,340000,899000,6
dacia-duster,Dacia Duster,Dacia Duster 1.5 BlueDCI Comfort,2020,172000,1039000,6
dacia-duster,Dacia Duster,Dacia Duster 1.5 BlueDCI Comfort,2020,250000,885000,6
dacia-duster,Dacia Duster,Dacia Duster 1.5 BlueDCI Comfort,2020,156000,950000,6
dacia-duster,Dacia Duster,Dacia Duster 1.0 Tce Comfort,2020,35000,1099000,6
dacia-duster,Dacia Duster,Dacia Duster 1.3 Tce Prestige,2020,93051,1295000,6
dacia-duster,Dacia Duster,Dacia Duster 1.5 BlueDCI Comfort,2020,184000,1120000,6
dacia-duster,Dacia Duster,Dacia Duster 1.5 BlueDCI Comfort,2020,117500,1145000,6
dacia-duster,Dacia Duster,Dacia Duster 1.5 BlueDCI Comfort,2020,61000,1375000,6
dacia-duster,Dacia Duster,Dacia Duster 1.6 Sce Prestige,2020,84000,1250000,6
dacia-duster,Dacia Duster,Dacia Duster 1.6 Sce Comfort,2020,70500,1149000,6
dacia-duster,Dacia Duster,Dacia Duster 1.6 Sce Prestige,2020,74500,1259000,6
dacia-duster,Dacia Duster,Dacia Duster 1.6 Sce Prestige,2020,70000,1300000,6
dacia-duster,Dacia Duster,Dacia Duster 1.6 Sce Prestige,2020,118600,1045000,6
dacia-duster,Dacia Duster,Dacia Duster 1.6 Sce Comfort,2020,85000,1090000,6
dacia-duster,Dacia Duster,Dacia Duster 1.6 Sce Comfort,2020,210000,925000,6
dacia-duster,Dacia Duster,Dacia Duster 1.6 Sce Comfort,2020,90177,1096000,6
dacia-duster,Dacia Duster,Dacia Duster 1.6 Sce Prestige,2020,59850,1030000,6
dacia-duster,Dacia Duster,Dacia Duster 1.0 Tce ECO-G Prestige,2020,43000,1200000,6
dacia-duster,Dacia Duster,Dacia Duster 1.6 Sce Comfort,2020,159000,1050000,6
dacia-duster,Dacia Duster,Dacia Duster 1.6 Sce Comfort,2020,59000,1165000,6
dacia-duster,Dacia Duster,Dacia Duster 1.6 Comfort,2020,112000,770000,6
dacia-duster,Dacia Duster,Dacia Duster 1.0 Tce Comfort,2020,137500,889999,6
dacia-duster,Dacia Duster,Dacia Duster 1.6 Sce Comfort,2020,113000,989000,6
dacia-duster,Dacia Duster,Dacia Duster 1.5 BlueDCI Comfort,2020,160000,1098900,6
dacia-duster,Dacia Duster,Dacia Duster 1.3 Tce Prestige,2020,112000,1362500,6
dacia-duster,Dacia Duster,Dacia Duster 1.6 Sce Comfort,2020,185000,815000,6
dacia-duster,Dacia Duster,Dacia Duster 1.6 Sce Prestige,2020,150000,1050000,6
dacia-duster,Dacia Duster,Dacia Duster 1.6 Sce Comfort,2020,61000,1150000,6
dacia-duster,Dacia Duster,Dacia Duster 1.5 BlueDCI Comfort,2020,210000,1000000,6
dacia-duster,Dacia Duster,Dacia Duster 1.0 Tce Comfort,2020,156000,740000,6
dacia-duster,Dacia Duster,Dacia Duster 1.5 BlueDCI Comfort,2020,161000,1115000,6
dacia-duster,Dacia Duster,Dacia Duster 1.0 Tce Comfort,2020,167000,719000,6
dacia-duster,Dacia Duster,Dacia Duster 1.3 Tce Prestige,2020,97714,1125000,6
dacia-duster,Dacia Duster,Dacia Duster 1.6 Sce Comfort,2020,86500,1120000,6
dacia-duster,Dacia Duster,Dacia Duster 1.6 Sce Prestige,2020,76000,1140000,6
dacia-duster,Dacia Duster,Dacia Duster 1.6 Sce Comfort,2020,216643,859000,6
dacia-duster,Dacia Duster,Dacia Duster 1.0 Tce Comfort,2020,111000,910000,6
dacia-duster,Dacia Duster,Dacia Duster 1.0 Tce Comfort,2020,83500,1145000,6
dacia-duster,Dacia Duster,Dacia Duster 1.5 BlueDCI Prestige,2020,246000,1020000,6
dacia-duster,Dacia Duster,Dacia Duster 1.5 BlueDCI Comfort,2020,177000,1045000,6
dacia-duster,Dacia Duster,Dacia Duster 1.5 BlueDCI Comfort,2020,233591,890000,6
dacia-duster,Dacia Duster,Dacia Duster 1.6 Sce Prestige,2020,80000,1175000,6
dacia-duster,Dacia Duster,Dacia Duster 1.0 Tce Comfort,2020,72000,840000,6
dacia-duster,Dacia Duster,Dacia Duster 1.6 Sce Comfort,2020,110000,984000,6
dacia-duster,Dacia Duster,Dacia Duster 1.5 BlueDCI Comfort,2020,189000,1060000,6
dacia-duster,Dacia Duster,Dacia Duster 1.5 BlueDCI Comfort,2020,194000,1100000,6
dacia-duster,Dacia Duster,Dacia Duster 1.5 BlueDCI Comfort,2020,219800,950000,6
dacia-duster,Dacia Duster,Dacia Duster 1.6 Sce Comfort,2020,182000,920000,6
dacia-duster,Dacia Duster,Dacia Duster 1.0 Tce Comfort,2020,83000,980000,6
dacia-duster,Dacia Duster,Dacia Duster 1.5 BlueDCI Comfort,2020,115000,1215000,6
dacia-duster,Dacia Duster,Dacia Duster 1.5 BlueDCI Comfort,2020,182000,1150000,6
dacia-duster,Dacia Duster,Dacia Duster 1.6 Sce Prestige,2020,113000,1080000,6
dacia-duster,Dacia Duster,Dacia Duster 1.6 Sce Prestige,2020,78000,1190000,6
dacia-duster,Dacia Duster,Dacia Duster 1.5 BlueDCI Comfort,2020,175000,1015000,6
dacia-duster,Dacia Duster,Dacia Duster 1.6 Sce Comfort,2020,189000,940000,6
dacia-duster,Dacia Duster,Dacia Duster 1.5 BlueDCI Comfort,2020,114000,1259750,6
dacia-duster,Dacia Duster,Dacia Duster 1.5 BlueDCI Comfort,2020,236000,1060000,6
dacia-duster,Dacia Duster,Dacia Duster 1.5 BlueDCI Comfort,2020,121000,1109000,6
dacia-duster,Dacia Duster,Dacia Duster 1.6 Sce Prestige,2020,93000,1150000,6
dacia-duster,Dacia Duster,Dacia Duster 1.5 BlueDCI Comfort,2020,239000,910000,6
dacia-duster,Dacia Duster,Dacia Duster 1.0 Tce Comfort,2020,168000,865000,6
dacia-duster,Dacia Duster,Dacia Duster 1.0 Tce Comfort,2020,36000,1095000,6
dacia-duster,Dacia Duster,Dacia Duster 1.6 Sce Comfort,2020,127000,1050000,6
dacia-duster,Dacia Duster,Dacia Duster 1.6 Sce Comfort,2020,38000,1149000,6
dacia-duster,Dacia Duster,Dacia Duster 1.0 Tce Comfort,2020,125000,975000,6
dacia-duster,Dacia Duster,Dacia Duster 1.6 Sce Comfort,2020,245000,800000,6
dacia-duster,Dacia Duster,Dacia Duster 1.5 BlueDCI Comfort,2020,196000,1070000,6
dacia-duster,Dacia Duster,Dacia Duster 1.5 BlueDCI Prestige Plus,2020,136000,1370000,6
dacia-duster,Dacia Duster,Dacia Duster 1.6 Sce Prestige,2020,147000,810000,6
dacia-duster,Dacia Duster,Dacia Duster 1.6 Sce Prestige,2020,93100,1135000,6
dacia-duster,Dacia Duster,Dacia Duster 1.5 BlueDCI Comfort,2020,151050,978000,6
dacia-duster,Dacia Duster,Dacia Duster 1.5 BlueDCI Comfort,2020,172500,1052000,6
dacia-duster,Dacia Duster,Dacia Duster 1.5 BlueDCI Comfort,2020,93000,1190000,6
dacia-duster,Dacia Duster,Dacia Duster 1.5 BlueDCI Prestige,2020,126000,1380000,6
dacia-duster,Dacia Duster,Dacia Duster 1.5 BlueDCI Comfort,2021,194000,1035000,5
dacia-duster,Dacia Duster,Dacia Duster 1.5 BlueDCI Comfort,2021,160000,1170000,5
dacia-duster,Dacia Duster,Dacia Duster 1.5 BlueDCI Comfort,2021,86000,1415000,5
dacia-duster,Dacia Duster,Dacia Duster 1.5 BlueDCI Comfort,2021,105000,975000,5
dacia-duster,Dacia Duster,Dacia Duster 1.5 BlueDCI Comfort,2021,139500,1049500,5
dacia-duster,Dacia Duster,Dacia Duster 1.5 BlueDCI Comfort,2021,292000,939000,5
dacia-duster,Dacia Duster,Dacia Duster 1.0 Tce ECO-G Prestige,2021,84500,1085000,5
dacia-duster,Dacia Duster,Dacia Duster 1.5 BlueDCI Comfort,2021,154000,1180000,5
dacia-duster,Dacia Duster,Dacia Duster 1.3 Tce Comfort,2021,123000,1315000,5
dacia-duster,Dacia Duster,Dacia Duster 1.5 BlueDCI Comfort,2021,140000,1169000,5
dacia-duster,Dacia Duster,Dacia Duster 1.3 Tce Comfort,2021,108000,1135000,5
dacia-duster,Dacia Duster,Dacia Duster 1.5 BlueDCI Comfort,2021,160000,1195000,5
dacia-duster,Dacia Duster,Dacia Duster 1.0 Tce ECO-G Comfort,2021,179000,1025000,5
dacia-duster,Dacia Duster,Dacia Duster 1.0 Tce ECO-G Prestige,2021,173500,995000,5
dacia-duster,Dacia Duster,Dacia Duster 1.0 Tce ECO-G Comfort,2021,145000,1129000,5
dacia-duster,Dacia Duster,Dacia Duster 1.5 BlueDCI Comfort,2021,153850,1125000,5
dacia-duster,Dacia Duster,Dacia Duster 1.5 BlueDCI Comfort,2021,146000,1285000,5
dacia-duster,Dacia Duster,Dacia Duster 1.3 Tce Prestige,2021,66000,1400000,5
dacia-duster,Dacia Duster,Dacia Duster 1.0 Tce ECO-G Prestige,2021,18000,1250000,5
dacia-duster,Dacia Duster,Dacia Duster 1.3 Tce Prestige,2021,50475,1395000,5
dacia-duster,Dacia Duster,Dacia Duster 1.3 Tce Prestige,2021,149224,1039500,5
dacia-duster,Dacia Duster,Dacia Duster 1.3 Tce Prestige,2021,95000,1340000,5
dacia-duster,Dacia Duster,Dacia Duster 1.5 BlueDCI Comfort,2021,120000,1400000,5
dacia-duster,Dacia Duster,Dacia Duster 1.3 Tce Comfort,2021,89000,1345000,5
dacia-duster,Dacia Duster,Dacia Duster 1.0 Tce ECO-G Prestige,2021,32890,1219000,5
dacia-duster,Dacia Duster,Dacia Duster 1.5 BlueDCI Comfort,2021,252801,1095000,5
dacia-duster,Dacia Duster,Dacia Duster 1.0 Tce ECO-G Prestige,2021,83000,1160000,5
dacia-duster,Dacia Duster,Dacia Duster 1.5 BlueDCI Comfort,2021,154500,1245000,5
dacia-duster,Dacia Duster,Dacia Duster 1.5 BlueDCI Comfort,2021,154000,1175000,5
dacia-duster,Dacia Duster,Dacia Duster 1.5 BlueDCI Comfort,2021,144000,1175000,5
dacia-duster,Dacia Duster,Dacia Duster 1.5 BlueDCI Comfort,2021,132000,1130000,5
dacia-duster,Dacia Duster,Dacia Duster 1.5 BlueDCI Comfort,2021,121006,1100000,5
dacia-duster,Dacia Duster,Dacia Duster 1.5 BlueDCI Comfort,2021,121540,1080000,5
dacia-duster,Dacia Duster,Dacia Duster 1.0 Tce ECO-G Comfort,2021,28000,1125000,5
dacia-duster,Dacia Duster,Dacia Duster 1.0 Tce ECO-G Prestige,2021,58000,1185000,5
dacia-duster,Dacia Duster,Dacia Duster 1.0 Tce ECO-G Prestige,2021,58000,1179000,5
dacia-duster,Dacia Duster,Dacia Duster 1.3 Tce Prestige,2021,229000,970000,5
dacia-duster,Dacia Duster,Dacia Duster 1.3 Tce Prestige,2021,86000,1100000,5
dacia-duster,Dacia Duster,Dacia Duster 1.3 Tce Prestige Plus,2021,52000,1440000,5
dacia-duster,Dacia Duster,Dacia Duster 1.3 Tce Prestige,2021,67000,1335000,5
dacia-duster,Dacia Duster,Dacia Duster 1.0 Tce ECO-G Prestige,2021,138000,998000,5
dacia-duster,Dacia Duster,Dacia Duster 1.0 Tce ECO-G Comfort,2021,53000,1115000,5
dacia-duster,Dacia Duster,Dacia Duster 1.0 Tce ECO-G Prestige,2021,49098,1120000,5
dacia-duster,Dacia Duster,Dacia Duster 1.3 Tce Prestige,2021,54000,1288000,5
dacia-duster,Dacia Duster,Dacia Duster 1.5 BlueDCI Comfort,2021,186000,1125000,5
dacia-duster,Dacia Duster,Dacia Duster 1.3 Tce Comfort,2021,122000,1125000,5
dacia-duster,Dacia Duster,Dacia Duster 1.3 Tce Comfort,2021,75850,1265750,5
dacia-duster,Dacia Duster,Dacia Duster 1.3 Tce Prestige,2021,82700,1275000,5
dacia-duster,Dacia Duster,Dacia Duster 1.5 BlueDCI Comfort,2021,149711,1160000,5
dacia-duster,Dacia Duster,Dacia Duster 1.3 Tce Prestige,2021,172000,1100000,5
dacia-duster,Dacia Duster,Dacia Duster 1.3 Tce Prestige,2021,200000,1085000,5
dacia-duster,Dacia Duster,Dacia Duster 1.5 BlueDCI Comfort,2021,199000,1065000,5
dacia-duster,Dacia Duster,Dacia Duster 1.5 BlueDCI Comfort,2021,103960,1120000,5
dacia-duster,Dacia Duster,Dacia Duster 1.0 Tce ECO-G Prestige,2021,95000,1095000,5
dacia-duster,Dacia Duster,Dacia Duster 1.0 Tce ECO-G Comfort,2021,159000,945000,5
dacia-duster,Dacia Duster,Dacia Duster 1.0 Tce ECO-G Comfort,2021,90000,1079750,5
dacia-duster,Dacia Duster,Dacia Duster 1.0 Tce ECO-G Prestige,2021,116000,930000,5
dacia-duster,Dacia Duster,Dacia Duster 1.3 Tce Prestige Plus,2021,188000,1025000,5
dacia-duster,Dacia Duster,Dacia Duster 1.3 Tce Comfort,2021,86000,1280000,5
dacia-duster,Dacia Duster,Dacia Duster 1.3 Tce Comfort,2021,65000,1269000,5
dacia-duster,Dacia Duster,Dacia Duster 1.3 Tce Comfort,2021,114000,1215000,5
dacia-duster,Dacia Duster,Dacia Duster 1.3 Tce Comfort,2021,72000,1195000,5
dacia-duster,Dacia Duster,Dacia Duster 1.3 Tce Comfort,2021,127000,1150000,5
dacia-duster,Dacia Duster,Dacia Duster 1.3 Tce Comfort,2021,210000,1125000,5
dacia-duster,Dacia Duster,Dacia Duster 1.3 Tce Comfort,2021,118300,1179900,5
dacia-duster,Dacia Duster,Dacia Duster 1.3 Tce Comfort,2021,99800,1145000,5
dacia-duster,Dacia Duster,Dacia Duster 1.3 Tce Comfort,2021,152000,1099000,5
dacia-duster,Dacia Duster,Dacia Duster 1.3 Tce Comfort,2021,110000,1126500,5
dacia-duster,Dacia Duster,Dacia Duster 1.3 Tce Comfort,2021,191000,1050000,5
dacia-duster,Dacia Duster,Dacia Duster 1.3 Tce Comfort,2021,170000,1075000,5
dacia-duster,Dacia Duster,Dacia Duster 1.3 Tce Comfort,2021,189500,900000,5
dacia-duster,Dacia Duster,Dacia Duster 1.3 Tce Comfort,2021,118000,934000,5
dacia-duster,Dacia Duster,Dacia Duster 1.3 Tce Comfort,2021,179660,1085000,5
dacia-duster,Dacia Duster,Dacia Duster 1.3 Tce Prestige,2021,74130,1200000,5
dacia-duster,Dacia Duster,Dacia Duster 1.5 BlueDCI Comfort,2021,115222,1095000,5
dacia-duster,Dacia Duster,Dacia Duster 1.5 BlueDCI Comfort,2021,60000,1375000,5
dacia-duster,Dacia Duster,Dacia Duster 1.5 BlueDCI Comfort,2021,120000,1355000,5
dacia-duster,Dacia Duster,Dacia Duster 1.5 BlueDCI Comfort,2021,59030,1409900,5
dacia-duster,Dacia Duster,Dacia Duster 1.5 BlueDCI Comfort,2021,145000,1299000,5
dacia-duster,Dacia Duster,Dacia Duster 1.5 BlueDCI Comfort,2021,48000,1359750,5
dacia-duster,Dacia Duster,Dacia Duster 1.5 BlueDCI Comfort,2021,120000,1250000,5
dacia-duster,Dacia Duster,Dacia Duster 1.5 BlueDCI Comfort,2021,98000,1320000,5
dacia-duster,Dacia Duster,Dacia Duster 1.5 BlueDCI Comfort,2021,140000,1285000,5
dacia-duster,Dacia Duster,Dacia Duster 1.5 BlueDCI Comfort,2021,87000,1380000,5
dacia-duster,Dacia Duster,Dacia Duster 1.5 BlueDCI Comfort,2021,95000,1270000,5
dacia-duster,Dacia Duster,Dacia Duster 1.5 BlueDCI Comfort,2021,133000,1119000,5
dacia-duster,Dacia Duster,Dacia Duster 1.5 BlueDCI Comfort,2021,110000,1265900,5
dacia-duster,Dacia Duster,Dacia Duster 1.5 BlueDCI Comfort,2021,162500,1195000,5
dacia-duster,Dacia Duster,Dacia Duster 1.5 BlueDCI Comfort,2021,88000,1210000,5
dacia-duster,Dacia Duster,Dacia Duster 1.5 BlueDCI Comfort,2021,147000,1125000,5
dacia-duster,Dacia Duster,Dacia Duster 1.5 BlueDCI Comfort,2021,159000,1185000,5
dacia-duster,Dacia Duster,Dacia Duster 1.5 BlueDCI Comfort,2021,147000,1235000,5
dacia-duster,Dacia Duster,Dacia Duster 1.5 BlueDCI Comfort,2021,146000,1170000,5
dacia-duster,Dacia Duster,Dacia Duster 1.5 BlueDCI Comfort,2021,133000,1139000,5
dacia-duster,Dacia Duster,Dacia Duster 1.5 BlueDCI Comfort,2021,128700,1225000,5
dacia-duster,Dacia Duster,Dacia Duster 1.5 BlueDCI Comfort,2021,204000,1180000,5
dacia-duster,Dacia Duster,Dacia Duster 1.5 BlueDCI Comfort,2021,134000,1140000,5
dacia-duster,Dacia Duster,Dacia Duster 1.5 BlueDCI Comfort,2021,120712,1160000,5
dacia-duster,Dacia Duster,Dacia Duster 1.5 BlueDCI Comfort,2021,130500,1075000,5
dacia-duster,Dacia Duster,Dacia Duster 1.5 BlueDCI Comfort,2021,127210,1070000,5
dacia-duster,Dacia Duster,Dacia Duster 1.5 BlueDCI Comfort,2021,126000,1110000,5
dacia-duster,Dacia Duster,Dacia Duster 1.5 BlueDCI Comfort,2021,144529,1085000,5
dacia-duster,Dacia Duster,Dacia Duster 1.5 BlueDCI Comfort,2021,78500,975000,5
dacia-duster,Dacia Duster,Dacia Duster 1.5 BlueDCI Comfort,2021,175000,1000000,5
dacia-duster,Dacia Duster,Dacia Duster 1.5 BlueDCI Comfort,2021,200000,1045000,5
dacia-duster,Dacia Duster,Dacia Duster 1.3 Tce Prestige Plus,2021,45000,1435000,5
dacia-duster,Dacia Duster,Dacia Duster 1.0 Tce Prestige,2021,28000,1100000,5
dacia-duster,Dacia Duster,Dacia Duster 1.5 BlueDCI Comfort,2021,136500,1250000,5
dacia-duster,Dacia Duster,Dacia Duster 1.0 Tce ECO-G Prestige,2021,170000,915000,5
dacia-duster,Dacia Duster,Dacia Duster 1.0 Tce ECO-G Comfort,2021,56000,1125000,5
dacia-duster,Dacia Duster,Dacia Duster 1.0 Tce ECO-G Comfort,2021,145000,979000,5
dacia-duster,Dacia Duster,Dacia Duster 1.0 Tce ECO-G Comfort,2021,170000,930000,5
dacia-duster,Dacia Duster,Dacia Duster 1.0 Tce ECO-G Comfort,2021,137800,1037500,5
dacia-duster,Dacia Duster,Dacia Duster 1.0 Tce ECO-G Prestige,2021,139000,1010000,5
dacia-duster,Dacia Duster,Dacia Duster 1.0 Tce ECO-G Comfort,2021,140000,939000,5
dacia-duster,Dacia Duster,Dacia Duster 1.5 BlueDCI Comfort,2021,133000,1150000,5
dacia-duster,Dacia Duster,Dacia Duster 1.5 BlueDCI Comfort,2021,148810,1120000,5
dacia-duster,Dacia Duster,Dacia Duster 1.5 BlueDCI Comfort,2021,152000,1249000,5
dacia-duster,Dacia Duster,Dacia Duster 1.5 BlueDCI Comfort,2021,154000,1200000,5
dacia-duster,Dacia Duster,Dacia Duster 1.5 BlueDCI Comfort,2021,140000,1299000,5
dacia-duster,Dacia Duster,Dacia Duster 1.0 Tce ECO-G Prestige,2021,68000,1160000,5
dacia-duster,Dacia Duster,Dacia Duster 1.5 BlueDCI Comfort,2021,153000,1240000,5
dacia-duster,Dacia Duster,Dacia Duster 1.0 Tce ECO-G Comfort,2021,80000,1100000,5
dacia-duster,Dacia Duster,Dacia Duster 1.0 Tce ECO-G Comfort,2021,169747,840000,5
dacia-duster,Dacia Duster,Dacia Duster 1.3 Tce Prestige,2021,214000,1185000,5
dacia-duster,Dacia Duster,Dacia Duster 1.5 BlueDCI Comfort,2021,200150,1090000,5
dacia-duster,Dacia Duster,Dacia Duster 1.0 Tce ECO-G Prestige,2021,47000,1249000,5
dacia-duster,Dacia Duster,Dacia Duster 1.5 BlueDCI Comfort,2021,169500,1140000,5
dacia-duster,Dacia Duster,Dacia Duster 1.5 BlueDCI Comfort,2021,178410,1125000,5
dacia-duster,Dacia Duster,Dacia Duster 1.5 BlueDCI Comfort,2021,149000,1175000,5
dacia-duster,Dacia Duster,Dacia Duster 1.3 Tce Comfort,2021,125000,1220000,5
dacia-duster,Dacia Duster,Dacia Duster 1.5 BlueDCI Comfort,2021,165000,1060000,5
dacia-duster,Dacia Duster,Dacia Duster 1.3 Tce Comfort,2021,51000,1395000,5
dacia-duster,Dacia Duster,Dacia Duster 1.0 Tce ECO-G Comfort,2021,130000,925000,5
dacia-duster,Dacia Duster,Dacia Duster 1.3 Tce Comfort,2021,119000,1160000,5
dacia-duster,Dacia Duster,Dacia Duster 1.0 Tce ECO-G Comfort,2021,140000,1090000,5
dacia-duster,Dacia Duster,Dacia Duster 1.3 Tce Comfort,2021,62000,1275000,5
dacia-duster,Dacia Duster,Dacia Duster 1.3 Tce Comfort,2021,158500,1155000,5
dacia-duster,Dacia Duster,Dacia Duster 1.5 BlueDCI Comfort,2021,163452,970000,5
dacia-duster,Dacia Duster,Dacia Duster 1.5 BlueDCI Comfort,2021,242000,979000,5
dacia-duster,Dacia Duster,Dacia Duster 1.5 BlueDCI Comfort,2021,161000,1145000,5
dacia-duster,Dacia Duster,Dacia Duster 1.0 Tce Comfort,2021,215000,894000,5
dacia-duster,Dacia Duster,Dacia Duster 1.0 Tce ECO-G Comfort,2021,50295,1099000,5
dacia-duster,Dacia Duster,Dacia Duster 1.3 Tce Comfort,2022,120000,1158000,4
dacia-duster,Dacia Duster,Dacia Duster 1.3 Tce Prestige Plus,2022,139000,1258000,4
dacia-duster,Dacia Duster,Dacia Duster 1.3 Tce Essential,2022,160000,975000,4
dacia-duster,Dacia Duster,Dacia Duster 1.3 Tce Comfort,2022,85000,1215000,4
dacia-duster,Dacia Duster,Dacia Duster 1.3 Tce Comfort,2022,91000,1169000,4
dacia-duster,Dacia Duster,Dacia Duster 1.0 Tce ECO-G Expression,2022,92000,1225000,4
dacia-duster,Dacia Duster,Dacia Duster 1.0 Tce Comfort,2022,32500,1115000,4
dacia-duster,Dacia Duster,Dacia Duster 1.0 Tce ECO-G Expression,2022,108000,1150000,4
dacia-duster,Dacia Duster,Dacia Duster 1.0 Tce ECO-G Essential,2022,69000,1219750,4
dacia-duster,Dacia Duster,Dacia Duster 1.5 BlueDCI Comfort,2022,184000,1065000,4
dacia-duster,Dacia Duster,Dacia Duster 1.3 Tce Comfort,2022,82500,1385000,4
dacia-duster,Dacia Duster,Dacia Duster 1.3 Tce Comfort,2022,91000,1250000,4
dacia-duster,Dacia Duster,Dacia Duster 1.3 Tce Prestige Plus,2022,70000,1330000,4
dacia-duster,Dacia Duster,Dacia Duster 1.0 Tce Comfort,2022,95700,945000,4
dacia-duster,Dacia Duster,Dacia Duster 1.0 Tce Comfort,2022,55000,1149000,4
dacia-duster,Dacia Duster,Dacia Duster 1.5 BlueDCI Comfort,2022,151000,1225000,4
dacia-duster,Dacia Duster,Dacia Duster 1.3 Tce Comfort,2022,193000,1129950,4
dacia-duster,Dacia Duster,Dacia Duster 1.3 Tce Comfort,2022,118000,1175000,4
dacia-duster,Dacia Duster,Dacia Duster 1.0 Tce ECO-G Prestige,2022,58000,1255000,4
dacia-duster,Dacia Duster,Dacia Duster 1.5 BlueDCI Comfort,2022,139000,1139900,4
dacia-duster,Dacia Duster,Dacia Duster 1.3 Tce Comfort,2022,175000,1095000,4
dacia-duster,Dacia Duster,Dacia Duster 1.3 Tce Prestige Plus,2022,139000,1245000,4
dacia-duster,Dacia Duster,Dacia Duster 1.3 Tce Comfort,2022,120322,1160000,4
dacia-duster,Dacia Duster,Dacia Duster 1.3 Tce Journey,2022,133000,1175000,4
dacia-duster,Dacia Duster,Dacia Duster 1.0 Tce Essential,2022,89000,1125000,4
dacia-duster,Dacia Duster,Dacia Duster 1.3 Tce Comfort,2022,59495,1225000,4
dacia-duster,Dacia Duster,Dacia Duster 1.5 BlueDCI Comfort,2022,247000,969000,4
dacia-duster,Dacia Duster,Dacia Duster 1.3 Tce Comfort,2022,230000,1030000,4
dacia-duster,Dacia Duster,Dacia Duster 1.0 Tce ECO-G Prestige,2022,87000,1169000,4
dacia-duster,Dacia Duster,Dacia Duster 1.0 Tce Comfort,2022,135000,985000,4
dacia-duster,Dacia Duster,Dacia Duster 1.3 Tce Prestige Plus,2022,73000,1395000,4
dacia-duster,Dacia Duster,Dacia Duster 1.3 Tce Comfort,2022,128800,1225000,4
dacia-duster,Dacia Duster,Dacia Duster 1.5 BlueDCI Comfort,2022,107000,1395000,4
dacia-duster,Dacia Duster,Dacia Duster 1.3 Tce Prestige Plus,2022,230000,1220000,4
dacia-duster,Dacia Duster,Dacia Duster 1.3 Tce Comfort,2022,125000,1275000,4
dacia-duster,Dacia Duster,Dacia Duster 1.0 Tce ECO-G Expression,2022,65000,1249000,4
dacia-duster,Dacia Duster,Dacia Duster 1.3 Tce Prestige Plus,2022,120000,1325000,4
dacia-duster,Dacia Duster,Dacia Duster 1.3 Tce Comfort,2022,62000,1230000,4
dacia-duster,Dacia Duster,Dacia Duster 1.0 Tce Comfort,2022,124000,935000,4
dacia-duster,Dacia Duster,Dacia Duster 1.3 Tce Prestige Plus,2022,33000,1420000,4
dacia-duster,Dacia Duster,Dacia Duster 1.3 Tce Comfort,2022,124000,1155000,4
dacia-duster,Dacia Duster,Dacia Duster 1.3 Tce Journey,2022,125000,1320000,4
dacia-duster,Dacia Duster,Dacia Duster 1.3 Tce Comfort,2022,219000,965250,4
dacia-duster,Dacia Duster,Dacia Duster 1.3 Tce Comfort,2022,202000,975000,4
dacia-duster,Dacia Duster,Dacia Duster 1.3 Tce Comfort,2022,83500,1205000,4
dacia-duster,Dacia Duster,Dacia Duster 1.3 Tce Comfort,2022,79000,1350000,4
dacia-duster,Dacia Duster,Dacia Duster 1.0 Tce Comfort,2022,58000,1025000,4
dacia-duster,Dacia Duster,Dacia Duster 1.5 BlueDCI Comfort,2022,79000,1350000,4
dacia-duster,Dacia Duster,Dacia Duster 1.3 Tce Comfort,2022,129000,1299750,4
dacia-duster,Dacia Duster,Dacia Duster 1.3 Tce Comfort,2022,45000,1349750,4
dacia-duster,Dacia Duster,Dacia Duster 1.3 Tce Comfort,2022,87000,1265000,4
dacia-duster,Dacia Duster,Dacia Duster 1.3 Tce Comfort,2022,121000,1209900,4
dacia-duster,Dacia Duster,Dacia Duster 1.3 Tce Comfort,2022,38000,1330000,4
dacia-duster,Dacia Duster,Dacia Duster 1.3 Tce Comfort,2022,79000,1275000,4
dacia-duster,Dacia Duster,Dacia Duster 1.3 Tce Comfort,2022,124700,1209900,4
dacia-duster,Dacia Duster,Dacia Duster 1.3 Tce Comfort,2022,98000,1235000,4
dacia-duster,Dacia Duster,Dacia Duster 1.3 Tce Comfort,2022,89400,1215000,4
dacia-duster,Dacia Duster,Dacia Duster 1.3 Tce Comfort,2022,80000,1210000,4
dacia-duster,Dacia Duster,Dacia Duster 1.3 Tce Comfort,2022,102000,1200000,4
dacia-duster,Dacia Duster,Dacia Duster 1.3 Tce Comfort,2022,50000,1260000,4
dacia-duster,Dacia Duster,Dacia Duster 1.3 Tce Comfort,2022,70443,1215000,4
dacia-duster,Dacia Duster,Dacia Duster 1.3 Tce Comfort,2022,115500,1175000,4
dacia-duster,Dacia Duster,Dacia Duster 1.3 Tce Comfort,2022,122000,1195000,4
dacia-duster,Dacia Duster,Dacia Duster 1.3 Tce Comfort,2022,114374,1189000,4
dacia-duster,Dacia Duster,Dacia Duster 1.3 Tce Comfort,2022,142701,1159900,4
dacia-duster,Dacia Duster,Dacia Duster 1.3 Tce Comfort,2022,160000,1075000,4
dacia-duster,Dacia Duster,Dacia Duster 1.3 Tce Comfort,2022,140000,1145000,4
dacia-duster,Dacia Duster,Dacia Duster 1.3 Tce Comfort,2022,124000,1145000,4
dacia-duster,Dacia Duster,Dacia Duster 1.3 Tce Comfort,2022,113000,1109000,4
dacia-duster,Dacia Duster,Dacia Duster 1.3 Tce Comfort,2022,130000,1118000,4
dacia-duster,Dacia Duster,Dacia Duster 1.3 Tce Comfort,2022,148200,1119000,4
dacia-duster,Dacia Duster,Dacia Duster 1.3 Tce Comfort,2022,125000,1115000,4
dacia-duster,Dacia Duster,Dacia Duster 1.3 Tce Comfort,2022,105570,1109900,4
dacia-duster,Dacia Duster,Dacia Duster 1.3 Tce Comfort,2022,138000,985000,4
dacia-duster,Dacia Duster,Dacia Duster 1.3 Tce Comfort,2022,103000,1029000,4
dacia-duster,Dacia Duster,Dacia Duster 1.0 Tce ECO-G Comfort,2022,96000,1250000,4
dacia-duster,Dacia Duster,Dacia Duster 1.0 Tce ECO-G Prestige,2022,121000,1009000,4
dacia-duster,Dacia Duster,Dacia Duster 1.3 Tce Comfort,2022,65000,1250000,4
dacia-duster,Dacia Duster,Dacia Duster 1.5 BlueDCI Comfort,2022,96000,1299900,4
dacia-duster,Dacia Duster,Dacia Duster 1.5 BlueDCI Comfort,2022,93600,1325000,4
dacia-duster,Dacia Duster,Dacia Duster 1.5 BlueDCI Comfort,2022,88000,1245000,4
dacia-duster,Dacia Duster,Dacia Duster 1.5 BlueDCI Comfort,2022,137500,1269000,4
dacia-duster,Dacia Duster,Dacia Duster 1.5 BlueDCI Comfort,2022,108000,1145000,4
dacia-duster,Dacia Duster,Dacia Duster 1.5 BlueDCI Comfort,2022,87000,1235000,4
dacia-duster,Dacia Duster,Dacia Duster 1.5 BlueDCI Comfort,2022,155000,1155000,4
dacia-duster,Dacia Duster,Dacia Duster 1.5 BlueDCI Comfort,2022,169000,1178000,4
dacia-duster,Dacia Duster,Dacia Duster 1.5 BlueDCI Comfort,2022,165000,1115000,4
dacia-duster,Dacia Duster,Dacia Duster 1.5 BlueDCI Essential,2022,194200,1159000,4
dacia-duster,Dacia Duster,Dacia Duster 1.5 BlueDCI Comfort,2022,169000,1115000,4
dacia-duster,Dacia Duster,Dacia Duster 1.5 BlueDCI Comfort,2022,256000,936750,4
dacia-duster,Dacia Duster,Dacia Duster 1.5 BlueDCI Comfort,2022,195000,919000,4
dacia-duster,Dacia Duster,Dacia Duster 1.5 BlueDCI Comfort,2022,170000,1060000,4
dacia-duster,Dacia Duster,Dacia Duster 1.5 BlueDCI Comfort,2022,207000,990000,4
dacia-duster,Dacia Duster,Dacia Duster 1.3 Tce Prestige Plus,2022,80000,1380000,4
dacia-duster,Dacia Duster,Dacia Duster 1.3 Tce Prestige Plus,2022,76000,1373000,4
dacia-duster,Dacia Duster,Dacia Duster 1.3 Tce Prestige Plus,2022,102500,1290000,4
dacia-duster,Dacia Duster,Dacia Duster 1.3 Tce Prestige,2022,216000,1000000,4
dacia-duster,Dacia Duster,Dacia Duster 1.3 Tce Essential,2022,122000,1195000,4
dacia-duster,Dacia Duster,Dacia Duster 1.3 Tce Essential,2022,179124,1165000,4
dacia-duster,Dacia Duster,Dacia Duster 1.3 Tce Essential,2022,193000,1189000,4
dacia-duster,Dacia Duster,Dacia Duster 1.5 BlueDCI Comfort,2022,142000,1199900,4
dacia-duster,Dacia Duster,Dacia Duster 1.3 Tce Prestige Plus,2022,53000,1455000,4
dacia-duster,Dacia Duster,Dacia Duster 1.3 Tce Prestige Plus,2022,170000,1187000,4
dacia-duster,Dacia Duster,Dacia Duster 1.5 BlueDCI Comfort,2022,179000,1249950,4
dacia-duster,Dacia Duster,Dacia Duster 1.3 Tce Journey,2022,77500,1449000,4
dacia-duster,Dacia Duster,Dacia Duster 1.3 Tce Prestige Plus,2022,110000,1325000,4
dacia-duster,Dacia Duster,Dacia Duster 1.0 Tce Comfort,2022,67000,1085000,4
dacia-duster,Dacia Duster,Dacia Duster 1.3 Tce Comfort,2022,100000,1189750,4
dacia-duster,Dacia Duster,Dacia Duster 1.3 Tce Comfort,2022,97000,1155000,4
dacia-duster,Dacia Duster,Dacia Duster 1.0 Tce ECO-G Prestige,2022,63000,1259000,4
dacia-duster,Dacia Duster,Dacia Duster 1.0 Tce ECO-G Expression,2022,125000,1200000,4
dacia-duster,Dacia Duster,Dacia Duster 1.0 Tce Comfort,2022,114000,925000,4
dacia-duster,Dacia Duster,Dacia Duster 1.0 Tce Essential,2022,78000,1110000,4
dacia-duster,Dacia Duster,Dacia Duster 1.3 Tce Essential,2022,30000,1450000,4
dacia-duster,Dacia Duster,Dacia Duster 1.5 BlueDCI Comfort,2022,129500,1159500,4
dacia-duster,Dacia Duster,Dacia Duster 1.3 Tce Essential,2022,106000,1275000,4
dacia-duster,Dacia Duster,Dacia Duster 1.0 Tce Comfort,2022,82500,1110000,4
dacia-duster,Dacia Duster,Dacia Duster 1.3 Tce Comfort,2022,53000,1360000,4
dacia-duster,Dacia Duster,Dacia Duster 1.5 BlueDCI Comfort,2022,108000,1375000,4
dacia-duster,Dacia Duster,Dacia Duster 1.0 Tce ECO-G Prestige,2022,87000,1200000,4
dacia-duster,Dacia Duster,Dacia Duster 1.3 Tce Comfort,2022,85000,1200000,4
dacia-duster,Dacia Duster,Dacia Duster 1.3 Tce Comfort,2022,36000,1099000,4
dacia-duster,Dacia Duster,Dacia Duster 1.3 Tce Essential,2022,114000,1165000,4
dacia-duster,Dacia Duster,Dacia Duster 1.0 Tce ECO-G Essential,2022,118000,1149023,4
dacia-duster,Dacia Duster,Dacia Duster 1.3 Tce Comfort,2022,171696,1020000,4
dacia-duster,Dacia Duster,Dacia Duster 1.5 BlueDCI Comfort,2022,141000,1224000,4
dacia-duster,Dacia Duster,Dacia Duster 1.5 BlueDCI Comfort,2022,194000,995000,4
dacia-duster,Dacia Duster,Dacia Duster 1.0 Tce ECO-G Expression,2022,107000,1130000,4
dacia-duster,Dacia Duster,Dacia Duster 1.3 Tce Essential,2022,143000,1189900,4
dacia-duster,Dacia Duster,Dacia Duster 1.3 Tce Comfort,2022,60000,1300000,4
dacia-duster,Dacia Duster,Dacia Duster 1.3 Tce Comfort,2022,91000,1259900,4
dacia-duster,Dacia Duster,Dacia Duster 1.3 Tce Comfort,2022,129000,1225000,4
dacia-duster,Dacia Duster,Dacia Duster 1.0 Tce ECO-G Prestige,2022,69000,1170000,4
dacia-duster,Dacia Duster,Dacia Duster 1.0 Tce ECO-G Prestige,2022,36500,1260000,4
dacia-duster,Dacia Duster,Dacia Duster 1.3 Tce Comfort,2022,67000,1290000,4
dacia-duster,Dacia Duster,Dacia Duster 1.3 Tce Comfort,2022,102000,1200000,4
dacia-duster,Dacia Duster,Dacia Duster 1.0 Tce ECO-G Comfort,2022,86200,1155000,4
dacia-duster,Dacia Duster,Dacia Duster 1.5 BlueDCI Comfort,2022,130000,1170000,4
dacia-duster,Dacia Duster,Dacia Duster 1.3 Tce Essential,2023,122500,1249999,3
dacia-duster,Dacia Duster,Dacia Duster 1.3 Tce Journey,2023,89000,1450000,3
dacia-duster,Dacia Duster,Dacia Duster 1.3 Tce Journey,2023,44000,1530000,3
dacia-duster,Dacia Duster,Dacia Duster 1.3 Tce Journey,2023,110000,1050000,3
dacia-duster,Dacia Duster,Dacia Duster 1.3 Tce Journey,2023,90000,1375000,3
dacia-duster,Dacia Duster,Dacia Duster 1.3 Tce Extreme,2023,53000,1505000,3
dacia-duster,Dacia Duster,Dacia Duster 1.3 Tce Extreme,2023,56000,1470000,3
dacia-duster,Dacia Duster,Dacia Duster 1.3 Tce Extreme,2023,71300,1389000,3
dacia-duster,Dacia Duster,Dacia Duster 1.3 Tce Journey,2023,41000,1565000,3
dacia-duster,Dacia Duster,Dacia Duster 1.3 Tce Essential,2023,111000,1325000,3
dacia-duster,Dacia Duster,Dacia Duster 1.3 Tce Journey,2023,49500,1550000,3
dacia-duster,Dacia Duster,Dacia Duster 1.3 Tce Essential,2023,115000,1174950,3
dacia-duster,Dacia Duster,Dacia Duster 1.3 Tce Extreme,2023,34000,1598750,3
dacia-duster,Dacia Duster,Dacia Duster 1.3 Tce Extreme,2023,66500,1530000,3
dacia-duster,Dacia Duster,Dacia Duster 1.3 Tce Extreme,2023,60000,1565000,3
dacia-duster,Dacia Duster,Dacia Duster 1.3 Tce Journey,2023,77000,1470000,3
dacia-duster,Dacia Duster,Dacia Duster 1.3 Tce Journey,2023,150448,1360000,3
dacia-duster,Dacia Duster,Dacia Duster 1.3 Tce Journey,2023,15000,1550000,3
dacia-duster,Dacia Duster,Dacia Duster 1.3 Tce Essential,2023,18500,1358650,3
dacia-duster,Dacia Duster,Dacia Duster 1.3 Tce Essential,2023,122000,1190750,3
dacia-duster,Dacia Duster,Dacia Duster 1.0 Tce Essential,2023,37000,1175000,3
dacia-duster,Dacia Duster,Dacia Duster 1.0 Tce ECO-G Expression,2023,92000,1250000,3
dacia-duster,Dacia Duster,Dacia Duster 1.5 BlueDCI Essential,2023,151000,1205000,3
dacia-duster,Dacia Duster,Dacia Duster 1.3 Tce Essential,2023,17000,1319650,3
dacia-duster,Dacia Duster,Dacia Duster 1.3 Tce Essential,2023,97500,1310000,3
dacia-duster,Dacia Duster,Dacia Duster 1.3 Tce Journey,2023,108000,1369000,3
dacia-duster,Dacia Duster,Dacia Duster 1.5 BlueDCI Essential,2023,183548,1225000,3
dacia-duster,Dacia Duster,Dacia Duster 1.3 Tce Essential,2023,36500,1289000,3
dacia-duster,Dacia Duster,Dacia Duster 1.3 Tce Journey,2023,50000,1520000,3
dacia-duster,Dacia Duster,Dacia Duster 1.3 Tce Journey,2023,28000,1528650,3
dacia-duster,Dacia Duster,Dacia Duster 1.3 Tce Journey,2023,69000,1390000,3
dacia-duster,Dacia Duster,Dacia Duster 1.3 Tce Journey,2023,16726,1559900,3
dacia-duster,Dacia Duster,Dacia Duster 1.3 Tce Journey,2023,77000,1390000,3
dacia-duster,Dacia Duster,Dacia Duster 1.0 Tce ECO-G Expression,2023,75000,1225000,3
dacia-duster,Dacia Duster,Dacia Duster 1.3 Tce Essential,2023,83000,1315000,3
dacia-duster,Dacia Duster,Dacia Duster 1.3 Tce Expression,2023,66000,1515000,3
dacia-duster,Dacia Duster,Dacia Duster 1.5 BlueDCI Essential,2023,117000,1450000,3
dacia-duster,Dacia Duster,Dacia Duster 1.5 BlueDCI Essential,2023,86000,1550000,3
dacia-duster,Dacia Duster,Dacia Duster 1.3 Tce Essential,2023,55000,1260000,3
dacia-duster,Dacia Duster,Dacia Duster 1.3 Tce Journey,2023,99000,1429000,3
dacia-duster,Dacia Duster,Dacia Duster 1.3 Tce Extreme,2023,27000,1700000,3
dacia-duster,Dacia Duster,Dacia Duster 1.0 Tce ECO-G Essential,2023,135000,1075000,3
dacia-duster,Dacia Duster,Dacia Duster 1.3 Tce Essential,2023,39850,1340000,3
dacia-duster,Dacia Duster,Dacia Duster 1.0 Tce ECO-G Expression,2023,86000,1280000,3
dacia-duster,Dacia Duster,Dacia Duster 1.3 Tce Essential,2023,106000,1150000,3
dacia-duster,Dacia Duster,Dacia Duster 1.3 Tce Journey,2023,78000,1380000,3
dacia-duster,Dacia Duster,Dacia Duster 1.0 Tce Essential,2023,95000,929750,3
dacia-duster,Dacia Duster,Dacia Duster 1.0 Tce ECO-G Expression,2023,87000,1250000,3
dacia-duster,Dacia Duster,Dacia Duster 1.3 Tce Essential,2023,16500,1379000,3
dacia-duster,Dacia Duster,Dacia Duster 1.5 BlueDCI Essential,2023,105000,1289000,3
dacia-duster,Dacia Duster,Dacia Duster 1.5 BlueDCI Essential,2023,67000,1495000,3
dacia-duster,Dacia Duster,Dacia Duster 1.5 BlueDCI Comfort,2023,104260,1375000,3
dacia-duster,Dacia Duster,Dacia Duster 1.5 BlueDCI Essential,2023,110000,1320000,3
dacia-duster,Dacia Duster,Dacia Duster 1.0 Tce ECO-G Expression,2023,78938,1219000,3
dacia-duster,Dacia Duster,Dacia Duster 1.3 Tce Extreme,2023,31000,1500000,3
dacia-duster,Dacia Duster,Dacia Duster 1.3 Tce Extreme,2023,81000,1495000,3
dacia-duster,Dacia Duster,Dacia Duster 1.3 Tce Extreme,2023,33000,1330000,3
dacia-duster,Dacia Duster,Dacia Duster 1.3 Tce Extreme,2023,49953,1510000,3
dacia-duster,Dacia Duster,Dacia Duster 1.3 Tce Extreme,2023,77000,1425000,3
dacia-duster,Dacia Duster,Dacia Duster 1.3 Tce Essential,2023,106000,1158000,3
dacia-duster,Dacia Duster,Dacia Duster 1.3 Tce Essential,2023,75000,1249900,3
dacia-duster,Dacia Duster,Dacia Duster 1.3 Tce Essential,2023,74000,1214000,3
dacia-duster,Dacia Duster,Dacia Duster 1.3 Tce Essential,2023,61350,1399000,3
dacia-duster,Dacia Duster,Dacia Duster 1.3 Tce Essential,2023,30000,1450000,3
dacia-duster,Dacia Duster,Dacia Duster 1.3 Tce Essential,2023,57000,1350000,3
dacia-duster,Dacia Duster,Dacia Duster 1.3 Tce Essential,2023,58000,1379950,3
dacia-duster,Dacia Duster,Dacia Duster 1.3 Tce Essential,2023,98000,1295000,3
dacia-duster,Dacia Duster,Dacia Duster 1.3 Tce Essential,2023,70000,1264000,3
dacia-duster,Dacia Duster,Dacia Duster 1.3 Tce Essential,2023,113000,1215000,3
dacia-duster,Dacia Duster,Dacia Duster 1.5 BlueDCI Essential,2023,64500,1399000,3
dacia-duster,Dacia Duster,Dacia Duster 1.3 Tce Essential,2023,27000,1445000,3
dacia-duster,Dacia Duster,Dacia Duster 1.3 Tce Essential,2023,16000,1480000,3
dacia-duster,Dacia Duster,Dacia Duster 1.0 Tce ECO-G Expression,2023,136000,1200000,3
dacia-duster,Dacia Duster,Dacia Duster 1.0 Tce Essential,2023,100000,1145000,3
dacia-duster,Dacia Duster,Dacia Duster 1.3 Tce Essential,2023,79000,1250000,3
dacia-duster,Dacia Duster,Dacia Duster 1.3 Tce Essential,2023,105000,1150000,3
dacia-duster,Dacia Duster,Dacia Duster 1.0 Tce Essential,2023,59000,1239000,3
dacia-duster,Dacia Duster,Dacia Duster 1.3 Tce Journey,2023,18900,1550000,3
dacia-duster,Dacia Duster,Dacia Duster 1.3 Tce Essential,2023,55000,1450000,3
dacia-duster,Dacia Duster,Dacia Duster 1.3 Tce Journey,2023,60000,1550000,3
dacia-duster,Dacia Duster,Dacia Duster 1.0 Tce Essential,2023,26000,1245000,3
dacia-duster,Dacia Duster,Dacia Duster 1.3 Tce Journey,2023,68000,1319000,3
dacia-duster,Dacia Duster,Dacia Duster 1.0 Tce Essential,2023,33000,1235000,3
dacia-duster,Dacia Duster,Dacia Duster 1.3 Tce Essential,2023,19000,1349750,3
dacia-duster,Dacia Duster,Dacia Duster 1.0 Tce ECO-G Expression,2023,48000,1295000,3
dacia-duster,Dacia Duster,Dacia Duster 1.0 Tce Essential,2023,48000,1099000,3
dacia-duster,Dacia Duster,Dacia Duster 1.5 BlueDCI Essential,2023,56100,1300000,3
dacia-duster,Dacia Duster,Dacia Duster 1.3 Tce Journey,2023,68500,1349000,3
dacia-duster,Dacia Duster,Dacia Duster 1.3 Tce Essential,2023,105000,1270000,3
dacia-duster,Dacia Duster,Dacia Duster 1.3 Tce Journey,2023,64000,1455000,3
dacia-duster,Dacia Duster,Dacia Duster 1.5 BlueDCI Essential,2023,123999,1299900,3
dacia-duster,Dacia Duster,Dacia Duster 1.3 Tce Essential,2023,88000,1425000,3
dacia-duster,Dacia Duster,Dacia Duster 1.3 Tce Journey,2023,92000,1375000,3
dacia-duster,Dacia Duster,Dacia Duster 1.3 Tce Essential,2023,127500,1187000,3
dacia-duster,Dacia Duster,Dacia Duster 1.3 Tce Journey,2023,100000,1465000,3
dacia-duster,Dacia Duster,Dacia Duster 1.3 Tce Essential,2023,116000,1300000,3
dacia-duster,Dacia Duster,Dacia Duster 1.3 Tce Journey,2023,45000,1360000,3
dacia-duster,Dacia Duster,Dacia Duster 1.3 Tce Journey,2023,37000,1700000,3
dacia-duster,Dacia Duster,Dacia Duster 1.3 Tce Essential,2023,99500,1375000,3
dacia-duster,Dacia Duster,Dacia Duster 1.3 Tce Essential,2023,117000,1350000,3
dacia-duster,Dacia Duster,Dacia Duster 1.3 Tce Essential,2023,38500,1289000,3
dacia-duster,Dacia Duster,Dacia Duster 1.3 Tce Essential,2023,60000,1450000,3
dacia-duster,Dacia Duster,Dacia Duster 1.3 Tce Journey,2023,23700,1625000,3
dacia-duster,Dacia Duster,Dacia Duster 1.5 BlueDCI Essential,2023,119000,1139999,3
dacia-duster,Dacia Duster,Dacia Duster 1.3 Tce Essential,2023,120000,1099000,3
dacia-duster,Dacia Duster,Dacia Duster 1.3 Tce Essential,2023,135000,1295000,3
dacia-duster,Dacia Duster,Dacia Duster 1.3 Tce Journey,2023,108000,1480000,3
dacia-duster,Dacia Duster,Dacia Duster 1.3 Tce Journey,2023,58500,1525000,3
dacia-duster,Dacia Duster,Dacia Duster 1.5 BlueDCI Essential,2023,120000,1310000,3
dacia-duster,Dacia Duster,Dacia Duster 1.3 Tce Journey,2023,21000,1630000,3
dacia-duster,Dacia Duster,Dacia Duster 1.3 Tce Journey,2023,136000,1320000,3
dacia-duster,Dacia Duster,Dacia Duster 1.0 Tce ECO-G Expression,2023,79900,1310000,3
dacia-duster,Dacia Duster,Dacia Duster 1.3 Tce Extreme,2023,39000,1520000,3
dacia-duster,Dacia Duster,Dacia Duster 1.3 Tce Essential,2023,91000,1328500,3
dacia-duster,Dacia Duster,Dacia Duster 1.3 Tce Essential,2023,120000,1265000,3
dacia-duster,Dacia Duster,Dacia Duster 1.3 Tce Journey,2023,69000,1150000,3
dacia-duster,Dacia Duster,Dacia Duster 1.3 Tce Essential,2023,93000,1299000,3
dacia-duster,Dacia Duster,Dacia Duster 1.3 Tce Journey,2023,50000,1350000,3
dacia-duster,Dacia Duster,Dacia Duster 1.3 Tce Essential,2023,53990,1376000,3
dacia-duster,Dacia Duster,Dacia Duster 1.3 Tce Extreme,2023,55500,1550000,3
dacia-duster,Dacia Duster,Dacia Duster 1.3 Tce Journey,2023,23000,1550000,3
dacia-duster,Dacia Duster,Dacia Duster 1.5 BlueDCI Essential,2023,20600,1500000,3
dacia-duster,Dacia Duster,Dacia Duster 1.3 Tce Journey,2023,39500,1585000,3
dacia-duster,Dacia Duster,Dacia Duster 1.0 Tce ECO-G Expression,2023,6100,1440000,3
dacia-duster,Dacia Duster,Dacia Duster 1.3 Tce Extreme,2023,7800,1710000,3
dacia-duster,Dacia Duster,Dacia Duster 1.3 Tce Extreme,2023,60000,1650000,3
dacia-duster,Dacia Duster,Dacia Duster 1.3 Tce Journey,2023,19400,1675000,3
dacia-duster,Dacia Duster,Dacia Duster 1.3 Tce Journey,2023,86000,1425000,3
dacia-duster,Dacia Duster,Dacia Duster 1.0 Tce ECO-G Expression,2023,60000,1365000,3
dacia-duster,Dacia Duster,Dacia Duster 1.0 Tce Essential,2023,103000,1150000,3
dacia-duster,Dacia Duster,Dacia Duster 1.3 Tce Extreme,2023,74000,1550000,3
dacia-duster,Dacia Duster,Dacia Duster 1.3 Tce Journey,2023,26000,1585000,3
dacia-duster,Dacia Duster,Dacia Duster 1.3 Tce Extreme,2023,18500,1500000,3
dacia-duster,Dacia Duster,Dacia Duster 1.0 Tce ECO-G Expression,2023,35000,1345000,3
dacia-duster,Dacia Duster,Dacia Duster 1.3 Tce Extreme,2023,48000,1650000,3
dacia-duster,Dacia Duster,Dacia Duster 1.5 BlueDCI Essential,2023,75200,1405000,3
dacia-duster,Dacia Duster,Dacia Duster 1.0 Tce ECO-G Essential,2023,50000,1480000,3
dacia-duster,Dacia Duster,Dacia Duster 1.3 Tce Essential,2024,65000,1350000,2
dacia-duster,Dacia Duster,Dacia Duster 1.3 Tce Journey,2024,18500,1750000,2
dacia-duster,Dacia Duster,Dacia Duster 1.3 Tce Journey,2024,47808,1498000,2
dacia-duster,Dacia Duster,Dacia Duster 1.3 Tce Extreme,2024,132000,1465000,2
dacia-duster,Dacia Duster,Dacia Duster 1.5 BlueDCI Prestige,2024,101084,1709000,2
dacia-duster,Dacia Duster,Dacia Duster 1.3 Tce Extreme,2024,135000,1395000,2
dacia-duster,Dacia Duster,Dacia Duster 1.3 Tce Extreme,2024,37030,1600000,2
dacia-duster,Dacia Duster,Dacia Duster 1.3 Tce Extreme,2024,18000,1675000,2
dacia-duster,Dacia Duster,Dacia Duster 1.3 Tce Expression,2024,101000,1390000,2
dacia-duster,Dacia Duster,Dacia Duster 1.3 Tce Expression,2024,101000,1390000,2
dacia-duster,Dacia Duster,Dacia Duster 1.3 Tce Extreme,2024,60000,1615000,2
dacia-duster,Dacia Duster,Dacia Duster 1.3 Tce Journey,2024,23000,1569000,2
dacia-duster,Dacia Duster,Dacia Duster 1.5 BlueDCI Prestige,2024,57500,1319900,2
dacia-duster,Dacia Duster,Dacia Duster 1.3 Tce Extreme,2024,37000,1640000,2
dacia-duster,Dacia Duster,Dacia Duster 1.3 Tce Extreme,2024,82000,1550000,2
dacia-duster,Dacia Duster,Dacia Duster 1.3 Tce Essential,2024,67000,1360000,2
dacia-duster,Dacia Duster,Dacia Duster 1.3 Tce Expression,2024,53000,1465000,2
dacia-duster,Dacia Duster,Dacia Duster 1.3 Tce Journey,2024,65181,1459900,2
dacia-duster,Dacia Duster,Dacia Duster 1.3 Tce Essential,2024,41000,1355000,2
dacia-duster,Dacia Duster,Dacia Duster 1.3 Tce Expression,2024,75000,1475000,2
dacia-duster,Dacia Duster,Dacia Duster 1.3 Tce Journey,2024,36800,1610000,2
dacia-duster,Dacia Duster,Dacia Duster 1.3 Tce Extreme,2024,31118,1595000,2
dacia-duster,Dacia Duster,Dacia Duster 1.3 Tce Journey,2024,47000,1575000,2
dacia-duster,Dacia Duster,Dacia Duster 1.3 Tce Journey,2024,39000,1645000,2
dacia-duster,Dacia Duster,Dacia Duster 1.3 Tce Journey,2024,80000,1450000,2
dacia-duster,Dacia Duster,Dacia Duster 1.5 BlueDCI Prestige,2024,116000,1690000,2
dacia-duster,Dacia Duster,Dacia Duster 1.5 BlueDCI Prestige,2024,88000,1770000,2
dacia-duster,Dacia Duster,Dacia Duster 1.3 Tce Expression,2024,80000,1529900,2
dacia-duster,Dacia Duster,Dacia Duster 1.3 Tce Essential,2024,77490,1369000,2
dacia-duster,Dacia Duster,Dacia Duster 1.3 Tce Extreme,2024,130000,1395000,2
dacia-duster,Dacia Duster,Dacia Duster 1.5 BlueDCI Prestige,2024,47500,1775000,2
dacia-duster,Dacia Duster,Dacia Duster 1.5 BlueDCI Prestige,2024,77194,1950000,2
dacia-duster,Dacia Duster,Dacia Duster 1.3 Tce Extreme,2024,73000,1560000,2
dacia-duster,Dacia Duster,Dacia Duster 1.3 Tce Extreme,2024,18000,1627650,2
dacia-duster,Dacia Duster,Dacia Duster 1.3 Tce Expression,2024,11000,1545000,2
dacia-duster,Dacia Duster,Dacia Duster 1.3 Tce Expression,2024,43000,1440000,2
dacia-duster,Dacia Duster,Dacia Duster 1.3 Tce Expression,2024,94750,1390000,2
dacia-duster,Dacia Duster,Dacia Duster 1.3 Tce Essential,2024,69000,1500000,2
dacia-duster,Dacia Duster,Dacia Duster 1.3 Tce Essential,2024,75000,1415000,2
dacia-duster,Dacia Duster,Dacia Duster 1.3 Tce Extreme,2024,76252,1489900,2
dacia-duster,Dacia Duster,Dacia Duster 1.5 BlueDCI Essential,2024,17950,1725000,2
dacia-duster,Dacia Duster,Dacia Duster 1.3 Tce Journey,2024,34500,1589900,2
dacia-duster,Dacia Duster,Dacia Duster 1.3 Tce Extreme,2024,25343,1665000,2
dacia-duster,Dacia Duster,Dacia Duster 1.3 Tce Expression,2024,79250,1265000,2
dacia-duster,Dacia Duster,Dacia Duster 1.5 BlueDCI Prestige,2024,132000,1709900,2
dacia-duster,Dacia Duster,Dacia Duster 1.3 Tce Extreme,2024,8800,1775000,2
dacia-duster,Dacia Duster,Dacia Duster 1.3 Tce Extreme,2024,58500,1495000,2
dacia-duster,Dacia Duster,Dacia Duster 1.3 Tce Expression,2024,33921,1459750,2
dacia-duster,Dacia Duster,Dacia Duster 1.3 Tce Extreme,2024,36785,1650000,2
dacia-duster,Dacia Duster,Dacia Duster 1.5 BlueDCI Prestige,2024,44500,1495000,2
dacia-duster,Dacia Duster,Dacia Duster 1.0 Tce ECO-G Expression,2024,26800,1430000,2
dacia-duster,Dacia Duster,Dacia Duster 1.3 Tce Expression,2024,62000,1375000,2
dacia-duster,Dacia Duster,Dacia Duster 1.3 Tce Journey,2024,24000,1775000,2
dacia-duster,Dacia Duster,Dacia Duster 1.3 Tce Extreme,2024,21000,1685000,2
dacia-duster,Dacia Duster,Dacia Duster 1.3 Tce Expression,2024,56000,1650000,2
dacia-duster,Dacia Duster,Dacia Duster 1.3 Tce Extreme,2024,30000,1665000,2
dacia-duster,Dacia Duster,Dacia Duster 1.3 Tce Expression,2024,26000,1500000,2
dacia-duster,Dacia Duster,Dacia Duster 1.3 Tce Extreme,2024,54000,1585000,2
dacia-duster,Dacia Duster,Dacia Duster 1.3 Tce Extreme,2024,22000,1620000,2
dacia-duster,Dacia Duster,Dacia Duster 1.3 Tce Expression,2024,49000,1600000,2
dacia-duster,Dacia Duster,Dacia Duster 1.3 Tce Journey,2024,85000,1585000,2
ford-kuga,Ford Kuga,Ford Kuga 1.5 EcoBoost Selective,2016,145000,1349750,10
ford-kuga,Ford Kuga,Ford Kuga 1.5 EcoBoost Trend X,2016,125000,1125000,10
ford-kuga,Ford Kuga,Ford Kuga 1.5 EcoBoost Selective,2016,52000,1380000,10
ford-kuga,Ford Kuga,Ford Kuga 1.6 EcoBoost Selective,2016,165000,1190000,10
ford-kuga,Ford Kuga,Ford Kuga 1.5 EcoBoost Titanium,2016,163000,1385000,10
ford-kuga,Ford Kuga,Ford Kuga 1.5 EcoBoost Titanium,2016,150000,1148500,10
ford-kuga,Ford Kuga,Ford Kuga 1.5 EcoBoost Trend X,2016,168000,1125000,10
ford-kuga,Ford Kuga,Ford Kuga 1.5 EcoBoost Selective,2016,232333,1000000,10
ford-kuga,Ford Kuga,Ford Kuga 1.5 EcoBoost Trend X,2016,150000,1195000,10
ford-kuga,Ford Kuga,Ford Kuga 1.5 EcoBoost Titanium,2016,151500,1295000,10
ford-kuga,Ford Kuga,Ford Kuga 1.6 EcoBoost Titanium,2016,115000,1360000,10
ford-kuga,Ford Kuga,Ford Kuga 1.5 EcoBoost Trend X,2016,151000,1227000,10
ford-kuga,Ford Kuga,Ford Kuga 1.5 EcoBoost Selective,2016,100000,1280000,10
ford-kuga,Ford Kuga,Ford Kuga 1.5 EcoBoost Selective,2016,75000,1420000,10
ford-kuga,Ford Kuga,Ford Kuga 1.5 EcoBoost Titanium,2016,62000,1580000,10
ford-kuga,Ford Kuga,Ford Kuga 1.5 EcoBoost Trend X,2016,173000,1125000,10
ford-kuga,Ford Kuga,Ford Kuga 1.5 TDCi ST Line,2017,178000,1379000,9
ford-kuga,Ford Kuga,Ford Kuga 1.5 TDCi Titanium,2017,147000,1270000,9
ford-kuga,Ford Kuga,Ford Kuga 1.5 TDCi Titanium,2017,130000,1325000,9
ford-kuga,Ford Kuga,Ford Kuga 1.5 TDCi Titanium,2017,119000,1370000,9
ford-kuga,Ford Kuga,Ford Kuga 1.5 TDCi Titanium,2017,145000,1385000,9
ford-kuga,Ford Kuga,Ford Kuga 1.5 TDCi Titanium,2017,150000,1500000,9
ford-kuga,Ford Kuga,Ford Kuga 1.5 TDCi ST Line,2017,350000,1375000,9
ford-kuga,Ford Kuga,Ford Kuga 1.5 TDCi Titanium,2017,148000,1420000,9
ford-kuga,Ford Kuga,Ford Kuga 1.5 TDCi Style,2017,111000,1415000,9
ford-kuga,Ford Kuga,Ford Kuga 1.5 TDCi Style,2017,175000,1289000,9
ford-kuga,Ford Kuga,Ford Kuga 1.5 EcoBoost Style,2017,145000,1350000,9
ford-kuga,Ford Kuga,Ford Kuga 1.5 EcoBoost Style,2017,34100,1390000,9
ford-kuga,Ford Kuga,Ford Kuga 1.5 TDCi Titanium,2017,218000,1099000,9
ford-kuga,Ford Kuga,Ford Kuga 1.5 TDCi Titanium,2017,223000,1395000,9
ford-kuga,Ford Kuga,Ford Kuga 1.5 TDCi Titanium,2017,209000,1185000,9
ford-kuga,Ford Kuga,Ford Kuga 1.5 TDCi Titanium,2017,156000,1389000,9
ford-kuga,Ford Kuga,Ford Kuga 1.5 TDCi ST Line,2017,193600,1400000,9
ford-kuga,Ford Kuga,Ford Kuga 1.5 TDCi Titanium,2017,230000,1169000,9
ford-kuga,Ford Kuga,Ford Kuga 1.5 TDCi Titanium,2017,175000,1345000,9
ford-kuga,Ford Kuga,Ford Kuga 1.5 TDCi Titanium,2017,238000,1249000,9
ford-kuga,Ford Kuga,Ford Kuga 1.5 TDCi Titanium,2017,210000,1095000,9
ford-kuga,Ford Kuga,Ford Kuga 1.5 TDCi Titanium,2017,144000,1455000,9
ford-kuga,Ford Kuga,Ford Kuga 1.5 TDCi Titanium,2017,217000,1200000,9
ford-kuga,Ford Kuga,Ford Kuga 1.5 TDCi Titanium,2017,210000,1100000,9
ford-kuga,Ford Kuga,Ford Kuga 1.5 TDCi Titanium,2017,218000,1100000,9
ford-kuga,Ford Kuga,Ford Kuga 1.5 TDCi Titanium,2017,105000,1545000,9
ford-kuga,Ford Kuga,Ford Kuga 1.5 TDCi Titanium,2017,126000,1429750,9
ford-kuga,Ford Kuga,Ford Kuga 1.5 TDCi Style,2017,176000,1445000,9
ford-kuga,Ford Kuga,Ford Kuga 1.5 TDCi Titanium,2017,142000,1159000,9
ford-kuga,Ford Kuga,Ford Kuga 1.5 TDCi Titanium,2017,118000,1430000,9
ford-kuga,Ford Kuga,Ford Kuga 1.5 TDCi Titanium,2017,93000,1400000,9
ford-kuga,Ford Kuga,Ford Kuga 1.5 TDCi Titanium,2017,146500,1350000,9
ford-kuga,Ford Kuga,Ford Kuga 1.5 TDCi Titanium,2017,170000,1150000,9
ford-kuga,Ford Kuga,Ford Kuga 1.5 TDCi Titanium,2017,135000,1395000,9
ford-kuga,Ford Kuga,Ford Kuga 1.5 TDCi Titanium,2017,105000,1355000,9
ford-kuga,Ford Kuga,Ford Kuga 1.5 TDCi Titanium,2017,157000,1095000,9
ford-kuga,Ford Kuga,Ford Kuga 1.5 TDCi Style,2017,173000,1310000,9
ford-kuga,Ford Kuga,Ford Kuga 1.5 EcoBoost Titanium,2017,184500,1395000,9
ford-kuga,Ford Kuga,Ford Kuga 1.5 TDCi Titanium,2017,47000,1560000,9
ford-kuga,Ford Kuga,Ford Kuga 1.5 TDCi Titanium,2017,199850,1320000,9
ford-kuga,Ford Kuga,Ford Kuga 1.5 TDCi Style,2017,103000,1290000,9
ford-kuga,Ford Kuga,Ford Kuga 1.5 TDCi Titanium,2017,237000,1135000,9
ford-kuga,Ford Kuga,Ford Kuga 1.5 TDCi Titanium,2017,196000,1335000,9
ford-kuga,Ford Kuga,Ford Kuga 1.5 TDCi ST Line,2017,205000,1475000,9
ford-kuga,Ford Kuga,Ford Kuga 1.5 TDCi Titanium,2017,161000,1480000,9
ford-kuga,Ford Kuga,Ford Kuga 1.5 TDCi Titanium,2017,167000,1400000,9
ford-kuga,Ford Kuga,Ford Kuga 1.5 TDCi Style,2017,135000,1375000,9
ford-kuga,Ford Kuga,Ford Kuga 1.5 TDCi Titanium,2017,141000,1325000,9
ford-kuga,Ford Kuga,Ford Kuga 1.5 TDCi Style,2017,320000,1200000,9
ford-kuga,Ford Kuga,Ford Kuga 1.5 TDCi Titanium,2017,204000,1080000,9
ford-kuga,Ford Kuga,Ford Kuga 1.5 TDCi Style,2017,87000,1610000,9
ford-kuga,Ford Kuga,Ford Kuga 1.5 TDCi Titanium,2017,122000,1435000,9
ford-kuga,Ford Kuga,Ford Kuga 1.5 TDCi Titanium,2017,154000,1290000,9
ford-kuga,Ford Kuga,Ford Kuga 1.5 TDCi Style,2017,182000,1255000,9
ford-kuga,Ford Kuga,Ford Kuga 1.5 TDCi Titanium,2017,142000,1425000,9
ford-kuga,Ford Kuga,Ford Kuga 1.5 TDCi Style,2017,145000,1350000,9
ford-kuga,Ford Kuga,Ford Kuga 1.5 TDCi Titanium,2017,170000,1335000,9
ford-kuga,Ford Kuga,Ford Kuga 1.5 TDCi ST Line,2017,124000,1275000,9
ford-kuga,Ford Kuga,Ford Kuga 1.5 EcoBoost Style,2017,117000,1289000,9
ford-kuga,Ford Kuga,Ford Kuga 1.5 TDCi Titanium,2017,196000,1270000,9
ford-kuga,Ford Kuga,Ford Kuga 1.5 TDCi Titanium,2017,118000,1370000,9
ford-kuga,Ford Kuga,Ford Kuga 1.5 TDCi ST Line,2017,147800,1380000,9
ford-kuga,Ford Kuga,Ford Kuga 1.5 TDCi Titanium,2017,94500,1459000,9
ford-kuga,Ford Kuga,Ford Kuga 1.5 TDCi Titanium,2017,196000,1267000,9
ford-kuga,Ford Kuga,Ford Kuga 1.5 TDCi Style,2017,149000,1450000,9
ford-kuga,Ford Kuga,Ford Kuga 1.5 TDCi Titanium,2017,136150,1475000,9
ford-kuga,Ford Kuga,Ford Kuga 1.5 TDCi Titanium,2017,153000,1550000,9
ford-kuga,Ford Kuga,Ford Kuga 1.5 TDCi Titanium,2017,199000,1300000,9
ford-kuga,Ford Kuga,Ford Kuga 1.5 TDCi Style,2017,159000,1375000,9
ford-kuga,Ford Kuga,Ford Kuga 1.5 TDCi Titanium,2017,146330,1420000,9
ford-kuga,Ford Kuga,Ford Kuga 1.5 TDCi Titanium,2017,163000,1295000,9
ford-kuga,Ford Kuga,Ford Kuga 1.5 TDCi Style,2017,130000,1335000,9
ford-kuga,Ford Kuga,Ford Kuga 1.5 TDCi Style,2018,45000,1575000,8
ford-kuga,Ford Kuga,Ford Kuga 1.5 TDCi Titanium,2018,137000,1475000,8
ford-kuga,Ford Kuga,Ford Kuga 1.5 TDCi Titanium,2018,101580,1700000,8
ford-kuga,Ford Kuga,Ford Kuga 1.5 TDCi Titanium,2018,105988,1370000,8
ford-kuga,Ford Kuga,Ford Kuga 1.5 TDCi ST Line,2018,97000,1730000,8
ford-kuga,Ford Kuga,Ford Kuga 1.5 TDCi Style,2018,189000,1219000,8
ford-kuga,Ford Kuga,Ford Kuga 1.5 TDCi Style,2018,131000,1350000,8
ford-kuga,Ford Kuga,Ford Kuga 1.5 TDCi ST Line,2018,120000,1580000,8
ford-kuga,Ford Kuga,Ford Kuga 1.5 TDCi Style,2018,61000,1519000,8
ford-kuga,Ford Kuga,Ford Kuga 1.5 TDCi Style,2018,169000,1315000,8
ford-kuga,Ford Kuga,Ford Kuga 1.5 TDCi Titanium,2018,132894,1515000,8
ford-kuga,Ford Kuga,Ford Kuga 1.5 TDCi Titanium,2018,186000,1485000,8
ford-kuga,Ford Kuga,Ford Kuga 1.5 TDCi Titanium,2018,115800,1525000,8
ford-kuga,Ford Kuga,Ford Kuga 1.5 TDCi Titanium,2018,171000,1425000,8
ford-kuga,Ford Kuga,Ford Kuga 1.5 TDCi Titanium,2018,133000,1550000,8
ford-kuga,Ford Kuga,Ford Kuga 1.5 TDCi Titanium,2018,47000,1730000,8
ford-kuga,Ford Kuga,Ford Kuga 1.5 TDCi ST Line,2018,114600,1535000,8
ford-kuga,Ford Kuga,Ford Kuga 1.5 TDCi Titanium,2018,111752,1529000,8
ford-kuga,Ford Kuga,Ford Kuga 1.5 TDCi Style,2018,110000,1475000,8
ford-kuga,Ford Kuga,Ford Kuga 1.5 TDCi ST Line,2018,107000,1460000,8
ford-kuga,Ford Kuga,Ford Kuga 1.5 TDCi ST Line,2018,194000,1265000,8
ford-kuga,Ford Kuga,Ford Kuga 1.5 TDCi Titanium,2018,161000,1385000,8
ford-kuga,Ford Kuga,Ford Kuga 1.5 TDCi Style,2018,80000,1235000,8
ford-kuga,Ford Kuga,Ford Kuga 1.5 TDCi Titanium,2018,112000,1600000,8
ford-kuga,Ford Kuga,Ford Kuga 1.5 TDCi Titanium,2018,87000,1630000,8
ford-kuga,Ford Kuga,Ford Kuga 1.5 TDCi Titanium,2018,91300,1700000,8
ford-kuga,Ford Kuga,Ford Kuga 1.5 TDCi Style,2018,121000,1369000,8
ford-kuga,Ford Kuga,Ford Kuga 1.5 TDCi Titanium,2018,225000,1185000,8
ford-kuga,Ford Kuga,Ford Kuga 1.5 TDCi Titanium,2018,146000,1537500,8
ford-kuga,Ford Kuga,Ford Kuga 1.5 TDCi Titanium,2018,147000,1485000,8
ford-kuga,Ford Kuga,Ford Kuga 1.5 TDCi ST Line,2018,200000,1270000,8
ford-kuga,Ford Kuga,Ford Kuga 1.5 TDCi ST Line,2018,182000,1395000,8
ford-kuga,Ford Kuga,Ford Kuga 1.5 TDCi Titanium,2018,83100,1595000,8
ford-kuga,Ford Kuga,Ford Kuga 1.5 TDCi Titanium,2018,87000,1565000,8
ford-kuga,Ford Kuga,Ford Kuga 1.5 TDCi Titanium,2018,135000,1420000,8
ford-kuga,Ford Kuga,Ford Kuga 1.5 TDCi Style,2018,205000,1300000,8
ford-kuga,Ford Kuga,Ford Kuga 1.5 TDCi Style,2018,153972,1450000,8
ford-kuga,Ford Kuga,Ford Kuga 1.5 EcoBoost Titanium,2018,99000,1600000,8
ford-kuga,Ford Kuga,Ford Kuga 1.5 TDCi Style,2018,94000,1400000,8
ford-kuga,Ford Kuga,Ford Kuga 1.5 TDCi Titanium,2018,159000,1465000,8
ford-kuga,Ford Kuga,Ford Kuga 1.5 TDCi Style,2018,186000,1250000,8
ford-kuga,Ford Kuga,Ford Kuga 1.5 EcoBoost ST Line,2018,70000,1480000,8
ford-kuga,Ford Kuga,Ford Kuga 1.5 TDCi Style,2018,161500,1425000,8
ford-kuga,Ford Kuga,Ford Kuga 1.5 TDCi Titanium,2018,124000,1585000,8
ford-kuga,Ford Kuga,Ford Kuga 1.5 TDCi Titanium,2018,165000,1425000,8
ford-kuga,Ford Kuga,Ford Kuga 1.5 TDCi Titanium,2018,58250,1600000,8
ford-kuga,Ford Kuga,Ford Kuga 1.5 TDCi Style,2018,72000,1475000,8
ford-kuga,Ford Kuga,Ford Kuga 1.5 TDCi Titanium,2019,143000,1525000,7
ford-kuga,Ford Kuga,Ford Kuga 1.5 TDCi Titanium,2019,68750,1575000,7
ford-kuga,Ford Kuga,Ford Kuga 1.5 TDCi Titanium,2019,137000,1605500,7
ford-kuga,Ford Kuga,Ford Kuga 1.5 TDCi Titanium,2019,124000,1515000,7
ford-kuga,Ford Kuga,Ford Kuga 1.5 TDCi Titanium,2019,306000,1095000,7
ford-kuga,Ford Kuga,Ford Kuga 1.5 TDCi Titanium,2019,124000,1410000,7
ford-kuga,Ford Kuga,Ford Kuga 1.5 TDCi Titanium,2019,229000,1190000,7
ford-kuga,Ford Kuga,Ford Kuga 1.5 TDCi Titanium,2019,127741,1495000,7
ford-kuga,Ford Kuga,Ford Kuga 1.5 TDCi Titanium,2019,131000,1550000,7
ford-kuga,Ford Kuga,Ford Kuga 1.5 TDCi Titanium,2019,144500,1440000,7
ford-kuga,Ford Kuga,Ford Kuga 1.5 TDCi Titanium,2019,180000,1310000,7
ford-kuga,Ford Kuga,Ford Kuga 1.5 TDCi Titanium,2019,81000,1630000,7
ford-kuga,Ford Kuga,Ford Kuga 1.5 TDCi Titanium,2019,113000,1455000,7
ford-kuga,Ford Kuga,Ford Kuga 1.5 TDCi Titanium,2019,128750,1530000,7
ford-kuga,Ford Kuga,Ford Kuga 1.5 TDCi Titanium,2019,145000,1445000,7
ford-kuga,Ford Kuga,Ford Kuga 1.5 TDCi Titanium,2019,110000,1520000,7
ford-kuga,Ford Kuga,Ford Kuga 1.5 TDCi Titanium,2019,105000,1635000,7
ford-kuga,Ford Kuga,Ford Kuga 1.5 TDCi Titanium,2019,147000,1550000,7
ford-kuga,Ford Kuga,Ford Kuga 1.5 TDCi Titanium,2019,106000,1520000,7
ford-kuga,Ford Kuga,Ford Kuga 1.5 TDCi Titanium,2019,167120,1130000,7
ford-kuga,Ford Kuga,Ford Kuga 1.5 TDCi Titanium,2019,131000,1179000,7
ford-kuga,Ford Kuga,Ford Kuga 1.5 TDCi Titanium,2019,96000,1645000,7
ford-kuga,Ford Kuga,Ford Kuga 1.5 TDCi Titanium,2019,146000,1535000,7
ford-kuga,Ford Kuga,Ford Kuga 1.5 TDCi Titanium,2019,102000,1080000,7
ford-kuga,Ford Kuga,Ford Kuga 1.5 TDCi Titanium,2019,140000,1365000,7
ford-kuga,Ford Kuga,Ford Kuga 1.5 TDCi Titanium,2019,135600,1350000,7
ford-kuga,Ford Kuga,Ford Kuga 1.5 TDCi Titanium,2019,150000,1050000,7
ford-kuga,Ford Kuga,Ford Kuga 1.5 TDCi Titanium,2019,128000,1480000,7
ford-kuga,Ford Kuga,Ford Kuga 1.5 TDCi Titanium,2019,95000,1599000,7
ford-kuga,Ford Kuga,Ford Kuga 1.5 TDCi Titanium,2019,90000,1715000,7
ford-kuga,Ford Kuga,Ford Kuga 1.5 TDCi Titanium,2019,91000,1650000,7
ford-kuga,Ford Kuga,Ford Kuga 1.5 TDCi Titanium,2019,129000,1374000,7
ford-kuga,Ford Kuga,Ford Kuga 1.5 TDCi Titanium,2019,85000,1250000,7
ford-kuga,Ford Kuga,Ford Kuga 1.5 TDCi Titanium,2019,72000,1359000,7
ford-kuga,Ford Kuga,Ford Kuga 1.5 TDCi Titanium,2019,71200,1785000,7
ford-kuga,Ford Kuga,Ford Kuga 1.5 TDCi Titanium,2019,298000,1075000,7
ford-kuga,Ford Kuga,Ford Kuga 1.5 EcoBlue Titanium,2020,131000,1765000,6
ford-kuga,Ford Kuga,Ford Kuga 1.5 EcoBlue Titanium,2020,132000,1820000,6
ford-kuga,Ford Kuga,Ford Kuga 1.5 EcoBlue Titanium,2020,100000,1750000,6
ford-kuga,Ford Kuga,Ford Kuga 1.5 EcoBlue Titanium,2020,92000,1930000,6
ford-kuga,Ford Kuga,Ford Kuga 1.5 EcoBlue Titanium,2020,90000,1677500,6
ford-kuga,Ford Kuga,Ford Kuga 1.5 EcoBlue Titanium,2020,115000,1920000,6
ford-kuga,Ford Kuga,Ford Kuga 1.5 EcoBlue Titanium,2020,114000,1630000,6
ford-kuga,Ford Kuga,Ford Kuga 1.5 EcoBlue ST Line,2020,143000,1785000,6
ford-kuga,Ford Kuga,Ford Kuga 1.5 EcoBlue Titanium,2020,123000,1645000,6
ford-kuga,Ford Kuga,Ford Kuga 1.5 EcoBlue Titanium,2020,119000,1765000,6
ford-kuga,Ford Kuga,Ford Kuga 1.5 EcoBlue Titanium,2020,77700,1859000,6
ford-kuga,Ford Kuga,Ford Kuga 1.5 EcoBlue Titanium,2020,76000,1840000,6
ford-kuga,Ford Kuga,Ford Kuga 1.5 EcoBlue Titanium,2020,41500,1890000,6
ford-kuga,Ford Kuga,Ford Kuga 1.5 EcoBlue Titanium,2020,175000,1585000,6
ford-kuga,Ford Kuga,Ford Kuga 1.5 EcoBlue ST Line,2020,279800,1450000,6
ford-kuga,Ford Kuga,Ford Kuga 1.5 EcoBlue Titanium,2020,72000,1798500,6
ford-kuga,Ford Kuga,Ford Kuga 1.5 EcoBlue Style,2020,113407,1487900,6
ford-kuga,Ford Kuga,Ford Kuga 1.5 EcoBlue Titanium,2020,129000,1629750,6
ford-kuga,Ford Kuga,Ford Kuga 1.5 EcoBlue Titanium,2020,170000,1480000,6
ford-kuga,Ford Kuga,Ford Kuga 1.5 EcoBlue Titanium,2020,92500,1890000,6
ford-kuga,Ford Kuga,Ford Kuga 1.5 EcoBlue Titanium,2020,116596,1950000,6
ford-kuga,Ford Kuga,Ford Kuga 1.5 EcoBlue Titanium,2020,39500,1850000,6
ford-kuga,Ford Kuga,Ford Kuga 1.5 EcoBlue Titanium,2020,174000,1380000,6
ford-kuga,Ford Kuga,Ford Kuga 1.5 EcoBlue Titanium,2020,149000,1569950,6
ford-kuga,Ford Kuga,Ford Kuga 1.5 EcoBlue ST Line,2020,117999,1819999,6
ford-kuga,Ford Kuga,Ford Kuga 1.5 EcoBlue Titanium,2020,123000,1575000,6
ford-kuga,Ford Kuga,Ford Kuga 1.5 EcoBlue Style,2020,208000,1430000,6
ford-kuga,Ford Kuga,Ford Kuga 1.5 EcoBlue Style,2020,211000,1379000,6
ford-kuga,Ford Kuga,Ford Kuga 1.5 EcoBlue Titanium,2020,110000,1595000,6
ford-kuga,Ford Kuga,Ford Kuga 1.5 EcoBlue Titanium,2020,109000,1725000,6
ford-kuga,Ford Kuga,Ford Kuga 1.5 EcoBlue Titanium,2020,97500,1798000,6
ford-kuga,Ford Kuga,Ford Kuga 1.5 EcoBlue Titanium,2020,96000,1815900,6
ford-kuga,Ford Kuga,Ford Kuga 1.5 EcoBlue Titanium,2020,170000,1545000,6
ford-kuga,Ford Kuga,Ford Kuga 1.5 EcoBlue Style,2020,146000,1475000,6
ford-kuga,Ford Kuga,Ford Kuga 1.5 EcoBlue ST Line,2020,88000,1965000,6
ford-kuga,Ford Kuga,Ford Kuga 1.5 EcoBlue Style,2020,78000,1649000,6
ford-kuga,Ford Kuga,Ford Kuga 1.5 EcoBlue Titanium,2020,103296,1710000,6
ford-kuga,Ford Kuga,Ford Kuga 1.5 EcoBlue Titanium,2020,113300,1519000,6
ford-kuga,Ford Kuga,Ford Kuga 1.5 EcoBlue Titanium,2020,79000,1799000,6
ford-kuga,Ford Kuga,Ford Kuga 1.5 EcoBlue ST Line,2020,114000,1900000,6
ford-kuga,Ford Kuga,Ford Kuga 1.5 EcoBlue Titanium,2020,109000,1725000,6
ford-kuga,Ford Kuga,Ford Kuga 1.5 EcoBlue ST Line,2020,115000,1870000,6
ford-kuga,Ford Kuga,Ford Kuga 1.5 EcoBlue Titanium,2020,85000,1755000,6
ford-kuga,Ford Kuga,Ford Kuga 1.5 EcoBlue ST Line,2020,170000,1725000,6
ford-kuga,Ford Kuga,Ford Kuga 1.5 EcoBlue Style,2020,100000,1680000,6
ford-kuga,Ford Kuga,Ford Kuga 1.5 EcoBlue Titanium,2020,136000,1670000,6
ford-kuga,Ford Kuga,Ford Kuga 1.5 EcoBlue Titanium,2020,153000,1499000,6
ford-kuga,Ford Kuga,Ford Kuga 1.5 EcoBlue Titanium,2020,91569,1925000,6
ford-kuga,Ford Kuga,Ford Kuga 1.5 EcoBlue Titanium,2020,116000,1799999,6
ford-kuga,Ford Kuga,Ford Kuga 1.5 EcoBlue Titanium,2020,76118,1715000,6
ford-kuga,Ford Kuga,Ford Kuga 1.5 EcoBlue ST Line,2020,60200,1875000,6
ford-kuga,Ford Kuga,Ford Kuga 1.5 EcoBlue Style,2020,144000,1439000,6
ford-kuga,Ford Kuga,Ford Kuga 1.5 EcoBlue ST Line,2020,137000,1890000,6
ford-kuga,Ford Kuga,Ford Kuga 1.5 EcoBlue Titanium,2020,240000,1625000,6
ford-kuga,Ford Kuga,Ford Kuga 1.5 EcoBlue Titanium,2020,92000,1698850,6
ford-kuga,Ford Kuga,Ford Kuga 1.5 EcoBlue Titanium,2020,152000,1650000,6
ford-kuga,Ford Kuga,Ford Kuga 1.5 EcoBlue ST Line,2020,103000,1879000,6
ford-kuga,Ford Kuga,Ford Kuga 1.5 EcoBlue Titanium,2020,103000,1659000,6
ford-kuga,Ford Kuga,Ford Kuga 1.5 EcoBlue Titanium,2020,127000,1605000,6
ford-kuga,Ford Kuga,Ford Kuga 1.5 EcoBlue Titanium,2020,90000,1740000,6
ford-kuga,Ford Kuga,Ford Kuga 1.5 EcoBlue Titanium,2020,91000,1885000,6
ford-kuga,Ford Kuga,Ford Kuga 1.5 EcoBlue Titanium,2020,77000,1820000,6
ford-kuga,Ford Kuga,Ford Kuga 1.5 EcoBlue Titanium,2020,56000,1900000,6
ford-kuga,Ford Kuga,Ford Kuga 1.5 EcoBlue Style,2020,143000,1450000,6
ford-kuga,Ford Kuga,Ford Kuga 1.5 EcoBlue Titanium,2020,129000,1699000,6
ford-kuga,Ford Kuga,Ford Kuga 1.5 EcoBlue Titanium,2020,216000,1450000,6
ford-kuga,Ford Kuga,Ford Kuga 1.5 EcoBlue Titanium,2020,42400,1930000,6
ford-kuga,Ford Kuga,Ford Kuga 1.5 EcoBlue Style,2020,61000,1625000,6
ford-kuga,Ford Kuga,Ford Kuga 1.5 EcoBlue Titanium,2020,58723,2090000,6
ford-kuga,Ford Kuga,Ford Kuga 1.5 EcoBlue Titanium,2020,79500,1825000,6
ford-kuga,Ford Kuga,Ford Kuga 1.5 EcoBlue Style,2020,18000,1850000,6
ford-kuga,Ford Kuga,Ford Kuga 1.5 EcoBlue Titanium,2020,114000,1695000,6
ford-kuga,Ford Kuga,Ford Kuga 1.5 EcoBlue Titanium,2020,110000,1710000,6
ford-kuga,Ford Kuga,Ford Kuga 1.5 EcoBlue Titanium,2020,108788,1757000,6
ford-kuga,Ford Kuga,Ford Kuga 1.5 EcoBlue Titanium,2020,51000,2050000,6
ford-kuga,Ford Kuga,Ford Kuga 1.5 EcoBlue Titanium,2020,127000,1759950,6
ford-kuga,Ford Kuga,Ford Kuga 1.5 EcoBlue Titanium,2020,106000,1780000,6
ford-kuga,Ford Kuga,Ford Kuga 1.5 EcoBlue Titanium,2020,122000,1730000,6
ford-kuga,Ford Kuga,Ford Kuga 1.5 EcoBlue Titanium,2020,134000,1755000,6
ford-kuga,Ford Kuga,Ford Kuga 1.5 EcoBlue Titanium,2020,94000,1790000,6
ford-kuga,Ford Kuga,Ford Kuga 1.5 EcoBlue Titanium,2020,78000,1799000,6
ford-kuga,Ford Kuga,Ford Kuga 1.5 EcoBlue Titanium,2020,110000,1850000,6
ford-kuga,Ford Kuga,Ford Kuga 1.5 EcoBlue Titanium,2020,90000,1850000,6
ford-kuga,Ford Kuga,Ford Kuga 1.5 EcoBlue Titanium,2020,125000,1690000,6
ford-kuga,Ford Kuga,Ford Kuga 1.5 EcoBlue Titanium,2020,54000,1870000,6
ford-kuga,Ford Kuga,Ford Kuga 1.5 EcoBlue Titanium,2020,78000,1765000,6
ford-kuga,Ford Kuga,Ford Kuga 1.5 EcoBlue Style,2020,27500,1890000,6
ford-kuga,Ford Kuga,Ford Kuga 1.5 EcoBlue Titanium,2020,113000,1830000,6
ford-kuga,Ford Kuga,Ford Kuga 1.5 EcoBlue Titanium,2020,77000,1850000,6
ford-kuga,Ford Kuga,Ford Kuga 1.5 EcoBlue Titanium,2020,49000,1810000,6
ford-kuga,Ford Kuga,Ford Kuga 1.5 EcoBlue Titanium,2020,156000,1670000,6
ford-kuga,Ford Kuga,Ford Kuga 1.5 EcoBlue Titanium,2020,134000,1740000,6
ford-kuga,Ford Kuga,Ford Kuga 1.5 EcoBlue Titanium,2020,199000,1500000,6
ford-kuga,Ford Kuga,Ford Kuga 1.5 EcoBlue Titanium,2020,142000,1650000,6
ford-kuga,Ford Kuga,Ford Kuga 1.5 EcoBlue Titanium,2020,111000,1845000,6
ford-kuga,Ford Kuga,Ford Kuga 1.5 EcoBlue Titanium,2020,92500,1740000,6
ford-kuga,Ford Kuga,Ford Kuga 1.5 EcoBlue Titanium,2020,52000,1825000,6
ford-kuga,Ford Kuga,Ford Kuga 1.5 EcoBlue Titanium,2020,81000,1840000,6
ford-kuga,Ford Kuga,Ford Kuga 1.5 EcoBlue Titanium,2020,130000,1650000,6
ford-kuga,Ford Kuga,Ford Kuga 1.5 EcoBlue Titanium,2020,92000,1820000,6
ford-kuga,Ford Kuga,Ford Kuga 1.5 EcoBlue Style,2020,131000,1475000,6
ford-kuga,Ford Kuga,Ford Kuga 1.5 EcoBlue Titanium,2020,96000,1670000,6
ford-kuga,Ford Kuga,Ford Kuga 1.5 EcoBlue ST Line,2020,105000,1852000,6
ford-kuga,Ford Kuga,Ford Kuga 1.5 EcoBlue Style,2020,139900,1600000,6
ford-kuga,Ford Kuga,Ford Kuga 1.5 EcoBlue Titanium,2021,64000,1868000,5
ford-kuga,Ford Kuga,Ford Kuga 1.5 EcoBlue Titanium,2021,69000,1890000,5
ford-kuga,Ford Kuga,Ford Kuga 1.5 EcoBlue Titanium,2021,78000,1859000,5
ford-kuga,Ford Kuga,Ford Kuga 1.5 EcoBlue Titanium,2021,96000,1775000,5
ford-kuga,Ford Kuga,Ford Kuga 1.5 EcoBlue Titanium,2021,141000,1675000,5
ford-kuga,Ford Kuga,Ford Kuga 1.5 EcoBlue ST Line,2021,100000,1888000,5
ford-kuga,Ford Kuga,Ford Kuga 1.5 EcoBlue Titanium,2021,180000,1545000,5
ford-kuga,Ford Kuga,Ford Kuga 1.5 EcoBlue Titanium,2021,53770,1900000,5
ford-kuga,Ford Kuga,Ford Kuga 1.5 EcoBlue Titanium,2021,93000,1775000,5
ford-kuga,Ford Kuga,Ford Kuga 1.5 EcoBlue Titanium,2021,59000,1860000,5
ford-kuga,Ford Kuga,Ford Kuga 1.5 EcoBlue Style,2022,133000,1685000,4
ford-kuga,Ford Kuga,Ford Kuga 1.5 EcoBoost ST Line,2022,35500,2085000,4
ford-kuga,Ford Kuga,Ford Kuga 1.5 EcoBlue Titanium,2022,77493,1980000,4
ford-kuga,Ford Kuga,Ford Kuga 1.5 EcoBlue ST Line,2022,48000,2225000,4
ford-kuga,Ford Kuga,Ford Kuga 1.5 EcoBlue Titanium,2022,84000,1950000,4
ford-kuga,Ford Kuga,Ford Kuga 1.5 EcoBlue Titanium,2022,85000,1819000,4
ford-kuga,Ford Kuga,Ford Kuga 1.5 EcoBlue Titanium,2022,117000,1478000,4
ford-kuga,Ford Kuga,Ford Kuga 1.5 EcoBlue Titanium,2022,73000,1875000,4
ford-kuga,Ford Kuga,Ford Kuga 1.5 EcoBlue Titanium,2022,82000,1645000,4
ford-kuga,Ford Kuga,Ford Kuga 1.5 EcoBlue Titanium,2022,106000,1830000,4
ford-kuga,Ford Kuga,Ford Kuga 1.5 EcoBlue ST Line,2022,145200,1650000,4
ford-kuga,Ford Kuga,Ford Kuga 1.5 EcoBlue ST Line,2022,87303,2060000,4
ford-kuga,Ford Kuga,Ford Kuga 1.5 EcoBlue ST Line,2022,54000,2100000,4
ford-kuga,Ford Kuga,Ford Kuga 1.5 EcoBlue Titanium,2022,65000,2050000,4
ford-kuga,Ford Kuga,Ford Kuga 1.5 EcoBlue Titanium,2022,84000,1920000,4
ford-kuga,Ford Kuga,Ford Kuga 1.5 EcoBlue Titanium,2022,76000,2150000,4
ford-kuga,Ford Kuga,Ford Kuga 1.5 EcoBlue Titanium,2022,76000,1935000,4
ford-kuga,Ford Kuga,Ford Kuga 1.5 EcoBlue Titanium,2022,173000,1715000,4
ford-kuga,Ford Kuga,Ford Kuga 1.5 EcoBlue Titanium,2022,44000,1950000,4
ford-kuga,Ford Kuga,Ford Kuga 1.5 EcoBlue Titanium,2022,105000,1834900,4
ford-kuga,Ford Kuga,Ford Kuga 1.5 EcoBlue Titanium,2022,82000,1995000,4
ford-kuga,Ford Kuga,Ford Kuga 1.5 EcoBlue Style,2022,92000,1725000,4
ford-kuga,Ford Kuga,Ford Kuga 1.5 EcoBoost Titanium,2022,145750,1610000,4
ford-kuga,Ford Kuga,Ford Kuga 1.5 EcoBlue Titanium,2022,83000,1995000,4
ford-kuga,Ford Kuga,Ford Kuga 1.5 EcoBlue ST Line,2022,78000,2099750,4
ford-kuga,Ford Kuga,Ford Kuga 1.5 EcoBlue Titanium,2022,108000,1875000,4
ford-kuga,Ford Kuga,Ford Kuga 1.5 EcoBlue Titanium,2022,127000,1710000,4
ford-kuga,Ford Kuga,Ford Kuga 1.5 EcoBlue Titanium,2022,155000,1685000,4
ford-kuga,Ford Kuga,Ford Kuga 1.5 EcoBlue Titanium,2022,6001,2409000,4
ford-kuga,Ford Kuga,Ford Kuga 1.5 EcoBlue Titanium,2022,106000,1900000,4
ford-kuga,Ford Kuga,Ford Kuga 1.5 EcoBlue Titanium,2022,76000,1945000,4
ford-kuga,Ford Kuga,Ford Kuga 1.5 EcoBlue Titanium,2022,121000,1770000,4
ford-kuga,Ford Kuga,Ford Kuga 1.5 EcoBoost Titanium,2022,20000,1890000,4
ford-kuga,Ford Kuga,Ford Kuga 1.5 EcoBlue Titanium,2022,85000,1880000,4
ford-kuga,Ford Kuga,Ford Kuga 1.5 EcoBoost Titanium,2022,80100,1810000,4
ford-kuga,Ford Kuga,Ford Kuga 1.5 EcoBlue Titanium,2022,84000,1800000,4
ford-kuga,Ford Kuga,Ford Kuga 1.5 EcoBlue Titanium,2022,31000,2100000,4
ford-kuga,Ford Kuga,Ford Kuga 1.5 EcoBlue Titanium,2022,31000,2125000,4
ford-kuga,Ford Kuga,Ford Kuga 1.5 EcoBlue Titanium,2022,29700,2125000,4
ford-kuga,Ford Kuga,Ford Kuga 1.5 EcoBlue Titanium,2022,57000,1980000,4
ford-kuga,Ford Kuga,Ford Kuga 1.5 EcoBoost Titanium,2022,81700,1740000,4
ford-kuga,Ford Kuga,Ford Kuga 1.5 EcoBlue Titanium,2022,96300,1820000,4
ford-kuga,Ford Kuga,Ford Kuga 1.5 EcoBlue Titanium,2022,190000,1700000,4
ford-kuga,Ford Kuga,Ford Kuga 1.5 EcoBoost ST Line,2023,42560,2045000,3
ford-kuga,Ford Kuga,Ford Kuga 1.5 EcoBoost Titanium,2023,55000,1825000,3
ford-kuga,Ford Kuga,Ford Kuga 1.5 EcoBoost ST Line,2023,84000,1725000,3
ford-kuga,Ford Kuga,Ford Kuga 1.5 EcoBoost Style,2023,96000,1665000,3
ford-kuga,Ford Kuga,Ford Kuga 1.5 EcoBoost ST Line,2023,63000,2180000,3
ford-kuga,Ford Kuga,Ford Kuga 1.5 EcoBoost Titanium,2023,65000,1750000,3
ford-kuga,Ford Kuga,Ford Kuga 1.5 EcoBoost Titanium,2023,46000,1930000,3
ford-kuga,Ford Kuga,Ford Kuga 1.5 EcoBoost Style,2023,57000,1659000,3
ford-kuga,Ford Kuga,Ford Kuga 1.5 EcoBoost Titanium,2023,25000,1875000,3
ford-kuga,Ford Kuga,Ford Kuga 1.5 EcoBoost Titanium,2023,34000,1899000,3
ford-kuga,Ford Kuga,Ford Kuga 1.5 EcoBoost ST Line,2023,24293,2125000,3
ford-kuga,Ford Kuga,Ford Kuga 1.5 EcoBoost ST Line,2023,39000,2195000,3
ford-kuga,Ford Kuga,Ford Kuga 1.5 EcoBoost ST Line,2023,22000,2185000,3
ford-kuga,Ford Kuga,Ford Kuga 1.5 EcoBoost ST Line,2023,24293,2125000,3
ford-kuga,Ford Kuga,Ford Kuga 1.5 EcoBoost Titanium,2023,57500,1999750,3
ford-kuga,Ford Kuga,Ford Kuga 1.5 EcoBoost Titanium,2023,36000,1890000,3
ford-kuga,Ford Kuga,Ford Kuga 1.5 EcoBoost Titanium,2023,52500,1880000,3
ford-kuga,Ford Kuga,Ford Kuga 1.5 EcoBoost Titanium,2023,38000,1860000,3
ford-kuga,Ford Kuga,Ford Kuga 1.5 EcoBoost Titanium,2023,53000,1850000,3
ford-kuga,Ford Kuga,Ford Kuga 1.5 EcoBoost Titanium,2023,77000,1850000,3
ford-kuga,Ford Kuga,Ford Kuga 1.5 EcoBoost Titanium,2023,82000,1765000,3
ford-kuga,Ford Kuga,Ford Kuga 1.5 EcoBoost Titanium,2023,46000,1729000,3
ford-kuga,Ford Kuga,Ford Kuga 1.5 EcoBoost Titanium,2023,51000,1719850,3
ford-kuga,Ford Kuga,Ford Kuga 1.5 EcoBoost Style,2023,49000,1705000,3
ford-kuga,Ford Kuga,Ford Kuga 1.5 EcoBoost Titanium,2023,90036,1839000,3
ford-kuga,Ford Kuga,Ford Kuga 1.5 EcoBoost Titanium,2023,102000,1625000,3
ford-kuga,Ford Kuga,Ford Kuga 1.5 EcoBoost Style,2023,46000,1415000,3
ford-kuga,Ford Kuga,Ford Kuga 1.5 EcoBoost Titanium,2023,85000,1725000,3
ford-kuga,Ford Kuga,Ford Kuga 1.5 EcoBoost Titanium,2023,132000,1730000,3
ford-kuga,Ford Kuga,Ford Kuga 1.5 EcoBoost Style,2023,48000,1705000,3
ford-kuga,Ford Kuga,Ford Kuga 1.5 EcoBoost Titanium,2023,93500,1765000,3
ford-kuga,Ford Kuga,Ford Kuga 1.5 EcoBoost Titanium,2023,83500,1709900,3
ford-kuga,Ford Kuga,Ford Kuga 1.5 EcoBoost Titanium,2023,45000,1865000,3
ford-kuga,Ford Kuga,Ford Kuga 1.5 EcoBoost ST Line,2023,23500,2225000,3
ford-kuga,Ford Kuga,Ford Kuga 1.5 EcoBoost ST Line,2023,52000,2175000,3
ford-kuga,Ford Kuga,Ford Kuga 1.5 EcoBoost Titanium,2023,35000,1918750,3
ford-kuga,Ford Kuga,Ford Kuga 1.5 EcoBoost Vignale,2023,27000,2300000,3
ford-kuga,Ford Kuga,Ford Kuga 1.5 EcoBoost Titanium,2023,85000,1855500,3
ford-kuga,Ford Kuga,Ford Kuga 1.5 EcoBoost ST Line,2023,49000,1925000,3
ford-kuga,Ford Kuga,Ford Kuga 1.5 EcoBoost Titanium,2023,25883,1980000,3
ford-kuga,Ford Kuga,Ford Kuga 1.5 EcoBoost ST Line,2023,12000,2000000,3
ford-kuga,Ford Kuga,Ford Kuga 1.5 EcoBoost Titanium,2023,61000,1820000,3
ford-kuga,Ford Kuga,Ford Kuga 1.5 EcoBoost Style,2023,51000,1460000,3
ford-kuga,Ford Kuga,Ford Kuga 1.5 EcoBoost ST Line,2023,51000,1960000,3
ford-kuga,Ford Kuga,Ford Kuga 1.5 EcoBoost Titanium,2023,26700,1975000,3
ford-kuga,Ford Kuga,Ford Kuga 1.5 EcoBoost Titanium,2023,45000,1835000,3
ford-kuga,Ford Kuga,Ford Kuga 1.5 EcoBoost ST Line,2023,43000,2120000,3
ford-kuga,Ford Kuga,Ford Kuga 1.5 EcoBoost Style,2023,31600,1600000,3
ford-kuga,Ford Kuga,Ford Kuga 1.5 EcoBoost Titanium,2023,49000,1750000,3
ford-kuga,Ford Kuga,Ford Kuga 1.5 EcoBoost Style,2023,28000,1480000,3
ford-kuga,Ford Kuga,Ford Kuga 1.5 EcoBoost ST Line,2023,30100,2000000,3
ford-kuga,Ford Kuga,Ford Kuga 1.5 EcoBoost Style,2023,23500,1520000,3
ford-kuga,Ford Kuga,Ford Kuga 1.5 EcoBoost Titanium,2023,45000,1900000,3
ford-kuga,Ford Kuga,Ford Kuga 1.5 EcoBoost ST Line,2023,65000,1872000,3
ford-kuga,Ford Kuga,Ford Kuga 1.5 EcoBoost Titanium,2023,41000,1945000,3
ford-kuga,Ford Kuga,Ford Kuga 1.5 EcoBoost Titanium,2023,101000,1620000,3
ford-kuga,Ford Kuga,Ford Kuga 1.5 EcoBoost Titanium,2023,15200,1972000,3
ford-kuga,Ford Kuga,Ford Kuga 1.5 EcoBoost Titanium,2024,35000,1925000,2
ford-kuga,Ford Kuga,Ford Kuga 1.5 EcoBoost ST Line,2024,56500,2169000,2
ford-kuga,Ford Kuga,Ford Kuga 1.5 EcoBoost Trend X,2024,27300,2380000,2
ford-kuga,Ford Kuga,Ford Kuga 1.5 EcoBoost Trend X,2024,57015,2159000,2
ford-kuga,Ford Kuga,Ford Kuga 1.5 EcoBoost Trend X,2024,22000,1875000,2
ford-kuga,Ford Kuga,Ford Kuga 1.5 EcoBoost Titanium,2024,6001,1985000,2
ford-kuga,Ford Kuga,Ford Kuga 1.5 EcoBoost Trend X,2024,20654,2375950,2
ford-kuga,Ford Kuga,Ford Kuga 1.5 EcoBoost Titanium,2024,20800,1917000,2
ford-kuga,Ford Kuga,Ford Kuga 1.5 EcoBoost Titanium,2024,16800,1915000,2
ford-kuga,Ford Kuga,Ford Kuga 1.5 EcoBoost Titanium,2024,13000,1907000,2
ford-kuga,Ford Kuga,Ford Kuga 1.5 EcoBoost Titanium,2024,17500,1850000,2
ford-kuga,Ford Kuga,Ford Kuga 1.5 EcoBoost Titanium,2024,23500,2200000,2
ford-kuga,Ford Kuga,Ford Kuga 1.5 EcoBoost Titanium,2024,44454,1950000,2
ford-kuga,Ford Kuga,Ford Kuga 1.5 EcoBoost Titanium,2024,42125,1945000,2
ford-kuga,Ford Kuga,Ford Kuga 1.5 EcoBoost Trend X,2024,12500,2399900,2
ford-kuga,Ford Kuga,Ford Kuga 1.5 EcoBoost Titanium,2024,11000,2070000,2
ford-kuga,Ford Kuga,Ford Kuga 1.5 EcoBoost Trend X,2024,21000,2520000,2
ford-kuga,Ford Kuga,Ford Kuga 1.5 EcoBoost Trend X,2024,33530,2350000,2
ford-kuga,Ford Kuga,Ford Kuga 1.5 EcoBoost Titanium,2024,66000,1970000,2
ford-kuga,Ford Kuga,Ford Kuga 1.5 EcoBoost Titanium,2024,6001,2169000,2
ford-kuga,Ford Kuga,Ford Kuga 1.5 EcoBoost Titanium,2024,17500,2179000,2
ford-kuga,Ford Kuga,Ford Kuga 1.5 EcoBoost Trend X,2024,12000,2450000,2
ford-kuga,Ford Kuga,Ford Kuga 1.5 EcoBoost Titanium,2024,28000,1965000,2
ford-kuga,Ford Kuga,Ford Kuga 1.5 EcoBoost Titanium,2024,19000,1963000,2
ford-kuga,Ford Kuga,Ford Kuga 1.5 EcoBoost Titanium,2024,20500,1950000,2
ford-kuga,Ford Kuga,Ford Kuga 1.5 EcoBoost ST Line,2024,20000,2270000,2
ford-kuga,Ford Kuga,Ford Kuga 1.5 EcoBoost Titanium,2024,22000,2050000,2
ford-kuga,Ford Kuga,Ford Kuga 1.5 EcoBoost Titanium,2024,51650,1950000,2
ford-kuga,Ford Kuga,Ford Kuga 1.5 EcoBoost Titanium,2024,14000,2125000,2
ford-kuga,Ford Kuga,Ford Kuga 1.5 EcoBoost Titanium,2024,23800,2150000,2
ford-kuga,Ford Kuga,Ford Kuga 1.5 EcoBoost Titanium,2024,16000,2100000,2
ford-kuga,Ford Kuga,Ford Kuga 1.5 EcoBoost Titanium,2024,7900,1975000,2
ford-kuga,Ford Kuga,Ford Kuga 1.5 EcoBoost Titanium,2024,30000,1975000,2
ford-kuga,Ford Kuga,Ford Kuga 1.5 EcoBoost Titanium,2024,24000,2200000,2
ford-kuga,Ford Kuga,Ford Kuga 1.5 EcoBoost Titanium,2024,25000,1750000,2
ford-kuga,Ford Kuga,Ford Kuga 1.5 EcoBoost ST Line,2024,17000,2535000,2
ford-kuga,Ford Kuga,Ford Kuga 1.5 EcoBoost Titanium,2025,17000,2275000,1
ford-kuga,Ford Kuga,Ford Kuga 1.5 EcoBoost Titanium,2025,6800,2133000,1
ford-kuga,Ford Kuga,Ford Kuga 1.5 EcoBoost Titanium,2025,14500,2115000,1
ford-kuga,Ford Kuga,Ford Kuga 1.5 EcoBoost Titanium,2025,48000,1999000,1
ford-kuga,Ford Kuga,Ford Kuga 1.5 EcoBoost Trend X,2025,23000,2425000,1
ford-kuga,Ford Kuga,Ford Kuga 1.5 EcoBoost Trend X,2025,44000,2430000,1
ford-kuga,Ford Kuga,Ford Kuga 1.5 EcoBoost Titanium,2025,17000,2215000,1
ford-kuga,Ford Kuga,Ford Kuga 1.5 EcoBoost Titanium,2025,6025,2225000,1
ford-kuga,Ford Kuga,Ford Kuga 1.5 EcoBoost Titanium,2025,21000,2350000,1
ford-kuga,Ford Kuga,Ford Kuga 1.5 EcoBoost Titanium,2025,6001,2290000,1
ford-kuga,Ford Kuga,Ford Kuga 1.5 EcoBoost Trend X,2025,15000,2495000,1
ford-kuga,Ford Kuga,Ford Kuga 1.5 EcoBoost Titanium,2025,18750,2100000,1
ford-kuga,Ford Kuga,Ford Kuga 1.5 EcoBoost Trend X,2025,18000,2510000,1
ford-kuga,Ford Kuga,Ford Kuga 1.5 EcoBoost Titanium,2025,16500,2180000,1
ford-kuga,Ford Kuga,Ford Kuga 1.5 EcoBoost Titanium,2025,6001,2550000,1
ford-kuga,Ford Kuga,Ford Kuga 1.5 EcoBoost Titanium,2025,28000,2290000,1
ford-kuga,Ford Kuga,Ford Kuga 1.5 EcoBoost Titanium,2025,8500,2325000,1
ford-kuga,Ford Kuga,Ford Kuga 1.5 EcoBoost Titanium,2025,32000,2195000,1
ford-kuga,Ford Kuga,Ford Kuga 1.5 EcoBoost Titanium,2025,18000,2269000,1
ford-kuga,Ford Kuga,Ford Kuga 1.5 EcoBoost Titanium,2025,10700,2255000,1
ford-kuga,Ford Kuga,Ford Kuga 1.5 EcoBoost Titanium,2025,9800,2450000,1
ford-kuga,Ford Kuga,Ford Kuga 1.5 EcoBoost ST Line,2025,11500,2560000,1
ford-kuga,Ford Kuga,Ford Kuga 1.5 EcoBoost Titanium,2025,18000,2150000,1
ford-kuga,Ford Kuga,Ford Kuga 1.5 EcoBoost Titanium,2025,12500,2110000,1
ford-kuga,Ford Kuga,Ford Kuga 1.5 EcoBoost Titanium,2025,7000,2300000,1
ford-kuga,Ford Kuga,Ford Kuga 1.5 EcoBoost Titanium,2025,6001,2275000,1
ford-kuga,Ford Kuga,Ford Kuga 1.5 EcoBoost Titanium,2025,6000,2300000,1
ford-kuga,Ford Kuga,Ford Kuga 1.5 EcoBoost ST Line,2025,6001,2375000,1
ford-kuga,Ford Kuga,Ford Kuga 1.5 EcoBoost ST Line,2025,13000,2350000,1
ford-kuga,Ford Kuga,Ford Kuga 1.5 EcoBoost Titanium,2026,6001,2470000,0
ford-kuga,Ford Kuga,Ford Kuga 1.5 EcoBoost Titanium,2026,6000,2599000,0
hyundai-tucson,Hyundai Tucson,Hyundai Tucson 1.6 T-GDi Elite,2016,113000,1600000,10
hyundai-tucson,Hyundai Tucson,Hyundai Tucson 1.6 T-GDi Elite,2016,178000,1600000,10
hyundai-tucson,Hyundai Tucson,Hyundai Tucson 1.6 T-GDi Elite Plus,2016,179000,1575000,10
hyundai-tucson,Hyundai Tucson,Hyundai Tucson 1.6 T-GDi Elite Plus,2016,107400,1779000,10
hyundai-tucson,Hyundai Tucson,Hyundai Tucson 1.6 T-GDi Elite Plus,2016,110000,1800000,10
hyundai-tucson,Hyundai Tucson,Hyundai Tucson 1.6 GDi Elite,2016,189700,1445000,10
hyundai-tucson,Hyundai Tucson,Hyundai Tucson 1.6 T-GDi Elite,2016,123500,1630000,10
hyundai-tucson,Hyundai Tucson,Hyundai Tucson 1.6 T-GDi Elite,2016,105000,1495000,10
hyundai-tucson,Hyundai Tucson,Hyundai Tucson 1.6 T-GDi Elite Plus,2016,200000,1190000,10
hyundai-tucson,Hyundai Tucson,Hyundai Tucson 1.6 T-GDi Elite Plus,2016,206000,1490000,10
hyundai-tucson,Hyundai Tucson,Hyundai Tucson 1.6 GDi Elite,2016,169000,1675000,10
hyundai-tucson,Hyundai Tucson,Hyundai Tucson 1.6 T-GDi Elite Plus,2016,120000,1590000,10
hyundai-tucson,Hyundai Tucson,Hyundai Tucson 1.6 T-GDi Elite,2016,132000,1610000,10
hyundai-tucson,Hyundai Tucson,Hyundai Tucson 1.6 GDi Elite,2016,185000,1295000,10
hyundai-tucson,Hyundai Tucson,Hyundai Tucson 1.6 GDi Elite,2016,213000,1450000,10
hyundai-tucson,Hyundai Tucson,Hyundai Tucson 1.6 T-GDi Elite,2016,74357,1699950,10
hyundai-tucson,Hyundai Tucson,Hyundai Tucson 1.6 T-GDi Elite Plus,2016,39900,1899000,10
hyundai-tucson,Hyundai Tucson,Hyundai Tucson 1.6 T-GDi Elite Plus,2016,118000,1580000,10
hyundai-tucson,Hyundai Tucson,Hyundai Tucson 1.6 T-GDi Elite,2016,150000,1650000,10
hyundai-tucson,Hyundai Tucson,Hyundai Tucson 1.6 T-GDi Elite,2016,129468,1615000,10
hyundai-tucson,Hyundai Tucson,Hyundai Tucson 1.6 T-GDi Elite Plus,2016,112000,1620000,10
hyundai-tucson,Hyundai Tucson,Hyundai Tucson 1.6 T-GDi Elite Plus,2016,187000,1589000,10
hyundai-tucson,Hyundai Tucson,Hyundai Tucson 1.6 T-GDi Elite,2016,168000,1640000,10
hyundai-tucson,Hyundai Tucson,Hyundai Tucson 1.6 GDi Elite,2016,93000,1615000,10
hyundai-tucson,Hyundai Tucson,Hyundai Tucson 1.6 GDi Style,2016,229316,1159500,10
hyundai-tucson,Hyundai Tucson,Hyundai Tucson 1.6 GDi Style,2016,115000,1375000,10
hyundai-tucson,Hyundai Tucson,Hyundai Tucson 1.6 GDi Elite,2016,119000,1600000,10
hyundai-tucson,Hyundai Tucson,Hyundai Tucson 1.6 T-GDi Elite Plus,2016,89000,1765000,10
hyundai-tucson,Hyundai Tucson,Hyundai Tucson 1.6 T-GDi Elite Plus,2016,188000,1575000,10
hyundai-tucson,Hyundai Tucson,Hyundai Tucson 1.6 T-GDi Elite,2016,266000,1290000,10
hyundai-tucson,Hyundai Tucson,Hyundai Tucson 1.6 T-GDi Elite Plus,2016,120000,1635000,10
hyundai-tucson,Hyundai Tucson,Hyundai Tucson 1.6 GDi Style,2016,75000,1400000,10
hyundai-tucson,Hyundai Tucson,Hyundai Tucson 1.6 T-GDi Elite,2016,105000,1325000,10
hyundai-tucson,Hyundai Tucson,Hyundai Tucson 1.6 T-GDi Elite Plus,2016,236000,1352000,10
hyundai-tucson,Hyundai Tucson,Hyundai Tucson 1.6 T-GDi Elite,2016,163000,1550000,10
hyundai-tucson,Hyundai Tucson,Hyundai Tucson 1.6 T-GDi Elite Plus,2016,122000,1535000,10
hyundai-tucson,Hyundai Tucson,Hyundai Tucson 1.6 T-GDi Elite,2016,120000,1599000,10
hyundai-tucson,Hyundai Tucson,Hyundai Tucson 1.6 T-GDi Elite,2016,108000,1380000,10
hyundai-tucson,Hyundai Tucson,Hyundai Tucson 1.6 T-GDi Elite,2016,116000,1695000,10
hyundai-tucson,Hyundai Tucson,Hyundai Tucson 1.6 T-GDi Elite Plus,2016,82000,1750000,10
hyundai-tucson,Hyundai Tucson,Hyundai Tucson 1.6 T-GDi Elite Plus,2016,110000,1525000,10
hyundai-tucson,Hyundai Tucson,Hyundai Tucson 1.6 T-GDi Elite Plus,2016,167700,1520000,10
hyundai-tucson,Hyundai Tucson,Hyundai Tucson 1.6 GDi Style,2016,125000,1325000,10
hyundai-tucson,Hyundai Tucson,Hyundai Tucson 1.6 T-GDi Elite,2016,110000,1605000,10
hyundai-tucson,Hyundai Tucson,Hyundai Tucson 1.6 T-GDi Elite Plus,2016,108000,1675000,10
hyundai-tucson,Hyundai Tucson,Hyundai Tucson 1.6 T-GDi Elite Plus,2016,76500,1900000,10
hyundai-tucson,Hyundai Tucson,Hyundai Tucson 1.6 GDi Elite,2016,113000,1565000,10
hyundai-tucson,Hyundai Tucson,Hyundai Tucson 1.6 T-GDi Elite,2016,97000,1619000,10
hyundai-tucson,Hyundai Tucson,Hyundai Tucson 1.6 T-GDi Elite,2016,91000,1549000,10
hyundai-tucson,Hyundai Tucson,Hyundai Tucson 1.6 T-GDi Elite,2016,147000,1615000,10
hyundai-tucson,Hyundai Tucson,Hyundai Tucson 1.6 T-GDi Elite Plus,2016,125000,1620000,10
hyundai-tucson,Hyundai Tucson,Hyundai Tucson 1.6 T-GDi Elite,2016,188000,1479900,10
hyundai-tucson,Hyundai Tucson,Hyundai Tucson 1.6 GDi Style,2016,162000,1395000,10
hyundai-tucson,Hyundai Tucson,Hyundai Tucson 1.6 T-GDi Elite,2016,137500,1385000,10
hyundai-tucson,Hyundai Tucson,Hyundai Tucson 1.6 T-GDi Elite,2016,165000,1375000,10
hyundai-tucson,Hyundai Tucson,Hyundai Tucson 1.6 T-GDi Elite,2016,174000,1465000,10
hyundai-tucson,Hyundai Tucson,Hyundai Tucson 1.6 T-GDi Elite Plus,2016,114462,1720000,10
hyundai-tucson,Hyundai Tucson,Hyundai Tucson 1.6 T-GDi Elite,2016,155000,1500000,10
hyundai-tucson,Hyundai Tucson,Hyundai Tucson 1.6 GDi Style,2016,143000,1395000,10
hyundai-tucson,Hyundai Tucson,Hyundai Tucson 1.6 T-GDi Elite,2016,114000,1525000,10
hyundai-tucson,Hyundai Tucson,Hyundai Tucson 1.6 GDi Style,2016,82000,1465000,10
hyundai-tucson,Hyundai Tucson,Hyundai Tucson 1.6 T-GDi Elite Plus,2016,116000,1738000,10
hyundai-tucson,Hyundai Tucson,Hyundai Tucson 1.6 GDi Elite,2016,100000,1265000,10
hyundai-tucson,Hyundai Tucson,Hyundai Tucson 1.6 GDi Style,2016,130000,1150000,10
hyundai-tucson,Hyundai Tucson,Hyundai Tucson 1.6 GDi Style,2016,199000,1220000,10
hyundai-tucson,Hyundai Tucson,Hyundai Tucson 1.6 GDi Style,2016,191000,1220000,10
hyundai-tucson,Hyundai Tucson,Hyundai Tucson 1.6 T-GDi Elite,2016,206000,1509000,10
hyundai-tucson,Hyundai Tucson,Hyundai Tucson 1.6 T-GDi Elite Plus,2016,195000,1350000,10
hyundai-tucson,Hyundai Tucson,Hyundai Tucson 1.6 GDi Elite,2016,107000,1595000,10
hyundai-tucson,Hyundai Tucson,Hyundai Tucson 1.6 GDi Style,2016,113000,1415000,10
hyundai-tucson,Hyundai Tucson,Hyundai Tucson 1.6 T-GDi Elite Plus,2016,200000,1190000,10
hyundai-tucson,Hyundai Tucson,Hyundai Tucson 1.6 T-GDi Elite Plus,2016,194000,1369750,10
hyundai-tucson,Hyundai Tucson,Hyundai Tucson 1.6 T-GDi Elite Plus,2016,220000,1350000,10
hyundai-tucson,Hyundai Tucson,Hyundai Tucson 1.6 GDi Style,2016,77000,1528500,10
hyundai-tucson,Hyundai Tucson,Hyundai Tucson 1.6 T-GDi Elite Plus,2016,156000,1655000,10
hyundai-tucson,Hyundai Tucson,Hyundai Tucson 1.6 GDi Elite,2016,142000,1445000,10
hyundai-tucson,Hyundai Tucson,Hyundai Tucson 1.6 T-GDi Elite Plus,2016,179000,1630000,10
hyundai-tucson,Hyundai Tucson,Hyundai Tucson 1.6 T-GDi Elite Plus,2016,157000,1609500,10
hyundai-tucson,Hyundai Tucson,Hyundai Tucson 1.6 T-GDi Elite Plus,2016,119000,1665000,10
hyundai-tucson,Hyundai Tucson,Hyundai Tucson 1.6 T-GDi Elite Plus,2016,145000,1470000,10
hyundai-tucson,Hyundai Tucson,Hyundai Tucson 1.6 T-GDi Elite Plus,2016,203000,1195000,10
hyundai-tucson,Hyundai Tucson,Hyundai Tucson 1.6 T-GDi Elite Plus,2016,114000,1625000,10
hyundai-tucson,Hyundai Tucson,Hyundai Tucson 1.6 T-GDi Elite Plus,2016,287000,1260000,10
hyundai-tucson,Hyundai Tucson,Hyundai Tucson 1.6 GDi Style,2016,162000,1450000,10
hyundai-tucson,Hyundai Tucson,Hyundai Tucson 1.6 T-GDi Elite,2016,135000,1530000,10
hyundai-tucson,Hyundai Tucson,Hyundai Tucson 1.6 T-GDi Elite Plus,2016,95000,1240000,10
hyundai-tucson,Hyundai Tucson,Hyundai Tucson 1.6 T-GDi Elite Plus,2016,178000,1620000,10
hyundai-tucson,Hyundai Tucson,Hyundai Tucson 1.6 T-GDi Elite Plus,2016,179300,1600000,10
hyundai-tucson,Hyundai Tucson,Hyundai Tucson 1.6 T-GDi Elite Plus,2016,133000,1700000,10
hyundai-tucson,Hyundai Tucson,Hyundai Tucson 1.6 GDi Style Plus,2016,207000,1555000,10
hyundai-tucson,Hyundai Tucson,Hyundai Tucson 1.6 T-GDi Elite,2016,84500,1705000,10
hyundai-tucson,Hyundai Tucson,Hyundai Tucson 1.6 T-GDi Elite Plus,2016,130000,1610000,10
hyundai-tucson,Hyundai Tucson,Hyundai Tucson 1.6 T-GDi Elite Plus,2016,160000,1490000,10
hyundai-tucson,Hyundai Tucson,Hyundai Tucson 1.6 T-GDi Elite Plus,2016,53000,1825000,10
hyundai-tucson,Hyundai Tucson,Hyundai Tucson 1.6 T-GDi Elite,2016,122000,1585000,10
hyundai-tucson,Hyundai Tucson,Hyundai Tucson 1.6 T-GDi Elite,2016,134000,1555000,10
hyundai-tucson,Hyundai Tucson,Hyundai Tucson 1.6 T-GDi Elite,2016,104000,1700000,10
hyundai-tucson,Hyundai Tucson,Hyundai Tucson 1.6 T-GDi Elite,2016,134000,1180000,10
hyundai-tucson,Hyundai Tucson,Hyundai Tucson 1.6 T-GDi Elite Plus,2016,159000,1599000,10
hyundai-tucson,Hyundai Tucson,Hyundai Tucson 1.6 GDi Elite,2016,164000,1515000,10
hyundai-tucson,Hyundai Tucson,Hyundai Tucson 1.6 T-GDi Elite,2016,163000,1660000,10
hyundai-tucson,Hyundai Tucson,Hyundai Tucson 1.6 T-GDi Elite,2016,140000,1455000,10
hyundai-tucson,Hyundai Tucson,Hyundai Tucson 1.6 GDi Style,2016,87000,1425000,10
hyundai-tucson,Hyundai Tucson,Hyundai Tucson 1.6 T-GDi Elite,2016,93600,1665500,10
hyundai-tucson,Hyundai Tucson,Hyundai Tucson 1.6 T-GDi Elite Plus,2016,107000,1810000,10
hyundai-tucson,Hyundai Tucson,Hyundai Tucson 1.6 T-GDi Elite Plus,2016,208000,1500000,10
hyundai-tucson,Hyundai Tucson,Hyundai Tucson 1.6 GDi Elite,2016,143500,1620000,10
hyundai-tucson,Hyundai Tucson,Hyundai Tucson 1.6 T-GDi Elite,2016,170000,1470000,10
hyundai-tucson,Hyundai Tucson,Hyundai Tucson 1.6 T-GDi Elite,2016,84000,1730000,10
hyundai-tucson,Hyundai Tucson,Hyundai Tucson 1.6 T-GDi Elite Plus,2016,132000,1740000,10
hyundai-tucson,Hyundai Tucson,Hyundai Tucson 1.6 T-GDi Elite,2016,102000,1710000,10
hyundai-tucson,Hyundai Tucson,Hyundai Tucson 1.6 GDi Elite,2016,156000,1455000,10
hyundai-tucson,Hyundai Tucson,Hyundai Tucson 1.6 T-GDi Elite,2016,169999,1450000,10
hyundai-tucson,Hyundai Tucson,Hyundai Tucson 1.6 T-GDi Elite Plus,2016,156130,1820000,10
hyundai-tucson,Hyundai Tucson,Hyundai Tucson 1.6 GDi Elite,2016,186000,1425000,10
hyundai-tucson,Hyundai Tucson,Hyundai Tucson 1.6 T-GDi Elite Plus,2016,142000,1650000,10
hyundai-tucson,Hyundai Tucson,Hyundai Tucson 1.6 T-GDi Elite,2016,158000,1495000,10
hyundai-tucson,Hyundai Tucson,Hyundai Tucson 1.6 T-GDi Elite Plus,2016,125243,1600000,10
hyundai-tucson,Hyundai Tucson,Hyundai Tucson 1.6 T-GDi Elite,2016,99000,1675000,10
hyundai-tucson,Hyundai Tucson,Hyundai Tucson 1.6 T-GDi Elite,2016,130000,1570000,10
hyundai-tucson,Hyundai Tucson,Hyundai Tucson 1.6 T-GDi Elite Plus,2016,83000,1830000,10
hyundai-tucson,Hyundai Tucson,Hyundai Tucson 1.6 T-GDi Elite Plus,2016,201000,1530000,10
hyundai-tucson,Hyundai Tucson,Hyundai Tucson 1.6 T-GDi Elite Plus,2016,127000,1518000,10
hyundai-tucson,Hyundai Tucson,Hyundai Tucson 1.6 GDi Style,2016,96500,1400000,10
hyundai-tucson,Hyundai Tucson,Hyundai Tucson 1.6 GDi Elite,2016,146000,1600000,10
hyundai-tucson,Hyundai Tucson,Hyundai Tucson 1.6 T-GDi Elite,2016,80000,1755000,10
hyundai-tucson,Hyundai Tucson,Hyundai Tucson 1.6 T-GDi Elite,2016,200000,1400000,10
hyundai-tucson,Hyundai Tucson,Hyundai Tucson 2.0 CRDi Executive,2016,214000,1490000,10
hyundai-tucson,Hyundai Tucson,Hyundai Tucson 1.6 GDi Elite,2016,75000,1770000,10
hyundai-tucson,Hyundai Tucson,Hyundai Tucson 1.6 T-GDi Elite Plus,2016,148000,1650000,10
hyundai-tucson,Hyundai Tucson,Hyundai Tucson 1.6 T-GDi Elite Plus,2016,192000,1420000,10
hyundai-tucson,Hyundai Tucson,Hyundai Tucson 1.6 T-GDi Elite Plus,2016,154650,1680000,10
hyundai-tucson,Hyundai Tucson,Hyundai Tucson 1.6 T-GDi Elite Plus,2016,203000,1550000,10
hyundai-tucson,Hyundai Tucson,Hyundai Tucson 1.6 GDi Style,2016,125000,1235000,10
hyundai-tucson,Hyundai Tucson,Hyundai Tucson 1.6 T-GDi Style,2016,280000,1400000,10
hyundai-tucson,Hyundai Tucson,Hyundai Tucson 1.6 GDi Style,2017,85100,1330000,9
hyundai-tucson,Hyundai Tucson,Hyundai Tucson 1.6 T-GDi Elite,2017,99000,1759000,9
hyundai-tucson,Hyundai Tucson,Hyundai Tucson 1.6 GDi Style,2017,110000,1467750,9
hyundai-tucson,Hyundai Tucson,Hyundai Tucson 1.6 T-GDi Elite,2017,104000,1479900,9
hyundai-tucson,Hyundai Tucson,Hyundai Tucson 1.6 T-GDi Elite Plus,2017,95000,1785000,9
hyundai-tucson,Hyundai Tucson,Hyundai Tucson 1.6 T-GDi Elite Plus,2017,290000,1195000,9
hyundai-tucson,Hyundai Tucson,Hyundai Tucson 1.6 T-GDi Elite,2017,186400,1615000,9
hyundai-tucson,Hyundai Tucson,Hyundai Tucson 1.6 T-GDi Elite Plus,2017,220000,1265000,9
hyundai-tucson,Hyundai Tucson,Hyundai Tucson 1.6 T-GDi Elite Plus,2017,95000,1619000,9
hyundai-tucson,Hyundai Tucson,Hyundai Tucson 1.6 T-GDi Elite Plus,2017,65500,1525000,9
hyundai-tucson,Hyundai Tucson,Hyundai Tucson 1.6 T-GDi Elite,2017,85500,1636000,9
hyundai-tucson,Hyundai Tucson,Hyundai Tucson 1.6 T-GDi Elite Plus,2017,109000,1545000,9
hyundai-tucson,Hyundai Tucson,Hyundai Tucson 1.6 T-GDi Elite Plus,2017,59500,1875000,9
hyundai-tucson,Hyundai Tucson,Hyundai Tucson 1.6 T-GDi Elite Plus,2017,139000,1499999,9
hyundai-tucson,Hyundai Tucson,Hyundai Tucson 1.6 T-GDi Elite Plus,2017,139000,1699900,9
hyundai-tucson,Hyundai Tucson,Hyundai Tucson 1.6 T-GDi Elite Plus,2017,168000,1620000,9
hyundai-tucson,Hyundai Tucson,Hyundai Tucson 1.6 T-GDi Elite Plus,2017,180000,1489000,9
hyundai-tucson,Hyundai Tucson,Hyundai Tucson 1.6 T-GDi Elite,2017,109000,1480000,9
hyundai-tucson,Hyundai Tucson,Hyundai Tucson 1.6 GDi Elite,2017,180000,1500000,9
hyundai-tucson,Hyundai Tucson,Hyundai Tucson 1.6 GDi Style,2017,115000,1419000,9
hyundai-tucson,Hyundai Tucson,Hyundai Tucson 1.6 T-GDi Elite,2017,133000,1585000,9
hyundai-tucson,Hyundai Tucson,Hyundai Tucson 1.6 T-GDi Elite Plus,2017,61000,1853000,9
hyundai-tucson,Hyundai Tucson,Hyundai Tucson 1.6 T-GDi Elite,2017,39000,1760000,9
hyundai-tucson,Hyundai Tucson,Hyundai Tucson 1.6 GDi Elite,2017,145000,1499900,9
hyundai-tucson,Hyundai Tucson,Hyundai Tucson 1.6 GDi Elite,2017,248000,1249750,9
hyundai-tucson,Hyundai Tucson,Hyundai Tucson 1.6 T-GDi Elite,2017,71000,1785000,9
hyundai-tucson,Hyundai Tucson,Hyundai Tucson 1.6 GDi Elite,2017,56076,1590000,9
hyundai-tucson,Hyundai Tucson,Hyundai Tucson 1.6 T-GDi Elite,2017,128000,1600000,9
hyundai-tucson,Hyundai Tucson,Hyundai Tucson 1.6 T-GDi Elite,2017,58000,1750000,9
hyundai-tucson,Hyundai Tucson,Hyundai Tucson 1.6 T-GDi Elite,2017,215000,1530000,9
hyundai-tucson,Hyundai Tucson,Hyundai Tucson 1.6 T-GDi Elite Plus,2017,115000,1789000,9
hyundai-tucson,Hyundai Tucson,Hyundai Tucson 1.6 GDi Elite,2017,178000,1570000,9
hyundai-tucson,Hyundai Tucson,Hyundai Tucson 1.6 GDi Elite,2017,145000,1325000,9
hyundai-tucson,Hyundai Tucson,Hyundai Tucson 1.6 GDi Elite,2017,129750,1530000,9
hyundai-tucson,Hyundai Tucson,Hyundai Tucson 1.6 T-GDi Elite Plus,2017,110000,1765000,9
hyundai-tucson,Hyundai Tucson,Hyundai Tucson 1.6 GDi Elite,2017,125051,1580000,9
hyundai-tucson,Hyundai Tucson,Hyundai Tucson 1.6 GDi Elite Plus,2017,69522,1885000,9
hyundai-tucson,Hyundai Tucson,Hyundai Tucson 1.6 GDi Elite,2017,143000,1449750,9
hyundai-tucson,Hyundai Tucson,Hyundai Tucson 1.6 T-GDi Elite,2017,156000,1800000,9
hyundai-tucson,Hyundai Tucson,Hyundai Tucson 1.6 T-GDi Elite,2017,64000,1848000,9
hyundai-tucson,Hyundai Tucson,Hyundai Tucson 1.6 T-GDi Elite,2017,137000,1485000,9
hyundai-tucson,Hyundai Tucson,Hyundai Tucson 1.6 T-GDi Elite Plus,2017,77000,1829999,9
hyundai-tucson,Hyundai Tucson,Hyundai Tucson 1.6 T-GDi Elite,2017,137000,1450000,9
hyundai-tucson,Hyundai Tucson,Hyundai Tucson 1.6 GDi Elite,2017,120000,1575000,9
hyundai-tucson,Hyundai Tucson,Hyundai Tucson 1.6 T-GDi Elite Plus,2017,219000,1559000,9
hyundai-tucson,Hyundai Tucson,Hyundai Tucson 1.6 T-GDi Elite Plus,2017,188685,1680000,9
hyundai-tucson,Hyundai Tucson,Hyundai Tucson 1.6 GDi Elite,2017,73000,1659000,9
hyundai-tucson,Hyundai Tucson,Hyundai Tucson 1.6 GDi Elite,2017,138000,1189000,9
hyundai-tucson,Hyundai Tucson,Hyundai Tucson 1.6 T-GDi Elite,2017,170000,1635000,9
hyundai-tucson,Hyundai Tucson,Hyundai Tucson 1.6 T-GDi Elite Plus,2017,133654,1590000,9
hyundai-tucson,Hyundai Tucson,Hyundai Tucson 1.6 T-GDi Elite Plus,2017,173000,1570000,9
hyundai-tucson,Hyundai Tucson,Hyundai Tucson 1.6 T-GDi Elite Plus,2017,173000,1565000,9
hyundai-tucson,Hyundai Tucson,Hyundai Tucson 1.6 T-GDi Elite Plus,2017,252000,1315000,9
hyundai-tucson,Hyundai Tucson,Hyundai Tucson 1.6 T-GDi Elite,2017,158228,1619500,9
hyundai-tucson,Hyundai Tucson,Hyundai Tucson 1.6 T-GDi Elite,2017,67924,1995000,9
hyundai-tucson,Hyundai Tucson,Hyundai Tucson 1.6 T-GDi Elite,2017,73000,1810000,9
hyundai-tucson,Hyundai Tucson,Hyundai Tucson 1.6 T-GDi Elite,2017,155000,1550000,9
hyundai-tucson,Hyundai Tucson,Hyundai Tucson 1.6 GDi Elite,2017,184000,1275000,9
hyundai-tucson,Hyundai Tucson,Hyundai Tucson 1.6 T-GDi Elite,2017,195000,1425000,9
hyundai-tucson,Hyundai Tucson,Hyundai Tucson 1.6 T-GDi Elite,2017,120000,1560000,9
hyundai-tucson,Hyundai Tucson,Hyundai Tucson 1.6 GDi Elite,2017,117000,1430000,9
hyundai-tucson,Hyundai Tucson,Hyundai Tucson 1.6 T-GDi Elite,2017,49000,1859000,9
hyundai-tucson,Hyundai Tucson,Hyundai Tucson 1.6 T-GDi Elite,2017,127000,1497000,9
hyundai-tucson,Hyundai Tucson,Hyundai Tucson 1.6 T-GDi Elite,2017,90000,1690000,9
hyundai-tucson,Hyundai Tucson,Hyundai Tucson 1.6 T-GDi Elite,2017,125000,1710000,9
hyundai-tucson,Hyundai Tucson,Hyundai Tucson 1.6 T-GDi Elite,2017,114500,1740000,9
hyundai-tucson,Hyundai Tucson,Hyundai Tucson 1.6 T-GDi Elite,2017,143000,1539000,9
hyundai-tucson,Hyundai Tucson,Hyundai Tucson 1.6 T-GDi Elite,2017,157000,1569000,9
hyundai-tucson,Hyundai Tucson,Hyundai Tucson 1.6 T-GDi Elite,2017,82000,1695000,9
hyundai-tucson,Hyundai Tucson,Hyundai Tucson 1.6 T-GDi Elite Plus,2017,156000,1515000,9
hyundai-tucson,Hyundai Tucson,Hyundai Tucson 1.6 GDi Elite,2017,88000,1570000,9
hyundai-tucson,Hyundai Tucson,Hyundai Tucson 1.6 T-GDi Elite,2017,64000,1725000,9
hyundai-tucson,Hyundai Tucson,Hyundai Tucson 1.6 T-GDi Elite,2017,110000,1600000,9
hyundai-tucson,Hyundai Tucson,Hyundai Tucson 1.6 T-GDi Elite,2017,130000,1655000,9
hyundai-tucson,Hyundai Tucson,Hyundai Tucson 1.6 T-GDi Elite,2017,242000,1465000,9
hyundai-tucson,Hyundai Tucson,Hyundai Tucson 1.6 GDi Elite,2017,120000,1558000,9
hyundai-tucson,Hyundai Tucson,Hyundai Tucson 1.6 T-GDi Elite,2017,206000,1535000,9
hyundai-tucson,Hyundai Tucson,Hyundai Tucson 1.6 T-GDi Elite Plus,2017,76000,1765000,9
hyundai-tucson,Hyundai Tucson,Hyundai Tucson 1.6 T-GDi Elite,2017,139000,1670000,9
hyundai-tucson,Hyundai Tucson,Hyundai Tucson 1.6 T-GDi Elite,2017,93700,1480000,9
hyundai-tucson,Hyundai Tucson,Hyundai Tucson 1.6 GDi Style,2017,200000,1270000,9
hyundai-tucson,Hyundai Tucson,Hyundai Tucson 1.6 T-GDi Elite,2017,67000,1775000,9
hyundai-tucson,Hyundai Tucson,Hyundai Tucson 1.6 T-GDi Elite,2017,163000,1585000,9
hyundai-tucson,Hyundai Tucson,Hyundai Tucson 1.6 GDi Style,2017,161000,1250000,9
hyundai-tucson,Hyundai Tucson,Hyundai Tucson 1.6 T-GDi Elite Plus,2017,133000,1499999,9
hyundai-tucson,Hyundai Tucson,Hyundai Tucson 1.6 T-GDi Elite,2017,304000,1225000,9
hyundai-tucson,Hyundai Tucson,Hyundai Tucson 1.6 GDi Elite,2017,52200,1590000,9
hyundai-tucson,Hyundai Tucson,Hyundai Tucson 1.6 GDi Style,2017,71000,1465000,9
hyundai-tucson,Hyundai Tucson,Hyundai Tucson 1.6 T-GDi Elite,2017,140000,1685780,9
hyundai-tucson,Hyundai Tucson,Hyundai Tucson 1.6 T-GDi Elite,2017,265000,1380000,9
hyundai-tucson,Hyundai Tucson,Hyundai Tucson 1.6 GDi Elite,2017,290000,1375000,9
hyundai-tucson,Hyundai Tucson,Hyundai Tucson 1.6 T-GDi Elite Plus,2017,230000,1500000,9
hyundai-tucson,Hyundai Tucson,Hyundai Tucson 1.6 T-GDi Elite,2017,119000,1750000,9
hyundai-tucson,Hyundai Tucson,Hyundai Tucson 1.6 T-GDi Elite,2017,97000,1670000,9
hyundai-tucson,Hyundai Tucson,Hyundai Tucson 1.6 T-GDi Elite Plus,2017,119000,1825000,9
hyundai-tucson,Hyundai Tucson,Hyundai Tucson 1.6 T-GDi Elite,2017,79000,1725000,9
hyundai-tucson,Hyundai Tucson,Hyundai Tucson 1.6 T-GDi Elite Plus,2017,99500,1800000,9
hyundai-tucson,Hyundai Tucson,Hyundai Tucson 1.6 GDi Elite,2017,185000,1550000,9
hyundai-tucson,Hyundai Tucson,Hyundai Tucson 1.6 GDi Elite Plus,2017,120000,1570000,9
hyundai-tucson,Hyundai Tucson,Hyundai Tucson 1.6 T-GDi Elite,2017,153500,1480500,9
hyundai-tucson,Hyundai Tucson,Hyundai Tucson 1.6 GDi Style,2017,90000,1410000,9
hyundai-tucson,Hyundai Tucson,Hyundai Tucson 1.6 T-GDi Elite,2017,85000,1760000,9
hyundai-tucson,Hyundai Tucson,Hyundai Tucson 1.6 T-GDi Elite,2017,98000,1670000,9
hyundai-tucson,Hyundai Tucson,Hyundai Tucson 1.6 GDi Elite,2017,101000,1650000,9
hyundai-tucson,Hyundai Tucson,Hyundai Tucson 1.6 GDi Elite,2017,97035,1670000,9
hyundai-tucson,Hyundai Tucson,Hyundai Tucson 1.6 T-GDi Elite Plus,2017,117000,1685000,9
hyundai-tucson,Hyundai Tucson,Hyundai Tucson 1.6 T-GDi Elite Plus,2017,174000,1520000,9
hyundai-tucson,Hyundai Tucson,Hyundai Tucson 1.6 GDi Elite,2017,138000,1475000,9
hyundai-tucson,Hyundai Tucson,Hyundai Tucson 1.6 GDi Style,2017,100000,1500000,9
hyundai-tucson,Hyundai Tucson,Hyundai Tucson 1.6 T-GDi Elite,2017,69500,1750000,9
hyundai-tucson,Hyundai Tucson,Hyundai Tucson 1.6 GDi Style,2017,168240,1312000,9
hyundai-tucson,Hyundai Tucson,Hyundai Tucson 1.6 T-GDi Elite,2017,151000,1560000,9
hyundai-tucson,Hyundai Tucson,Hyundai Tucson 1.6 GDi Elite,2017,193000,1525000,9
hyundai-tucson,Hyundai Tucson,Hyundai Tucson 1.6 GDi Style,2017,98000,1450000,9
hyundai-tucson,Hyundai Tucson,Hyundai Tucson 1.6 T-GDi Elite,2017,59000,1815000,9
hyundai-tucson,Hyundai Tucson,Hyundai Tucson 1.6 T-GDi Elite,2017,130000,1620000,9
hyundai-tucson,Hyundai Tucson,Hyundai Tucson 1.6 T-GDi Elite,2017,120000,1950000,9
hyundai-tucson,Hyundai Tucson,Hyundai Tucson 1.6 T-GDi Elite,2017,84000,1700000,9
hyundai-tucson,Hyundai Tucson,Hyundai Tucson 1.6 GDi Style,2017,135000,1320000,9
hyundai-tucson,Hyundai Tucson,Hyundai Tucson 1.6 GDi Elite,2017,170000,1185000,9
hyundai-tucson,Hyundai Tucson,Hyundai Tucson 1.6 T-GDi Elite,2017,73500,1725000,9
hyundai-tucson,Hyundai Tucson,Hyundai Tucson 1.6 T-GDi Elite,2017,267000,1490000,9
hyundai-tucson,Hyundai Tucson,Hyundai Tucson 1.6 GDi Style,2017,120000,1310000,9
hyundai-tucson,Hyundai Tucson,Hyundai Tucson 1.6 GDi Elite,2017,65000,1650000,9
hyundai-tucson,Hyundai Tucson,Hyundai Tucson 1.6 GDi Style,2017,103500,1500000,9
hyundai-tucson,Hyundai Tucson,Hyundai Tucson 1.6 CRDi Elite Plus,2018,109000,1810000,8
hyundai-tucson,Hyundai Tucson,Hyundai Tucson 1.6 GDi Style,2018,76300,1670000,8
hyundai-tucson,Hyundai Tucson,Hyundai Tucson 1.6 GDi Elite,2018,103000,1659750,8
hyundai-tucson,Hyundai Tucson,Hyundai Tucson 1.6 T-GDi Elite,2018,51000,1750000,8
hyundai-tucson,Hyundai Tucson,Hyundai Tucson 1.6 CRDi Style,2018,102000,1700000,8
hyundai-tucson,Hyundai Tucson,Hyundai Tucson 1.6 CRDi Elite,2018,88000,1875000,8
hyundai-tucson,Hyundai Tucson,Hyundai Tucson 1.6 T-GDi Elite Plus,2018,225000,1485000,8
hyundai-tucson,Hyundai Tucson,Hyundai Tucson 1.6 CRDi Style,2018,101000,1670000,8
hyundai-tucson,Hyundai Tucson,Hyundai Tucson 1.6 CRDi Elite Plus,2018,144000,1824750,8
hyundai-tucson,Hyundai Tucson,Hyundai Tucson 1.6 CRDi Elite,2018,120000,1800000,8
hyundai-tucson,Hyundai Tucson,Hyundai Tucson 1.6 CRDi Elite,2018,125000,1718850,8
hyundai-tucson,Hyundai Tucson,Hyundai Tucson 1.6 GDi Elite,2018,135000,1627500,8
hyundai-tucson,Hyundai Tucson,Hyundai Tucson 1.6 GDi Elite,2018,69000,1645000,8
hyundai-tucson,Hyundai Tucson,Hyundai Tucson 1.6 CRDi Elite,2018,164000,1710000,8
hyundai-tucson,Hyundai Tucson,Hyundai Tucson 1.6 GDi Elite,2018,100000,1625000,8
hyundai-tucson,Hyundai Tucson,Hyundai Tucson 1.6 CRDi Style,2018,145000,1538000,8
hyundai-tucson,Hyundai Tucson,Hyundai Tucson 1.6 CRDi Elite,2018,87000,1925000,8
hyundai-tucson,Hyundai Tucson,Hyundai Tucson 1.6 T-GDi Elite,2018,160000,1575000,8
hyundai-tucson,Hyundai Tucson,Hyundai Tucson 1.6 GDi Elite,2018,120000,1550000,8
hyundai-tucson,Hyundai Tucson,Hyundai Tucson 1.6 GDi Elite,2018,25000,1790000,8
hyundai-tucson,Hyundai Tucson,Hyundai Tucson 1.6 CRDi Style,2018,105000,1655000,8
hyundai-tucson,Hyundai Tucson,Hyundai Tucson 1.6 CRDi Elite,2018,167000,1770000,8
hyundai-tucson,Hyundai Tucson,Hyundai Tucson 1.6 CRDi Elite,2018,100116,1830000,8
hyundai-tucson,Hyundai Tucson,Hyundai Tucson 1.6 T-GDi Elite,2018,159000,1675000,8
hyundai-tucson,Hyundai Tucson,Hyundai Tucson 1.6 CRDi Elite,2018,151500,1690000,8
hyundai-tucson,Hyundai Tucson,Hyundai Tucson 1.6 GDi Elite,2018,85000,1625000,8
hyundai-tucson,Hyundai Tucson,Hyundai Tucson 1.6 T-GDi Elite,2018,83687,1785000,8
hyundai-tucson,Hyundai Tucson,Hyundai Tucson 1.6 CRDi Style,2018,112000,1619000,8
hyundai-tucson,Hyundai Tucson,Hyundai Tucson 1.6 GDi Elite,2018,158000,1550000,8
hyundai-tucson,Hyundai Tucson,Hyundai Tucson 1.6 T-GDi Elite Plus,2018,124500,1820000,8
hyundai-tucson,Hyundai Tucson,Hyundai Tucson 1.6 T-GDi Elite Plus,2018,165000,1539950,8
hyundai-tucson,Hyundai Tucson,Hyundai Tucson 1.6 CRDi Elite Red Pack,2018,118000,1460000,8
hyundai-tucson,Hyundai Tucson,Hyundai Tucson 1.6 CRDi Elite Red Pack,2018,65000,1930000,8
hyundai-tucson,Hyundai Tucson,Hyundai Tucson 1.6 CRDi Elite,2018,122000,1770000,8
hyundai-tucson,Hyundai Tucson,Hyundai Tucson 1.6 CRDi Elite,2018,64521,1850000,8
hyundai-tucson,Hyundai Tucson,Hyundai Tucson 1.6 GDi Elite,2018,93000,1830000,8
hyundai-tucson,Hyundai Tucson,Hyundai Tucson 1.6 T-GDi Elite Plus,2018,225000,1485000,8
hyundai-tucson,Hyundai Tucson,Hyundai Tucson 1.6 CRDi Elite,2018,133000,1850000,8
hyundai-tucson,Hyundai Tucson,Hyundai Tucson 1.6 GDi Elite,2018,119000,1650000,8
hyundai-tucson,Hyundai Tucson,Hyundai Tucson 1.6 GDi Elite,2018,94000,1700000,8
hyundai-tucson,Hyundai Tucson,Hyundai Tucson 1.6 CRDi Style,2018,83300,1700000,8
hyundai-tucson,Hyundai Tucson,Hyundai Tucson 1.6 GDi Elite,2018,154000,1589000,8
hyundai-tucson,Hyundai Tucson,Hyundai Tucson 1.6 CRDi Elite Plus,2018,136000,1839000,8
hyundai-tucson,Hyundai Tucson,Hyundai Tucson 1.6 T-GDi Elite Plus,2018,185890,1499500,8
hyundai-tucson,Hyundai Tucson,Hyundai Tucson 1.6 T-GDi Elite,2018,73000,1839000,8
hyundai-tucson,Hyundai Tucson,Hyundai Tucson 1.6 CRDi Elite,2018,71000,1875000,8
hyundai-tucson,Hyundai Tucson,Hyundai Tucson 1.6 CRDi Elite Plus,2018,171000,1745000,8
hyundai-tucson,Hyundai Tucson,Hyundai Tucson 1.6 GDi Elite,2018,89900,1645000,8
hyundai-tucson,Hyundai Tucson,Hyundai Tucson 1.6 CRDi Style,2018,144000,1750000,8
hyundai-tucson,Hyundai Tucson,Hyundai Tucson 1.6 GDi Elite,2018,136500,1670000,8
hyundai-tucson,Hyundai Tucson,Hyundai Tucson 1.6 CRDi Elite,2018,193000,1575000,8
hyundai-tucson,Hyundai Tucson,Hyundai Tucson 1.6 CRDi Elite,2018,207000,1550000,8
hyundai-tucson,Hyundai Tucson,Hyundai Tucson 1.6 T-GDi Elite,2018,122000,1728000,8
hyundai-tucson,Hyundai Tucson,Hyundai Tucson 1.6 CRDi Elite,2018,158000,1700000,8
hyundai-tucson,Hyundai Tucson,Hyundai Tucson 2.0 CRDi Executive,2018,83000,1730000,8
hyundai-tucson,Hyundai Tucson,Hyundai Tucson 1.6 CRDi Elite Plus,2018,215000,1590000,8
hyundai-tucson,Hyundai Tucson,Hyundai Tucson 1.6 T-GDi Elite,2018,73000,1729900,8
hyundai-tucson,Hyundai Tucson,Hyundai Tucson 1.6 CRDi Elite,2018,111000,1710000,8
hyundai-tucson,Hyundai Tucson,Hyundai Tucson 1.6 GDi Elite,2018,86500,1650000,8
hyundai-tucson,Hyundai Tucson,Hyundai Tucson 1.6 CRDi Elite,2018,154500,1725000,8
hyundai-tucson,Hyundai Tucson,Hyundai Tucson 1.6 CRDi Elite Red Pack,2018,92000,1840000,8
hyundai-tucson,Hyundai Tucson,Hyundai Tucson 1.6 CRDi Elite,2018,189000,1750000,8
hyundai-tucson,Hyundai Tucson,Hyundai Tucson 1.6 CRDi Elite,2018,190000,1579000,8
hyundai-tucson,Hyundai Tucson,Hyundai Tucson 1.6 T-GDi Elite,2018,106000,1665000,8
hyundai-tucson,Hyundai Tucson,Hyundai Tucson 1.6 CRDi Elite,2018,233500,1620000,8
hyundai-tucson,Hyundai Tucson,Hyundai Tucson 1.6 GDi Elite,2018,98000,1680000,8
hyundai-tucson,Hyundai Tucson,Hyundai Tucson 1.6 GDi Style,2018,120000,1660000,8
hyundai-tucson,Hyundai Tucson,Hyundai Tucson 1.6 CRDi Style,2018,90500,1650000,8
hyundai-tucson,Hyundai Tucson,Hyundai Tucson 1.6 CRDi Elite,2018,79000,1719750,8
hyundai-tucson,Hyundai Tucson,Hyundai Tucson 1.6 GDi Style,2018,135000,1520000,8
hyundai-tucson,Hyundai Tucson,Hyundai Tucson 1.6 CRDi Elite,2018,198500,1590000,8
hyundai-tucson,Hyundai Tucson,Hyundai Tucson 1.6 CRDi Elite,2018,66000,1875000,8
hyundai-tucson,Hyundai Tucson,Hyundai Tucson 1.6 CRDi Elite,2018,112000,1749000,8
hyundai-tucson,Hyundai Tucson,Hyundai Tucson 1.6 CRDi Elite,2018,161857,1680000,8
hyundai-tucson,Hyundai Tucson,Hyundai Tucson 1.6 T-GDi Elite Plus,2018,109500,1650000,8
hyundai-tucson,Hyundai Tucson,Hyundai Tucson 1.6 CRDi Elite,2018,168000,1475000,8
hyundai-tucson,Hyundai Tucson,Hyundai Tucson 1.6 CRDi Elite,2018,155000,1825000,8
hyundai-tucson,Hyundai Tucson,Hyundai Tucson 1.6 CRDi Elite,2018,110000,1850000,8
hyundai-tucson,Hyundai Tucson,Hyundai Tucson 1.6 GDi Elite,2018,47000,1775000,8
hyundai-tucson,Hyundai Tucson,Hyundai Tucson 1.6 CRDi Elite,2018,199500,1475000,8
hyundai-tucson,Hyundai Tucson,Hyundai Tucson 1.6 CRDi Elite,2018,107000,1549000,8
hyundai-tucson,Hyundai Tucson,Hyundai Tucson 1.6 CRDi Style,2018,95000,1650000,8
hyundai-tucson,Hyundai Tucson,Hyundai Tucson 1.6 CRDi Elite Plus,2018,204000,1825000,8
hyundai-tucson,Hyundai Tucson,Hyundai Tucson 1.6 GDi Elite,2018,138000,1590000,8
hyundai-tucson,Hyundai Tucson,Hyundai Tucson 1.6 CRDi Elite,2018,102000,1890000,8
hyundai-tucson,Hyundai Tucson,Hyundai Tucson 1.6 CRDi Elite,2018,105000,1695000,8
hyundai-tucson,Hyundai Tucson,Hyundai Tucson 1.6 CRDi Elite,2018,180000,1690000,8
hyundai-tucson,Hyundai Tucson,Hyundai Tucson 1.6 CRDi Elite,2018,99000,1840000,8
hyundai-tucson,Hyundai Tucson,Hyundai Tucson 1.6 CRDi Elite,2018,111000,1779000,8
hyundai-tucson,Hyundai Tucson,Hyundai Tucson 1.6 CRDi Elite,2018,121000,1770000,8
hyundai-tucson,Hyundai Tucson,Hyundai Tucson 1.6 GDi Elite,2018,65000,1800000,8
hyundai-tucson,Hyundai Tucson,Hyundai Tucson 1.6 CRDi Elite,2018,209000,1500000,8
hyundai-tucson,Hyundai Tucson,Hyundai Tucson 1.6 T-GDi Elite,2018,218000,1520000,8
hyundai-tucson,Hyundai Tucson,Hyundai Tucson 1.6 GDi Elite,2018,55000,1745000,8
hyundai-tucson,Hyundai Tucson,Hyundai Tucson 1.6 CRDi Style,2018,140000,1680000,8
hyundai-tucson,Hyundai Tucson,Hyundai Tucson 1.6 CRDi Elite,2018,192000,1470000,8
hyundai-tucson,Hyundai Tucson,Hyundai Tucson 1.6 CRDi Style,2018,75500,1730000,8
hyundai-tucson,Hyundai Tucson,Hyundai Tucson 1.6 T-GDi Elite Plus,2018,78000,1700000,8
hyundai-tucson,Hyundai Tucson,Hyundai Tucson 1.6 CRDi Elite Plus,2018,140000,1800000,8
hyundai-tucson,Hyundai Tucson,Hyundai Tucson 1.6 T-GDi Elite Plus,2018,188000,1445000,8
hyundai-tucson,Hyundai Tucson,Hyundai Tucson 1.6 CRDi Elite Plus,2018,106000,1735000,8
hyundai-tucson,Hyundai Tucson,Hyundai Tucson 1.6 CRDi Elite Plus,2018,102000,1880000,8
hyundai-tucson,Hyundai Tucson,Hyundai Tucson 1.6 CRDi Elite Plus,2019,140000,1775000,7
hyundai-tucson,Hyundai Tucson,Hyundai Tucson 1.6 CRDi Elite,2019,123000,1690000,7
hyundai-tucson,Hyundai Tucson,Hyundai Tucson 1.6 CRDi Elite,2019,88000,1795000,7
hyundai-tucson,Hyundai Tucson,Hyundai Tucson 1.6 CRDi Elite,2019,102000,1828000,7
hyundai-tucson,Hyundai Tucson,Hyundai Tucson 1.6 CRDi Elite,2019,103000,1850000,7
hyundai-tucson,Hyundai Tucson,Hyundai Tucson 1.6 CRDi Style Plus,2019,84000,1785000,7
hyundai-tucson,Hyundai Tucson,Hyundai Tucson 1.6 CRDi Elite,2019,129000,1665000,7
hyundai-tucson,Hyundai Tucson,Hyundai Tucson 1.6 CRDi Style Plus,2019,72000,1749000,7
hyundai-tucson,Hyundai Tucson,Hyundai Tucson 1.6 CRDi Elite,2019,128000,1489999,7
hyundai-tucson,Hyundai Tucson,Hyundai Tucson 1.6 CRDi Style Plus,2019,118000,1750000,7
hyundai-tucson,Hyundai Tucson,Hyundai Tucson 1.6 CRDi Elite,2019,110000,1660000,7
hyundai-tucson,Hyundai Tucson,Hyundai Tucson 1.6 CRDi Elite,2019,155000,1599000,7
hyundai-tucson,Hyundai Tucson,Hyundai Tucson 1.6 CRDi Elite Plus,2019,160000,1695000,7
hyundai-tucson,Hyundai Tucson,Hyundai Tucson 1.6 CRDi Elite,2019,42000,2050000,7
hyundai-tucson,Hyundai Tucson,Hyundai Tucson 1.6 CRDi Style Plus,2019,90000,1519000,7
hyundai-tucson,Hyundai Tucson,Hyundai Tucson 1.6 CRDi N Line,2019,77000,1965000,7
hyundai-tucson,Hyundai Tucson,Hyundai Tucson 1.6 CRDi Style Plus,2019,122000,1710000,7
hyundai-tucson,Hyundai Tucson,Hyundai Tucson 1.6 CRDi Style Plus,2019,103000,1720000,7
hyundai-tucson,Hyundai Tucson,Hyundai Tucson 1.6 CRDi Style Plus,2019,55000,1915000,7
hyundai-tucson,Hyundai Tucson,Hyundai Tucson 1.6 CRDi Elite,2019,120000,1745000,7
hyundai-tucson,Hyundai Tucson,Hyundai Tucson 1.6 CRDi Elite,2019,66000,1899000,7
hyundai-tucson,Hyundai Tucson,Hyundai Tucson 1.6 CRDi Style Plus,2019,175000,1695000,7
hyundai-tucson,Hyundai Tucson,Hyundai Tucson 1.6 CRDi Style Plus,2019,129000,1738850,7
hyundai-tucson,Hyundai Tucson,Hyundai Tucson 1.6 CRDi Style Plus,2019,102000,1690000,7
hyundai-tucson,Hyundai Tucson,Hyundai Tucson 1.6 CRDi Style Plus,2019,86000,1750000,7
hyundai-tucson,Hyundai Tucson,Hyundai Tucson 1.6 CRDi Elite,2019,130000,1818850,7
hyundai-tucson,Hyundai Tucson,Hyundai Tucson 1.6 CRDi Elite,2019,175000,1685000,7
hyundai-tucson,Hyundai Tucson,Hyundai Tucson 1.6 CRDi N Line Plus,2019,81000,2020000,7
hyundai-tucson,Hyundai Tucson,Hyundai Tucson 1.6 CRDi Elite Plus,2019,79000,1990000,7
hyundai-tucson,Hyundai Tucson,Hyundai Tucson 1.6 CRDi Elite Red Pack,2019,99000,1795000,7
hyundai-tucson,Hyundai Tucson,Hyundai Tucson 1.6 CRDi Elite Red Pack,2019,175000,1575000,7
hyundai-tucson,Hyundai Tucson,Hyundai Tucson 1.6 CRDi Style Plus,2019,77000,1795000,7
hyundai-tucson,Hyundai Tucson,Hyundai Tucson 1.6 CRDi Style Plus,2019,135000,1690000,7
hyundai-tucson,Hyundai Tucson,Hyundai Tucson 1.6 CRDi Style Plus,2019,155000,1725000,7
hyundai-tucson,Hyundai Tucson,Hyundai Tucson 1.6 CRDi Elite,2019,74000,1765000,7
hyundai-tucson,Hyundai Tucson,Hyundai Tucson 1.6 CRDi Style Plus,2019,69000,1670000,7
hyundai-tucson,Hyundai Tucson,Hyundai Tucson 1.6 CRDi Elite,2019,123500,1760000,7
hyundai-tucson,Hyundai Tucson,Hyundai Tucson 1.6 CRDi Elite Red Pack,2019,82000,2000000,7
hyundai-tucson,Hyundai Tucson,Hyundai Tucson 1.6 CRDi Style Plus,2019,195000,1595000,7
hyundai-tucson,Hyundai Tucson,Hyundai Tucson 1.6 CRDi Elite Red Pack,2019,141000,1539000,7
hyundai-tucson,Hyundai Tucson,Hyundai Tucson 1.6 CRDi Style Plus,2019,186000,1615000,7
hyundai-tucson,Hyundai Tucson,Hyundai Tucson 1.6 CRDi Style Plus,2019,90000,1800000,7
hyundai-tucson,Hyundai Tucson,Hyundai Tucson 1.6 CRDi Elite,2019,89000,1845000,7
hyundai-tucson,Hyundai Tucson,Hyundai Tucson 1.6 CRDi Style Plus,2019,89000,1775000,7
hyundai-tucson,Hyundai Tucson,Hyundai Tucson 1.6 CRDi Style Plus,2019,210000,1680000,7
hyundai-tucson,Hyundai Tucson,Hyundai Tucson 1.6 CRDi Elite,2019,133000,1740000,7
hyundai-tucson,Hyundai Tucson,Hyundai Tucson 1.6 CRDi Style Plus,2019,138000,1650000,7
hyundai-tucson,Hyundai Tucson,Hyundai Tucson 1.6 CRDi Elite,2019,69000,1800000,7
hyundai-tucson,Hyundai Tucson,Hyundai Tucson 1.6 CRDi Style,2019,114000,1785000,7
hyundai-tucson,Hyundai Tucson,Hyundai Tucson 1.6 CRDi Elite,2019,107000,1690000,7
hyundai-tucson,Hyundai Tucson,Hyundai Tucson 1.6 CRDi Style Plus,2019,55000,1810000,7
hyundai-tucson,Hyundai Tucson,Hyundai Tucson 1.6 CRDi Elite Red Pack,2019,105000,1749000,7
hyundai-tucson,Hyundai Tucson,Hyundai Tucson 1.6 CRDi Style Plus,2019,256000,1525000,7
hyundai-tucson,Hyundai Tucson,Hyundai Tucson 1.6 CRDi Elite,2019,99350,1825000,7
hyundai-tucson,Hyundai Tucson,Hyundai Tucson 1.6 CRDi N Line,2019,139000,1599900,7
hyundai-tucson,Hyundai Tucson,Hyundai Tucson 1.6 CRDi Elite Plus,2019,216000,1775000,7
hyundai-tucson,Hyundai Tucson,Hyundai Tucson 1.6 CRDi Elite Red Pack,2019,106023,1890000,7
hyundai-tucson,Hyundai Tucson,Hyundai Tucson 1.6 CRDi Elite Plus,2019,141000,1579000,7
hyundai-tucson,Hyundai Tucson,Hyundai Tucson 1.6 CRDi Elite,2019,66000,1900000,7
hyundai-tucson,Hyundai Tucson,Hyundai Tucson 1.6 CRDi Elite,2019,90000,1850000,7
hyundai-tucson,Hyundai Tucson,Hyundai Tucson 1.6 CRDi Style,2019,62000,1915000,7
hyundai-tucson,Hyundai Tucson,Hyundai Tucson 1.6 CRDi Elite,2019,124000,1765000,7
hyundai-tucson,Hyundai Tucson,Hyundai Tucson 1.6 CRDi Style,2019,182000,1650000,7
hyundai-tucson,Hyundai Tucson,Hyundai Tucson 1.6 CRDi Elite,2019,47000,2020000,7
hyundai-tucson,Hyundai Tucson,Hyundai Tucson 1.6 CRDi Elite,2019,110000,1835000,7
hyundai-tucson,Hyundai Tucson,Hyundai Tucson 1.6 CRDi Elite,2019,149000,1680000,7
hyundai-tucson,Hyundai Tucson,Hyundai Tucson 1.6 CRDi Elite,2019,130000,1749900,7
hyundai-tucson,Hyundai Tucson,Hyundai Tucson 1.6 CRDi Elite,2019,149700,1560000,7
hyundai-tucson,Hyundai Tucson,Hyundai Tucson 1.6 CRDi Elite,2019,86000,1945000,7
hyundai-tucson,Hyundai Tucson,Hyundai Tucson 1.6 CRDi Elite,2019,42000,1955000,7
hyundai-tucson,Hyundai Tucson,Hyundai Tucson 1.6 CRDi Elite,2019,93000,1880000,7
hyundai-tucson,Hyundai Tucson,Hyundai Tucson 1.6 CRDi Elite,2019,135500,1595000,7
hyundai-tucson,Hyundai Tucson,Hyundai Tucson 1.6 CRDi Elite,2019,96000,1880000,7
hyundai-tucson,Hyundai Tucson,Hyundai Tucson 1.6 CRDi Elite,2019,100000,1780000,7
hyundai-tucson,Hyundai Tucson,Hyundai Tucson 1.6 CRDi Elite,2019,115000,1810000,7
hyundai-tucson,Hyundai Tucson,Hyundai Tucson 1.6 CRDi Elite,2019,68000,1955000,7
hyundai-tucson,Hyundai Tucson,Hyundai Tucson 1.6 CRDi Elite,2019,225000,1555000,7
hyundai-tucson,Hyundai Tucson,Hyundai Tucson 1.6 CRDi Elite,2019,173850,1695000,7
hyundai-tucson,Hyundai Tucson,Hyundai Tucson 1.6 CRDi Elite,2019,100000,1800000,7
hyundai-tucson,Hyundai Tucson,Hyundai Tucson 1.6 CRDi Elite,2019,100000,1770000,7
hyundai-tucson,Hyundai Tucson,Hyundai Tucson 1.6 CRDi Elite,2019,96000,1835000,7
hyundai-tucson,Hyundai Tucson,Hyundai Tucson 1.6 CRDi Elite,2019,122000,1780000,7
hyundai-tucson,Hyundai Tucson,Hyundai Tucson 1.6 CRDi Elite,2019,135300,1825000,7
hyundai-tucson,Hyundai Tucson,Hyundai Tucson 1.6 CRDi Elite,2019,123000,1685000,7
hyundai-tucson,Hyundai Tucson,Hyundai Tucson 1.6 CRDi Elite,2019,250000,1511000,7
hyundai-tucson,Hyundai Tucson,Hyundai Tucson 1.6 CRDi Elite,2019,162000,1520900,7
hyundai-tucson,Hyundai Tucson,Hyundai Tucson 1.6 CRDi Elite,2019,86000,1870000,7
hyundai-tucson,Hyundai Tucson,Hyundai Tucson 1.6 CRDi Elite,2019,110500,1750000,7
hyundai-tucson,Hyundai Tucson,Hyundai Tucson 1.6 CRDi Style Plus,2019,84000,1740000,7
hyundai-tucson,Hyundai Tucson,Hyundai Tucson 1.6 CRDi Elite,2019,43400,2055000,7
hyundai-tucson,Hyundai Tucson,Hyundai Tucson 1.6 CRDi Elite Plus,2019,210000,1730000,7
hyundai-tucson,Hyundai Tucson,Hyundai Tucson 1.6 CRDi Elite,2019,90000,1815000,7
hyundai-tucson,Hyundai Tucson,Hyundai Tucson 1.6 CRDi Elite,2019,157000,1780000,7
hyundai-tucson,Hyundai Tucson,Hyundai Tucson 1.6 CRDi Style Plus,2019,52000,1910000,7
hyundai-tucson,Hyundai Tucson,Hyundai Tucson 1.6 CRDi Elite,2019,128000,1525000,7
hyundai-tucson,Hyundai Tucson,Hyundai Tucson 1.6 CRDi Elite,2019,110000,1920000,7
hyundai-tucson,Hyundai Tucson,Hyundai Tucson 1.6 CRDi Elite,2019,63000,1885000,7
hyundai-tucson,Hyundai Tucson,Hyundai Tucson 1.6 CRDi Elite,2019,100000,1880000,7
hyundai-tucson,Hyundai Tucson,Hyundai Tucson 1.6 CRDi Style Plus,2019,73000,1880000,7
hyundai-tucson,Hyundai Tucson,Hyundai Tucson 1.6 CRDi Elite,2019,93500,1740500,7
hyundai-tucson,Hyundai Tucson,Hyundai Tucson 1.6 CRDi Style Plus,2019,136000,1700000,7
hyundai-tucson,Hyundai Tucson,Hyundai Tucson 1.6 CRDi Elite,2019,214000,1500000,7
hyundai-tucson,Hyundai Tucson,Hyundai Tucson 1.6 CRDi N Line Plus,2019,190000,2000000,7
hyundai-tucson,Hyundai Tucson,Hyundai Tucson 1.6 CRDi Elite,2020,114500,1860000,6
hyundai-tucson,Hyundai Tucson,Hyundai Tucson 1.6 CRDi Elite,2020,98666,1989000,6
hyundai-tucson,Hyundai Tucson,Hyundai Tucson 1.6 CRDi Smart,2020,60150,1950000,6
hyundai-tucson,Hyundai Tucson,Hyundai Tucson 1.6 CRDi N Line,2020,77850,1860000,6
hyundai-tucson,Hyundai Tucson,Hyundai Tucson 1.6 T-GDi Power Edition,2020,26000,1879000,6
hyundai-tucson,Hyundai Tucson,Hyundai Tucson 1.6 CRDi Elite,2020,94211,1980000,6
hyundai-tucson,Hyundai Tucson,Hyundai Tucson 1.6 T-GDi Power Edition,2020,42000,1985000,6
hyundai-tucson,Hyundai Tucson,Hyundai Tucson 1.6 CRDi Elite,2020,65000,1989999,6
hyundai-tucson,Hyundai Tucson,Hyundai Tucson 1.6 CRDi Smart,2020,137000,1738850,6
hyundai-tucson,Hyundai Tucson,Hyundai Tucson 1.6 CRDi N Line,2020,170000,1670000,6
hyundai-tucson,Hyundai Tucson,Hyundai Tucson 1.6 CRDi Elite,2020,145000,1780000,6
hyundai-tucson,Hyundai Tucson,Hyundai Tucson 1.6 CRDi Smart,2020,125000,1690000,6
hyundai-tucson,Hyundai Tucson,Hyundai Tucson 1.6 CRDi Smart,2020,123000,1759000,6
hyundai-tucson,Hyundai Tucson,Hyundai Tucson 1.6 CRDi Elite,2020,141252,1775000,6
hyundai-tucson,Hyundai Tucson,Hyundai Tucson 1.6 CRDi N Line Plus,2020,98000,1870000,6
hyundai-tucson,Hyundai Tucson,Hyundai Tucson 1.6 CRDi Elite,2020,135000,1790000,6
hyundai-tucson,Hyundai Tucson,Hyundai Tucson 1.6 CRDi Elite,2020,88000,1875000,6
hyundai-tucson,Hyundai Tucson,Hyundai Tucson 1.6 CRDi Elite,2020,204000,1530000,6
hyundai-tucson,Hyundai Tucson,Hyundai Tucson 1.6 CRDi Elite,2020,56000,1925000,6
hyundai-tucson,Hyundai Tucson,Hyundai Tucson 1.6 CRDi Elite,2020,88200,1820000,6
hyundai-tucson,Hyundai Tucson,Hyundai Tucson 1.6 CRDi Elite,2020,116000,1765000,6
hyundai-tucson,Hyundai Tucson,Hyundai Tucson 1.6 CRDi Elite,2020,115000,2049999,6
hyundai-tucson,Hyundai Tucson,Hyundai Tucson 1.6 CRDi Smart,2020,40000,1890000,6
hyundai-tucson,Hyundai Tucson,Hyundai Tucson 1.6 CRDi Smart,2020,184000,1525000,6
hyundai-tucson,Hyundai Tucson,Hyundai Tucson 1.6 T-GDi Power Edition,2020,108000,1875000,6
hyundai-tucson,Hyundai Tucson,Hyundai Tucson 1.6 CRDi Smart,2020,47000,1820000,6
hyundai-tucson,Hyundai Tucson,Hyundai Tucson 1.6 CRDi N Line,2020,62500,1949000,6
hyundai-tucson,Hyundai Tucson,Hyundai Tucson 1.6 T-GDi Power Edition,2020,114000,1730000,6
hyundai-tucson,Hyundai Tucson,Hyundai Tucson 1.6 CRDi N Line Plus,2020,76000,1978000,6
hyundai-tucson,Hyundai Tucson,Hyundai Tucson 1.6 CRDi Elite Plus,2020,89444,1920000,6
hyundai-tucson,Hyundai Tucson,Hyundai Tucson 1.6 CRDi N Line,2020,128000,1749000,6
hyundai-tucson,Hyundai Tucson,Hyundai Tucson 1.6 T-GDi Power Edition,2020,124000,1725000,6
hyundai-tucson,Hyundai Tucson,Hyundai Tucson 1.6 T-GDi Power Edition,2020,115000,1625000,6
hyundai-tucson,Hyundai Tucson,Hyundai Tucson 1.6 CRDi Elite,2020,130000,1799950,6
hyundai-tucson,Hyundai Tucson,Hyundai Tucson 1.6 T-GDi Power Edition,2020,69000,1715000,6
hyundai-tucson,Hyundai Tucson,Hyundai Tucson 1.6 CRDi Smart,2020,78000,1829000,6
hyundai-tucson,Hyundai Tucson,Hyundai Tucson 1.6 CRDi N Line Plus,2020,103000,1765000,6
hyundai-tucson,Hyundai Tucson,Hyundai Tucson 1.6 CRDi Smart,2020,59000,1874500,6
hyundai-tucson,Hyundai Tucson,Hyundai Tucson 1.6 T-GDi Power Edition,2020,95526,1690000,6
hyundai-tucson,Hyundai Tucson,Hyundai Tucson 1.6 T-GDi Power Edition,2020,76000,1739000,6
hyundai-tucson,Hyundai Tucson,Hyundai Tucson 1.6 CRDi Elite,2020,84000,2100000,6
hyundai-tucson,Hyundai Tucson,Hyundai Tucson 1.6 CRDi Elite,2020,145000,1765000,6
hyundai-tucson,Hyundai Tucson,Hyundai Tucson 1.6 CRDi N Line,2020,69000,1975000,6
hyundai-tucson,Hyundai Tucson,Hyundai Tucson 1.6 CRDi Smart,2020,119500,1765000,6
hyundai-tucson,Hyundai Tucson,Hyundai Tucson 1.6 CRDi Smart,2020,220000,1495000,6
hyundai-tucson,Hyundai Tucson,Hyundai Tucson 1.6 CRDi N Line,2020,91225,1985000,6
hyundai-tucson,Hyundai Tucson,Hyundai Tucson 1.6 CRDi Smart,2020,45000,1939000,6
hyundai-tucson,Hyundai Tucson,Hyundai Tucson 1.6 CRDi Elite,2020,130000,1900000,6
hyundai-tucson,Hyundai Tucson,Hyundai Tucson 1.6 CRDi Elite,2020,111000,1815000,6
hyundai-tucson,Hyundai Tucson,Hyundai Tucson 1.6 CRDi N Line,2020,109000,2075000,6
hyundai-tucson,Hyundai Tucson,Hyundai Tucson 1.6 CRDi Elite,2020,101300,1939000,6
hyundai-tucson,Hyundai Tucson,Hyundai Tucson 1.6 CRDi N Line,2020,112000,1835000,6
hyundai-tucson,Hyundai Tucson,Hyundai Tucson 1.6 CRDi N Line Plus,2020,103454,1750000,6
hyundai-tucson,Hyundai Tucson,Hyundai Tucson 1.6 CRDi Elite,2020,118000,1830000,6
hyundai-tucson,Hyundai Tucson,Hyundai Tucson 1.6 CRDi N Line,2020,98000,1820000,6
hyundai-tucson,Hyundai Tucson,Hyundai Tucson 1.6 CRDi N Line Plus,2020,54000,2025000,6
hyundai-tucson,Hyundai Tucson,Hyundai Tucson 1.6 T-GDi Power Edition,2020,50565,1815000,6
hyundai-tucson,Hyundai Tucson,Hyundai Tucson 1.6 CRDi Smart,2020,152000,1685000,6
hyundai-tucson,Hyundai Tucson,Hyundai Tucson 1.6 CRDi Elite,2020,68000,1970000,6
hyundai-tucson,Hyundai Tucson,Hyundai Tucson 1.6 CRDi Smart,2020,166000,1680000,6
hyundai-tucson,Hyundai Tucson,Hyundai Tucson 1.6 CRDi Smart,2020,85000,1750000,6
hyundai-tucson,Hyundai Tucson,Hyundai Tucson 1.6 CRDi Smart,2020,75000,1819000,6
hyundai-tucson,Hyundai Tucson,Hyundai Tucson 1.6 CRDi N Line Plus,2020,216000,1539000,6
hyundai-tucson,Hyundai Tucson,Hyundai Tucson 1.6 CRDi N Line Plus,2020,90000,1939000,6
hyundai-tucson,Hyundai Tucson,Hyundai Tucson 1.6 CRDi Elite,2020,71000,1950000,6
hyundai-tucson,Hyundai Tucson,Hyundai Tucson 1.6 CRDi N Line,2020,128000,1875000,6
hyundai-tucson,Hyundai Tucson,Hyundai Tucson 1.6 CRDi Elite,2020,186000,1875053,6
hyundai-tucson,Hyundai Tucson,Hyundai Tucson 1.6 CRDi N Line Plus,2020,203745,1529500,6
hyundai-tucson,Hyundai Tucson,Hyundai Tucson 1.6 CRDi N Line,2020,89000,1885000,6
hyundai-tucson,Hyundai Tucson,Hyundai Tucson 1.6 CRDi N Line,2020,104000,1865000,6
hyundai-tucson,Hyundai Tucson,Hyundai Tucson 1.6 CRDi N Line,2020,88000,1749000,6
hyundai-tucson,Hyundai Tucson,Hyundai Tucson 1.6 T-GDi Power Edition,2020,84000,1768500,6
hyundai-tucson,Hyundai Tucson,Hyundai Tucson 1.6 CRDi N Line Plus,2020,133000,1899000,6
hyundai-tucson,Hyundai Tucson,Hyundai Tucson 1.6 CRDi Smart,2020,118200,1619750,6
hyundai-tucson,Hyundai Tucson,Hyundai Tucson 1.6 CRDi Elite,2020,129260,1950000,6
hyundai-tucson,Hyundai Tucson,Hyundai Tucson 1.6 CRDi Smart,2020,95500,1870000,6
hyundai-tucson,Hyundai Tucson,Hyundai Tucson 1.6 CRDi Smart,2020,95000,1896000,6
hyundai-tucson,Hyundai Tucson,Hyundai Tucson 1.6 CRDi N Line,2020,127000,1780000,6
hyundai-tucson,Hyundai Tucson,Hyundai Tucson 1.6 T-GDi Power Edition,2020,114000,1719000,6
hyundai-tucson,Hyundai Tucson,Hyundai Tucson 1.6 CRDi N Line Plus,2020,106000,1865000,6
hyundai-tucson,Hyundai Tucson,Hyundai Tucson 1.6 CRDi N Line,2020,60000,1790000,6
hyundai-tucson,Hyundai Tucson,Hyundai Tucson 1.6 T-GDi Power Edition,2020,81306,1839000,6
hyundai-tucson,Hyundai Tucson,Hyundai Tucson 1.6 T-GDi Power Edition,2020,89000,1729000,6
hyundai-tucson,Hyundai Tucson,Hyundai Tucson 1.6 CRDi N Line Plus,2020,110000,1799000,6
hyundai-tucson,Hyundai Tucson,Hyundai Tucson 1.6 CRDi N Line Plus,2020,132000,1900000,6
hyundai-tucson,Hyundai Tucson,Hyundai Tucson 1.6 CRDi Elite,2020,143000,1690000,6
hyundai-tucson,Hyundai Tucson,Hyundai Tucson 1.6 CRDi Elite,2020,87000,1885000,6
hyundai-tucson,Hyundai Tucson,Hyundai Tucson 1.6 CRDi Elite,2020,109000,1925000,6
hyundai-tucson,Hyundai Tucson,Hyundai Tucson 1.6 CRDi Elite,2020,153000,1835000,6
hyundai-tucson,Hyundai Tucson,Hyundai Tucson 1.6 CRDi Elite,2020,129500,1760000,6
hyundai-tucson,Hyundai Tucson,Hyundai Tucson 1.6 CRDi Elite,2020,99000,1900000,6
hyundai-tucson,Hyundai Tucson,Hyundai Tucson 1.6 CRDi Elite,2020,101000,1900000,6
hyundai-tucson,Hyundai Tucson,Hyundai Tucson 1.6 CRDi Elite,2020,69000,1820000,6
hyundai-tucson,Hyundai Tucson,Hyundai Tucson 1.6 CRDi Elite,2020,177000,1750000,6
hyundai-tucson,Hyundai Tucson,Hyundai Tucson 1.6 CRDi Elite Plus,2020,82000,2075000,6
hyundai-tucson,Hyundai Tucson,Hyundai Tucson 1.6 CRDi Elite,2020,56000,2200000,6
hyundai-tucson,Hyundai Tucson,Hyundai Tucson 1.6 CRDi Elite,2020,182576,1879000,6
hyundai-tucson,Hyundai Tucson,Hyundai Tucson 1.6 CRDi Elite,2020,61200,2020000,6
hyundai-tucson,Hyundai Tucson,Hyundai Tucson 1.6 CRDi Elite Plus,2020,114000,2000000,6
hyundai-tucson,Hyundai Tucson,Hyundai Tucson 1.6 CRDi Elite,2020,167600,1655000,6
hyundai-tucson,Hyundai Tucson,Hyundai Tucson 1.6 CRDi Elite,2020,108000,1935000,6
hyundai-tucson,Hyundai Tucson,Hyundai Tucson 1.6 CRDi Elite Plus,2020,119000,2000000,6
hyundai-tucson,Hyundai Tucson,Hyundai Tucson 1.6 CRDi Elite,2020,84000,1925000,6
hyundai-tucson,Hyundai Tucson,Hyundai Tucson 1.6 CRDi Elite,2020,96000,1950000,6
hyundai-tucson,Hyundai Tucson,Hyundai Tucson 1.6 CRDi Elite,2020,65000,1755000,6
hyundai-tucson,Hyundai Tucson,Hyundai Tucson 1.6 CRDi Elite Plus,2020,125000,1980000,6
hyundai-tucson,Hyundai Tucson,Hyundai Tucson 1.6 CRDi Elite,2020,136000,1650000,6
hyundai-tucson,Hyundai Tucson,Hyundai Tucson 1.6 CRDi Elite,2020,115000,1750000,6
hyundai-tucson,Hyundai Tucson,Hyundai Tucson 1.6 CRDi Elite,2020,93000,1940000,6
hyundai-tucson,Hyundai Tucson,Hyundai Tucson 1.6 CRDi Elite Plus,2020,143000,2100000,6
hyundai-tucson,Hyundai Tucson,Hyundai Tucson 1.6 CRDi Elite,2020,120770,1850000,6
hyundai-tucson,Hyundai Tucson,Hyundai Tucson 1.6 CRDi Elite,2020,90000,1875000,6
hyundai-tucson,Hyundai Tucson,Hyundai Tucson 1.6 CRDi Elite,2020,118000,1685000,6
hyundai-tucson,Hyundai Tucson,Hyundai Tucson 1.6 CRDi N Line,2020,122000,1975000,6
hyundai-tucson,Hyundai Tucson,Hyundai Tucson 1.6 T-GDi Power Edition,2020,29000,1940000,6
hyundai-tucson,Hyundai Tucson,Hyundai Tucson 1.6 CRDi Elite,2020,195000,1575000,6
hyundai-tucson,Hyundai Tucson,Hyundai Tucson 1.6 CRDi Smart,2020,127500,1765000,6
hyundai-tucson,Hyundai Tucson,Hyundai Tucson 1.6 CRDi N Line,2020,59800,1740000,6
hyundai-tucson,Hyundai Tucson,Hyundai Tucson 1.6 CRDi Elite,2020,149000,1680000,6
hyundai-tucson,Hyundai Tucson,Hyundai Tucson 1.6 CRDi Elite,2020,138800,1799999,6
hyundai-tucson,Hyundai Tucson,Hyundai Tucson 1.6 CRDi Elite,2020,103000,1890000,6
hyundai-tucson,Hyundai Tucson,Hyundai Tucson 1.6 CRDi Elite,2020,137000,1810000,6
hyundai-tucson,Hyundai Tucson,Hyundai Tucson 1.6 CRDi Elite,2020,30000,2125000,6
hyundai-tucson,Hyundai Tucson,Hyundai Tucson 1.6 CRDi Smart,2020,60000,1780000,6
hyundai-tucson,Hyundai Tucson,Hyundai Tucson 1.6 CRDi Elite,2020,120000,1825000,6
hyundai-tucson,Hyundai Tucson,Hyundai Tucson 1.6 CRDi Elite,2020,95000,1900000,6
hyundai-tucson,Hyundai Tucson,Hyundai Tucson 1.6 CRDi Elite,2020,85000,2100000,6
hyundai-tucson,Hyundai Tucson,Hyundai Tucson 1.6 CRDi Elite,2020,73000,1830000,6
hyundai-tucson,Hyundai Tucson,Hyundai Tucson 1.6 CRDi N Line,2020,123500,1850000,6
hyundai-tucson,Hyundai Tucson,Hyundai Tucson 1.6 CRDi Elite,2020,94000,1850000,6
hyundai-tucson,Hyundai Tucson,Hyundai Tucson 1.6 CRDi Elite,2020,98000,1999000,6
hyundai-tucson,Hyundai Tucson,Hyundai Tucson 1.6 CRDi Elite,2020,94500,1850000,6
hyundai-tucson,Hyundai Tucson,Hyundai Tucson 1.6 CRDi N Line,2020,101000,1840000,6
hyundai-tucson,Hyundai Tucson,Hyundai Tucson 1.6 CRDi Elite Plus,2020,104000,2029000,6
hyundai-tucson,Hyundai Tucson,Hyundai Tucson 1.6 CRDi Elite,2020,50030,1950000,6
hyundai-tucson,Hyundai Tucson,Hyundai Tucson 1.6 CRDi Elite Plus,2020,93000,1970000,6
hyundai-tucson,Hyundai Tucson,Hyundai Tucson 1.6 CRDi Elite,2020,101500,1775000,6
hyundai-tucson,Hyundai Tucson,Hyundai Tucson 1.6 CRDi Elite,2020,128000,1885000,6
hyundai-tucson,Hyundai Tucson,Hyundai Tucson 1.6 CRDi Elite Plus,2020,94000,1865000,6
hyundai-tucson,Hyundai Tucson,Hyundai Tucson 1.6 CRDi N Line Plus,2020,107000,1894500,6
hyundai-tucson,Hyundai Tucson,Hyundai Tucson 1.6 CRDi Elite,2020,108000,1775000,6
hyundai-tucson,Hyundai Tucson,Hyundai Tucson 1.6 CRDi Elite,2020,195000,1550000,6
hyundai-tucson,Hyundai Tucson,Hyundai Tucson 1.6 CRDi Elite,2020,81000,1890000,6
hyundai-tucson,Hyundai Tucson,Hyundai Tucson 1.6 CRDi Elite Plus,2021,66000,1850000,5
hyundai-tucson,Hyundai Tucson,Hyundai Tucson 1.6 CRDi Elite Plus,2021,82000,2185000,5
hyundai-tucson,Hyundai Tucson,Hyundai Tucson 1.6 CRDi Elite Plus,2021,90000,2275000,5
hyundai-tucson,Hyundai Tucson,Hyundai Tucson 1.6 CRDi Elite,2021,78000,2200000,5
hyundai-tucson,Hyundai Tucson,Hyundai Tucson 1.6 CRDi Elite,2021,110000,1985000,5
hyundai-tucson,Hyundai Tucson,Hyundai Tucson 1.6 CRDi Elite,2021,53000,1785000,5
hyundai-tucson,Hyundai Tucson,Hyundai Tucson 1.6 CRDi Elite,2021,82000,2125000,5
hyundai-tucson,Hyundai Tucson,Hyundai Tucson 1.6 CRDi Prime,2021,103000,1795000,5
hyundai-tucson,Hyundai Tucson,Hyundai Tucson 1.6 CRDi Elite,2021,105000,2100000,5
hyundai-tucson,Hyundai Tucson,Hyundai Tucson 1.6 CRDi Elite,2021,184500,1820000,5
hyundai-tucson,Hyundai Tucson,Hyundai Tucson 1.6 CRDi Elite Plus,2021,56000,2290000,5
hyundai-tucson,Hyundai Tucson,Hyundai Tucson 1.6 CRDi Prime,2021,70000,1970000,5
hyundai-tucson,Hyundai Tucson,Hyundai Tucson 1.6 T-GDi Comfort,2021,54500,1880000,5
hyundai-tucson,Hyundai Tucson,Hyundai Tucson 1.6 CRDi Elite,2021,59000,1945000,5
hyundai-tucson,Hyundai Tucson,Hyundai Tucson 1.6 CRDi Elite,2021,126000,1915000,5
hyundai-tucson,Hyundai Tucson,Hyundai Tucson 1.6 CRDi Prime,2021,104500,1845000,5
hyundai-tucson,Hyundai Tucson,Hyundai Tucson 1.6 CRDi Prime,2021,106000,1799000,5
hyundai-tucson,Hyundai Tucson,Hyundai Tucson 1.6 CRDi Elite,2021,91000,2099000,5
hyundai-tucson,Hyundai Tucson,Hyundai Tucson 1.6 CRDi Elite,2021,51000,2160000,5
hyundai-tucson,Hyundai Tucson,Hyundai Tucson 1.6 CRDi Elite,2021,95000,2035000,5
hyundai-tucson,Hyundai Tucson,Hyundai Tucson 1.6 CRDi Prime,2021,60000,1930000,5
hyundai-tucson,Hyundai Tucson,Hyundai Tucson 1.6 CRDi Elite,2021,140000,1918850,5
hyundai-tucson,Hyundai Tucson,Hyundai Tucson 1.6 CRDi Prime,2021,51000,2170000,5
hyundai-tucson,Hyundai Tucson,Hyundai Tucson 1.6 CRDi Prime,2021,75000,1895000,5
hyundai-tucson,Hyundai Tucson,Hyundai Tucson 1.6 CRDi Prime,2021,61000,2045000,5
hyundai-tucson,Hyundai Tucson,Hyundai Tucson 1.6 CRDi Prime,2021,99000,1885000,5
hyundai-tucson,Hyundai Tucson,Hyundai Tucson 1.6 CRDi Prime,2021,119500,1859900,5
hyundai-tucson,Hyundai Tucson,Hyundai Tucson 1.6 CRDi Prime,2021,88000,1849000,5
hyundai-tucson,Hyundai Tucson,Hyundai Tucson 1.6 CRDi Prime,2021,81000,1769000,5
hyundai-tucson,Hyundai Tucson,Hyundai Tucson 1.6 CRDi Prime,2021,237000,1649750,5
hyundai-tucson,Hyundai Tucson,Hyundai Tucson 1.6 CRDi Prime,2021,45000,2015000,5
hyundai-tucson,Hyundai Tucson,Hyundai Tucson 1.6 CRDi Prime,2021,142500,1785000,5
hyundai-tucson,Hyundai Tucson,Hyundai Tucson 1.6 CRDi Prime,2021,128000,1795000,5
hyundai-tucson,Hyundai Tucson,Hyundai Tucson 1.6 CRDi Prime,2021,117000,1815000,5
hyundai-tucson,Hyundai Tucson,Hyundai Tucson 1.6 CRDi Elite,2021,102000,2100000,5
hyundai-tucson,Hyundai Tucson,Hyundai Tucson 1.6 CRDi Prime,2021,152000,1800000,5
hyundai-tucson,Hyundai Tucson,Hyundai Tucson 1.6 CRDi Elite,2021,53800,2035000,5
hyundai-tucson,Hyundai Tucson,Hyundai Tucson 1.6 CRDi Elite Plus,2021,96468,2155000,5
hyundai-tucson,Hyundai Tucson,Hyundai Tucson 1.6 T-GDi Comfort,2021,86000,1735000,5
hyundai-tucson,Hyundai Tucson,Hyundai Tucson 1.6 T-GDi Comfort,2021,64000,1825000,5
hyundai-tucson,Hyundai Tucson,Hyundai Tucson 1.6 CRDi Elite Plus,2021,97000,2149000,5
hyundai-tucson,Hyundai Tucson,Hyundai Tucson 1.6 CRDi Elite,2021,97000,2095000,5
hyundai-tucson,Hyundai Tucson,Hyundai Tucson 1.6 CRDi Prime,2021,65000,2000000,5
hyundai-tucson,Hyundai Tucson,Hyundai Tucson 1.6 CRDi Elite,2021,102000,2060000,5
hyundai-tucson,Hyundai Tucson,Hyundai Tucson 1.6 CRDi Elite,2021,59000,2165000,5
hyundai-tucson,Hyundai Tucson,Hyundai Tucson 1.6 CRDi Elite Plus,2021,71000,2245000,5
hyundai-tucson,Hyundai Tucson,Hyundai Tucson 1.6 CRDi Prime,2021,45075,2350000,5
hyundai-tucson,Hyundai Tucson,Hyundai Tucson 1.6 CRDi Elite,2021,108000,2069000,5
hyundai-tucson,Hyundai Tucson,Hyundai Tucson 1.6 CRDi Prime,2021,69000,2044950,5
hyundai-tucson,Hyundai Tucson,Hyundai Tucson 1.6 CRDi Prime,2021,115000,1919900,5
hyundai-tucson,Hyundai Tucson,Hyundai Tucson 1.6 CRDi Elite Plus,2021,159000,2125000,5
hyundai-tucson,Hyundai Tucson,Hyundai Tucson 1.6 CRDi Prime,2021,49000,2130000,5
hyundai-tucson,Hyundai Tucson,Hyundai Tucson 1.6 CRDi Elite,2021,106000,1985000,5
hyundai-tucson,Hyundai Tucson,Hyundai Tucson 1.6 CRDi Elite,2021,119600,1969950,5
hyundai-tucson,Hyundai Tucson,Hyundai Tucson 1.6 CRDi Prime,2021,86500,1920000,5
hyundai-tucson,Hyundai Tucson,Hyundai Tucson 1.6 CRDi Prime,2021,112500,1805000,5
hyundai-tucson,Hyundai Tucson,Hyundai Tucson 1.6 CRDi Elite Plus,2021,94000,2150000,5
hyundai-tucson,Hyundai Tucson,Hyundai Tucson 1.6 CRDi Elite Plus,2021,47000,2315000,5
hyundai-tucson,Hyundai Tucson,Hyundai Tucson 1.6 CRDi Elite,2021,128000,2000000,5
hyundai-tucson,Hyundai Tucson,Hyundai Tucson 1.6 CRDi Elite,2021,110000,1945000,5
hyundai-tucson,Hyundai Tucson,Hyundai Tucson 1.6 CRDi Prime,2021,8200,2200000,5
hyundai-tucson,Hyundai Tucson,Hyundai Tucson 1.6 CRDi Elite,2021,47000,2175000,5
hyundai-tucson,Hyundai Tucson,Hyundai Tucson 1.6 CRDi Elite,2021,125000,1925000,5
hyundai-tucson,Hyundai Tucson,Hyundai Tucson 1.6 CRDi Elite,2021,92000,1965000,5
hyundai-tucson,Hyundai Tucson,Hyundai Tucson 1.6 CRDi Elite,2021,58000,1998000,5
hyundai-tucson,Hyundai Tucson,Hyundai Tucson 1.6 CRDi Elite,2021,114000,1995000,5
hyundai-tucson,Hyundai Tucson,Hyundai Tucson 1.6 T-GDi Comfort,2021,50000,1790000,5
hyundai-tucson,Hyundai Tucson,Hyundai Tucson 1.6 CRDi Elite,2021,110000,1865000,5
hyundai-tucson,Hyundai Tucson,Hyundai Tucson 1.6 CRDi Elite,2021,94000,2120000,5
hyundai-tucson,Hyundai Tucson,Hyundai Tucson 1.6 CRDi Elite,2021,72000,2095000,5
hyundai-tucson,Hyundai Tucson,Hyundai Tucson 1.6 CRDi Elite,2021,68000,2015000,5
hyundai-tucson,Hyundai Tucson,Hyundai Tucson 1.6 CRDi Elite,2021,65000,2090000,5
hyundai-tucson,Hyundai Tucson,Hyundai Tucson 1.6 CRDi Elite,2021,55000,2120000,5
hyundai-tucson,Hyundai Tucson,Hyundai Tucson 1.6 T-GDi Comfort,2021,36000,1900000,5
hyundai-tucson,Hyundai Tucson,Hyundai Tucson 1.6 CRDi Elite,2021,80000,2000000,5
hyundai-tucson,Hyundai Tucson,Hyundai Tucson 1.6 CRDi Elite,2021,67000,2060000,5
hyundai-tucson,Hyundai Tucson,Hyundai Tucson 1.6 CRDi Elite,2021,99000,2075000,5
hyundai-tucson,Hyundai Tucson,Hyundai Tucson 1.6 CRDi Elite,2021,71500,2180000,5
hyundai-tucson,Hyundai Tucson,Hyundai Tucson 1.6 CRDi Prime,2021,94000,1895000,5
hyundai-tucson,Hyundai Tucson,Hyundai Tucson 1.6 CRDi Elite,2021,80000,2149000,5
hyundai-tucson,Hyundai Tucson,Hyundai Tucson 1.6 CRDi Prime,2021,73000,1950000,5
hyundai-tucson,Hyundai Tucson,Hyundai Tucson 1.6 CRDi Elite,2021,41956,2285000,5
hyundai-tucson,Hyundai Tucson,Hyundai Tucson 1.6 CRDi Prime,2021,61000,2100000,5
hyundai-tucson,Hyundai Tucson,Hyundai Tucson 1.6 CRDi Prime,2021,95000,1850000,5
hyundai-tucson,Hyundai Tucson,Hyundai Tucson 1.6 CRDi Elite,2021,80000,2110000,5
hyundai-tucson,Hyundai Tucson,Hyundai Tucson 1.6 CRDi Elite,2021,112000,2050000,5
hyundai-tucson,Hyundai Tucson,Hyundai Tucson 1.6 CRDi Elite,2021,57320,2235000,5
hyundai-tucson,Hyundai Tucson,Hyundai Tucson 1.6 CRDi Elite,2021,82500,2125000,5
hyundai-tucson,Hyundai Tucson,Hyundai Tucson 1.6 CRDi Elite,2021,74000,2070000,5
hyundai-tucson,Hyundai Tucson,Hyundai Tucson 1.6 CRDi Elite,2021,100000,2050000,5
hyundai-tucson,Hyundai Tucson,Hyundai Tucson 1.6 CRDi Elite,2021,86000,2040000,5
hyundai-tucson,Hyundai Tucson,Hyundai Tucson 1.6 CRDi Elite Plus,2021,160000,1849000,5
hyundai-tucson,Hyundai Tucson,Hyundai Tucson 1.6 CRDi Elite,2021,87000,2120000,5
hyundai-tucson,Hyundai Tucson,Hyundai Tucson 1.6 CRDi Elite Plus,2021,154000,2019000,5
hyundai-tucson,Hyundai Tucson,Hyundai Tucson 1.6 CRDi Prime,2021,35000,2100000,5
hyundai-tucson,Hyundai Tucson,Hyundai Tucson 1.6 CRDi Elite Plus,2021,214000,1850000,5
hyundai-tucson,Hyundai Tucson,Hyundai Tucson 1.6 CRDi Elite,2021,88265,2150000,5
hyundai-tucson,Hyundai Tucson,Hyundai Tucson 1.6 CRDi Prime,2021,51500,2110000,5
hyundai-tucson,Hyundai Tucson,Hyundai Tucson 1.6 T-GDi Comfort,2021,112000,1700000,5
hyundai-tucson,Hyundai Tucson,Hyundai Tucson 1.6 CRDi Prime,2021,79000,1850000,5
hyundai-tucson,Hyundai Tucson,Hyundai Tucson 1.6 CRDi Elite,2021,132500,1950000,5
hyundai-tucson,Hyundai Tucson,Hyundai Tucson 1.6 CRDi Prime,2021,74000,1930000,5
hyundai-tucson,Hyundai Tucson,Hyundai Tucson 1.6 CRDi Elite,2021,73000,2110000,5
hyundai-tucson,Hyundai Tucson,Hyundai Tucson 1.6 CRDi Elite,2021,198000,1915000,5
hyundai-tucson,Hyundai Tucson,Hyundai Tucson 1.6 CRDi Elite,2021,120000,2100000,5
hyundai-tucson,Hyundai Tucson,Hyundai Tucson 1.6 CRDi Elite Plus,2021,162000,1895000,5
hyundai-tucson,Hyundai Tucson,Hyundai Tucson 1.6 CRDi Elite,2021,89000,2190000,5
hyundai-tucson,Hyundai Tucson,Hyundai Tucson 1.6 CRDi Prime,2021,71000,1900000,5
hyundai-tucson,Hyundai Tucson,Hyundai Tucson 1.6 CRDi Elite,2021,65000,2200000,5
hyundai-tucson,Hyundai Tucson,Hyundai Tucson 1.6 CRDi Prime,2021,89000,1890000,5
hyundai-tucson,Hyundai Tucson,Hyundai Tucson 1.6 CRDi Prime,2021,85000,2100000,5
hyundai-tucson,Hyundai Tucson,Hyundai Tucson 1.6 CRDi Elite,2021,41500,2325000,5
hyundai-tucson,Hyundai Tucson,Hyundai Tucson 1.6 T-GDi Comfort,2021,77000,1834000,5
hyundai-tucson,Hyundai Tucson,Hyundai Tucson 1.6 CRDi Elite,2021,61000,2200000,5
hyundai-tucson,Hyundai Tucson,Hyundai Tucson 1.6 CRDi Elite,2021,117000,1710000,5
hyundai-tucson,Hyundai Tucson,Hyundai Tucson 1.6 CRDi Elite,2021,87000,1800000,5
hyundai-tucson,Hyundai Tucson,Hyundai Tucson 1.6 CRDi Elite,2021,75500,2090000,5
hyundai-tucson,Hyundai Tucson,Hyundai Tucson 1.6 CRDi Prime,2021,90000,2050000,5
hyundai-tucson,Hyundai Tucson,Hyundai Tucson 1.6 CRDi Elite,2021,93500,2200000,5
hyundai-tucson,Hyundai Tucson,Hyundai Tucson 1.6 CRDi Prime,2021,107000,1850000,5
hyundai-tucson,Hyundai Tucson,Hyundai Tucson 1.6 CRDi Prime,2021,79890,1895000,5
hyundai-tucson,Hyundai Tucson,Hyundai Tucson 1.6 CRDi Elite,2021,75900,2180000,5
hyundai-tucson,Hyundai Tucson,Hyundai Tucson 1.6 CRDi Elite,2021,46000,2220000,5
hyundai-tucson,Hyundai Tucson,Hyundai Tucson 1.6 T-GDi Comfort,2021,6001,1980000,5
hyundai-tucson,Hyundai Tucson,Hyundai Tucson 1.6 CRDi Elite Plus,2021,157000,2080000,5
hyundai-tucson,Hyundai Tucson,Hyundai Tucson 1.6 CRDi Elite,2021,56000,2165000,5
hyundai-tucson,Hyundai Tucson,Hyundai Tucson 1.6 CRDi Prime,2021,81000,1919963,5
hyundai-tucson,Hyundai Tucson,Hyundai Tucson 1.6 CRDi Prime,2021,108000,1820000,5
hyundai-tucson,Hyundai Tucson,Hyundai Tucson 1.6 CRDi Elite,2021,88500,2125000,5
hyundai-tucson,Hyundai Tucson,Hyundai Tucson 1.6 CRDi Elite,2021,45000,2250000,5
hyundai-tucson,Hyundai Tucson,Hyundai Tucson 1.6 T-GDi Prime Plus,2022,149000,1978000,4
hyundai-tucson,Hyundai Tucson,Hyundai Tucson 1.6 T-GDi Prime Plus,2022,46000,2078000,4
hyundai-tucson,Hyundai Tucson,Hyundai Tucson 1.6 CRDi Elite Plus,2022,89000,2250000,4
hyundai-tucson,Hyundai Tucson,Hyundai Tucson 1.6 T-GDi Prime Plus,2022,29850,2285000,4
hyundai-tucson,Hyundai Tucson,Hyundai Tucson 1.6 T-GDi N-Line,2022,52500,2375000,4
hyundai-tucson,Hyundai Tucson,Hyundai Tucson 1.6 T-GDi N-Line,2022,47000,2500000,4
hyundai-tucson,Hyundai Tucson,Hyundai Tucson 1.6 T-GDi Prime Plus,2022,60315,2159000,4
hyundai-tucson,Hyundai Tucson,Hyundai Tucson 1.6 T-GDi Prime Plus,2022,105700,1990000,4
hyundai-tucson,Hyundai Tucson,Hyundai Tucson 1.6 CRDi Elite Plus,2022,35500,2375000,4
hyundai-tucson,Hyundai Tucson,Hyundai Tucson 1.6 T-GDi N-Line,2022,36000,2500000,4
hyundai-tucson,Hyundai Tucson,Hyundai Tucson 1.6 CRDi Elite,2022,60000,2280000,4
hyundai-tucson,Hyundai Tucson,Hyundai Tucson 1.6 T-GDi Prime Plus,2022,105000,1990000,4
hyundai-tucson,Hyundai Tucson,Hyundai Tucson 1.6 CRDi Elite,2022,98700,1925000,4
hyundai-tucson,Hyundai Tucson,Hyundai Tucson 1.6 CRDi Elite,2022,86000,2125000,4
hyundai-tucson,Hyundai Tucson,Hyundai Tucson 1.6 CRDi Elite,2022,38200,2235000,4
hyundai-tucson,Hyundai Tucson,Hyundai Tucson 1.6 CRDi Elite Plus,2022,91303,2199500,4
hyundai-tucson,Hyundai Tucson,Hyundai Tucson 1.6 CRDi Elite Plus,2022,152000,2275000,4
hyundai-tucson,Hyundai Tucson,Hyundai Tucson 1.6 CRDi Elite Plus,2022,77000,2375000,4
hyundai-tucson,Hyundai Tucson,Hyundai Tucson 1.6 CRDi Elite Plus,2022,96000,2250000,4
hyundai-tucson,Hyundai Tucson,Hyundai Tucson 1.6 CRDi Elite,2022,98000,1998000,4
hyundai-tucson,Hyundai Tucson,Hyundai Tucson 1.6 CRDi Elite,2022,35703,2340000,4
hyundai-tucson,Hyundai Tucson,Hyundai Tucson 1.6 CRDi Elite,2022,49000,2370000,4
hyundai-tucson,Hyundai Tucson,Hyundai Tucson 1.6 CRDi Prime,2022,148000,1799000,4
hyundai-tucson,Hyundai Tucson,Hyundai Tucson 1.6 T-GDi Prime Plus,2022,147000,1890000,4
hyundai-tucson,Hyundai Tucson,Hyundai Tucson 1.6 T-GDi Comfort,2022,41500,1875000,4
hyundai-tucson,Hyundai Tucson,Hyundai Tucson 1.6 CRDi Prime,2022,86000,2000000,4
hyundai-tucson,Hyundai Tucson,Hyundai Tucson 1.6 CRDi Prime,2022,85000,2190000,4
hyundai-tucson,Hyundai Tucson,Hyundai Tucson 1.6 T-GDi Comfort,2022,33000,1865000,4
hyundai-tucson,Hyundai Tucson,Hyundai Tucson 1.6 CRDi Prime,2022,105000,1995000,4
hyundai-tucson,Hyundai Tucson,Hyundai Tucson 1.6 CRDi Elite Plus,2022,96000,2200000,4
hyundai-tucson,Hyundai Tucson,Hyundai Tucson 1.6 T-GDi N-Line,2022,39000,2390000,4
hyundai-tucson,Hyundai Tucson,Hyundai Tucson 1.6 T-GDi Prime Plus,2022,110000,1929000,4
hyundai-tucson,Hyundai Tucson,Hyundai Tucson 1.6 T-GDi Comfort,2022,80000,1759750,4
hyundai-tucson,Hyundai Tucson,Hyundai Tucson 1.6 T-GDi Prime Plus,2022,69000,1999000,4
hyundai-tucson,Hyundai Tucson,Hyundai Tucson 1.6 T-GDi Prime Plus,2022,132000,1875000,4
hyundai-tucson,Hyundai Tucson,Hyundai Tucson 1.6 CRDi Prime,2022,84000,1890000,4
hyundai-tucson,Hyundai Tucson,Hyundai Tucson 1.6 CRDi Elite Plus,2022,54000,2369000,4
hyundai-tucson,Hyundai Tucson,Hyundai Tucson 1.6 T-GDi Comfort,2022,69000,1920000,4
hyundai-tucson,Hyundai Tucson,Hyundai Tucson 1.6 CRDi Elite Plus,2022,123451,2039000,4
hyundai-tucson,Hyundai Tucson,Hyundai Tucson 1.6 CRDi Prime,2022,85000,1920000,4
hyundai-tucson,Hyundai Tucson,Hyundai Tucson 1.6 CRDi Prime,2022,90000,1660000,4
hyundai-tucson,Hyundai Tucson,Hyundai Tucson 1.6 CRDi Prime,2022,87000,2050000,4
hyundai-tucson,Hyundai Tucson,Hyundai Tucson 1.6 CRDi Prime,2022,46500,2150000,4
hyundai-tucson,Hyundai Tucson,Hyundai Tucson 1.6 T-GDi Comfort,2022,91000,1799000,4
hyundai-tucson,Hyundai Tucson,Hyundai Tucson 1.6 CRDi Prime,2022,62000,1980000,4
hyundai-tucson,Hyundai Tucson,Hyundai Tucson 1.6 CRDi Prime,2022,45000,1995000,4
hyundai-tucson,Hyundai Tucson,Hyundai Tucson 1.6 CRDi Prime,2022,92000,1979000,4
hyundai-tucson,Hyundai Tucson,Hyundai Tucson 1.6 CRDi Elite Plus,2022,117000,2245000,4
hyundai-tucson,Hyundai Tucson,Hyundai Tucson 1.6 CRDi Elite,2022,60000,2228000,4
hyundai-tucson,Hyundai Tucson,Hyundai Tucson 1.6 CRDi Prime,2022,36000,2070000,4
hyundai-tucson,Hyundai Tucson,Hyundai Tucson 1.6 CRDi Elite Plus,2022,34000,2485000,4
hyundai-tucson,Hyundai Tucson,Hyundai Tucson 1.6 T-GDi Prime Plus,2022,35000,2130000,4
hyundai-tucson,Hyundai Tucson,Hyundai Tucson 1.6 T-GDi Prime Plus,2022,70000,2180000,4
hyundai-tucson,Hyundai Tucson,Hyundai Tucson 1.6 T-GDi N-Line,2022,50000,2335000,4
hyundai-tucson,Hyundai Tucson,Hyundai Tucson 1.6 T-GDi N-Line,2022,51000,2340000,4
hyundai-tucson,Hyundai Tucson,Hyundai Tucson 1.6 CRDi Prime,2022,82000,1899000,4
hyundai-tucson,Hyundai Tucson,Hyundai Tucson 1.6 CRDi Elite Plus,2022,99900,2160000,4
hyundai-tucson,Hyundai Tucson,Hyundai Tucson 1.6 CRDi Elite Plus,2022,38000,2370000,4
hyundai-tucson,Hyundai Tucson,Hyundai Tucson 1.6 CRDi Elite Plus,2022,109000,2190000,4
hyundai-tucson,Hyundai Tucson,Hyundai Tucson 1.6 T-GDi N-Line,2022,62000,2329000,4
hyundai-tucson,Hyundai Tucson,Hyundai Tucson 1.6 T-GDi Prime Plus,2022,72000,2090000,4
hyundai-tucson,Hyundai Tucson,Hyundai Tucson 1.6 CRDi Prime,2022,59000,2050000,4
hyundai-tucson,Hyundai Tucson,Hyundai Tucson 1.6 CRDi Elite Plus,2022,100000,2415000,4
hyundai-tucson,Hyundai Tucson,Hyundai Tucson 1.6 T-GDi Prime Plus,2022,91000,2050000,4
hyundai-tucson,Hyundai Tucson,Hyundai Tucson 1.6 CRDi Elite,2022,53900,2220000,4
hyundai-tucson,Hyundai Tucson,Hyundai Tucson 1.6 CRDi Elite Plus,2022,104000,2155000,4
hyundai-tucson,Hyundai Tucson,Hyundai Tucson 1.6 CRDi Elite,2022,60000,2275000,4
hyundai-tucson,Hyundai Tucson,Hyundai Tucson 1.6 T-GDi Comfort,2022,83000,1749000,4
hyundai-tucson,Hyundai Tucson,Hyundai Tucson 1.6 CRDi Prime,2022,78500,2085000,4
hyundai-tucson,Hyundai Tucson,Hyundai Tucson 1.6 CRDi Prime,2022,58000,2045000,4
hyundai-tucson,Hyundai Tucson,Hyundai Tucson 1.6 CRDi Elite Plus,2022,94400,2250000,4
hyundai-tucson,Hyundai Tucson,Hyundai Tucson 1.6 CRDi Elite,2022,61000,2195000,4
hyundai-tucson,Hyundai Tucson,Hyundai Tucson 1.6 CRDi Prime,2022,74500,2039000,4
hyundai-tucson,Hyundai Tucson,Hyundai Tucson 1.6 T-GDi N-Line,2022,63000,2527900,4
hyundai-tucson,Hyundai Tucson,Hyundai Tucson 1.6 CRDi Elite,2022,41000,2270000,4
hyundai-tucson,Hyundai Tucson,Hyundai Tucson 1.6 T-GDi Prime Plus,2022,93000,1920000,4
hyundai-tucson,Hyundai Tucson,Hyundai Tucson 1.6 CRDi Elite,2022,82800,2195000,4
hyundai-tucson,Hyundai Tucson,Hyundai Tucson 1.6 CRDi Elite Plus,2022,49000,2289999,4
hyundai-tucson,Hyundai Tucson,Hyundai Tucson 1.6 CRDi Elite,2022,91500,2060000,4
hyundai-tucson,Hyundai Tucson,Hyundai Tucson 1.6 CRDi Prime,2022,55000,2057500,4
hyundai-tucson,Hyundai Tucson,Hyundai Tucson 1.6 CRDi Elite Plus,2022,51700,2040000,4
hyundai-tucson,Hyundai Tucson,Hyundai Tucson 1.6 T-GDi Comfort,2022,48000,1870000,4
hyundai-tucson,Hyundai Tucson,Hyundai Tucson 1.6 CRDi Elite Plus,2022,129000,1965000,4
hyundai-tucson,Hyundai Tucson,Hyundai Tucson 1.6 CRDi Elite,2022,45000,2260000,4
hyundai-tucson,Hyundai Tucson,Hyundai Tucson 1.6 CRDi Prime,2022,129900,1895000,4
hyundai-tucson,Hyundai Tucson,Hyundai Tucson 1.6 CRDi Prime,2022,71000,2065000,4
hyundai-tucson,Hyundai Tucson,Hyundai Tucson 1.6 T-GDi Prime Plus,2022,35000,2275000,4
hyundai-tucson,Hyundai Tucson,Hyundai Tucson 1.6 CRDi Elite,2022,87000,2050000,4
hyundai-tucson,Hyundai Tucson,Hyundai Tucson 1.6 CRDi Prime,2022,106000,1930000,4
hyundai-tucson,Hyundai Tucson,Hyundai Tucson 1.6 CRDi Elite Plus,2022,150000,1900000,4
hyundai-tucson,Hyundai Tucson,Hyundai Tucson 1.6 CRDi Elite Plus,2022,112000,2149000,4
hyundai-tucson,Hyundai Tucson,Hyundai Tucson 1.6 CRDi Prime,2022,130000,1920000,4
hyundai-tucson,Hyundai Tucson,Hyundai Tucson 1.6 T-GDi Prime Plus,2022,64000,2150000,4
hyundai-tucson,Hyundai Tucson,Hyundai Tucson 1.6 CRDi Elite,2022,43000,2150000,4
hyundai-tucson,Hyundai Tucson,Hyundai Tucson 1.6 CRDi Elite,2022,198000,1925000,4
hyundai-tucson,Hyundai Tucson,Hyundai Tucson 1.6 CRDi Elite,2022,33000,2330000,4
hyundai-tucson,Hyundai Tucson,Hyundai Tucson 1.6 CRDi Elite Plus,2022,53400,2335000,4
hyundai-tucson,Hyundai Tucson,Hyundai Tucson 1.6 CRDi Prime,2022,98000,1960000,4
hyundai-tucson,Hyundai Tucson,Hyundai Tucson 1.6 CRDi Prime,2022,48000,2475000,4
hyundai-tucson,Hyundai Tucson,Hyundai Tucson 1.6 CRDi Prime,2022,127700,1925000,4
hyundai-tucson,Hyundai Tucson,Hyundai Tucson 1.6 CRDi Prime,2022,96000,1960000,4
hyundai-tucson,Hyundai Tucson,Hyundai Tucson 1.6 CRDi Elite,2022,98000,2050000,4
hyundai-tucson,Hyundai Tucson,Hyundai Tucson 1.6 CRDi Elite Plus,2022,59000,2355000,4
hyundai-tucson,Hyundai Tucson,Hyundai Tucson 1.6 CRDi Elite,2022,65500,2149000,4
hyundai-tucson,Hyundai Tucson,Hyundai Tucson 1.6 T-GDi Prime Plus,2022,82500,2100000,4
hyundai-tucson,Hyundai Tucson,Hyundai Tucson 1.6 CRDi Elite Plus,2022,58000,2290000,4
hyundai-tucson,Hyundai Tucson,Hyundai Tucson 1.6 T-GDi N-Line,2022,60500,2350000,4
hyundai-tucson,Hyundai Tucson,Hyundai Tucson 1.6 CRDi Prime,2022,91560,1842000,4
hyundai-tucson,Hyundai Tucson,Hyundai Tucson 1.6 CRDi Elite,2022,50000,2270000,4
hyundai-tucson,Hyundai Tucson,Hyundai Tucson 1.6 T-GDi Comfort,2022,59900,1845000,4
hyundai-tucson,Hyundai Tucson,Hyundai Tucson 1.6 CRDi Elite Plus,2022,49000,2445000,4
hyundai-tucson,Hyundai Tucson,Hyundai Tucson 1.6 CRDi Elite,2022,70000,2220000,4
hyundai-tucson,Hyundai Tucson,Hyundai Tucson 1.6 CRDi Elite Plus,2022,38000,2355000,4
hyundai-tucson,Hyundai Tucson,Hyundai Tucson 1.6 T-GDi Prime Plus,2022,87000,2080000,4
hyundai-tucson,Hyundai Tucson,Hyundai Tucson 1.6 CRDi Elite Plus,2022,66000,2345000,4
hyundai-tucson,Hyundai Tucson,Hyundai Tucson 1.6 CRDi Elite,2022,59000,2154000,4
hyundai-tucson,Hyundai Tucson,Hyundai Tucson 1.6 CRDi Elite Plus,2022,110000,2100000,4
hyundai-tucson,Hyundai Tucson,Hyundai Tucson 1.6 CRDi Elite,2022,74000,1855000,4
hyundai-tucson,Hyundai Tucson,Hyundai Tucson 1.6 T-GDi Comfort,2022,81000,1675000,4
hyundai-tucson,Hyundai Tucson,Hyundai Tucson 1.6 CRDi Prime,2022,99100,1910000,4
hyundai-tucson,Hyundai Tucson,Hyundai Tucson 1.6 CRDi Elite,2022,62000,2240000,4
hyundai-tucson,Hyundai Tucson,Hyundai Tucson 1.6 CRDi Elite Plus,2022,40000,2430000,4
hyundai-tucson,Hyundai Tucson,Hyundai Tucson 1.6 T-GDi Prime Plus,2022,109000,1850000,4
hyundai-tucson,Hyundai Tucson,Hyundai Tucson 1.6 CRDi Elite Plus,2022,109000,2150000,4
hyundai-tucson,Hyundai Tucson,Hyundai Tucson 1.6 T-GDi Comfort,2022,55000,1850000,4
hyundai-tucson,Hyundai Tucson,Hyundai Tucson 1.6 CRDi Elite Plus,2022,95000,1999999,4
hyundai-tucson,Hyundai Tucson,Hyundai Tucson 1.6 T-GDi N-Line,2022,140000,2300000,4
hyundai-tucson,Hyundai Tucson,Hyundai Tucson 1.6 CRDi Elite,2022,136000,2019500,4
hyundai-tucson,Hyundai Tucson,Hyundai Tucson 1.6 CRDi Elite,2022,47000,2120000,4
hyundai-tucson,Hyundai Tucson,Hyundai Tucson 1.6 CRDi Elite Plus,2022,64000,2470000,4
hyundai-tucson,Hyundai Tucson,Hyundai Tucson 1.6 T-GDi Prime Plus,2022,71000,2050000,4
hyundai-tucson,Hyundai Tucson,Hyundai Tucson 1.6 T-GDi Prime Plus,2022,44500,2300000,4
hyundai-tucson,Hyundai Tucson,Hyundai Tucson 1.6 T-GDi N-Line,2022,42000,2480000,4
hyundai-tucson,Hyundai Tucson,Hyundai Tucson 1.6 T-GDi Prime Plus,2022,45000,2450000,4
hyundai-tucson,Hyundai Tucson,Hyundai Tucson 1.6 T-GDi Prime Plus,2022,43000,2100000,4
hyundai-tucson,Hyundai Tucson,Hyundai Tucson 1.6 T-GDi Prime Plus,2022,110000,2085000,4
hyundai-tucson,Hyundai Tucson,Hyundai Tucson 1.6 CRDi Elite,2022,99000,2200000,4
hyundai-tucson,Hyundai Tucson,Hyundai Tucson 1.6 CRDi Elite Plus,2022,101000,1850000,4
hyundai-tucson,Hyundai Tucson,Hyundai Tucson 1.6 T-GDi Prime Plus,2022,68000,2150000,4
hyundai-tucson,Hyundai Tucson,Hyundai Tucson 1.6 CRDi Elite Plus,2022,117000,2279500,4
hyundai-tucson,Hyundai Tucson,Hyundai Tucson 1.6 CRDi Prime,2022,15500,2250000,4
hyundai-tucson,Hyundai Tucson,Hyundai Tucson 1.6 T-GDi Prime Plus,2022,59850,1920000,4
hyundai-tucson,Hyundai Tucson,Hyundai Tucson 1.6 CRDi Elite Plus,2022,70000,2425000,4
hyundai-tucson,Hyundai Tucson,Hyundai Tucson 1.6 T-GDi Comfort,2022,69500,1635000,4
hyundai-tucson,Hyundai Tucson,Hyundai Tucson 1.6 CRDi Elite Plus,2022,89300,2350000,4
hyundai-tucson,Hyundai Tucson,Hyundai Tucson 1.6 CRDi Elite Plus,2022,80000,2325000,4
hyundai-tucson,Hyundai Tucson,Hyundai Tucson 1.6 CRDi Elite Plus,2022,50000,2200000,4
hyundai-tucson,Hyundai Tucson,Hyundai Tucson 1.6 CRDi Elite Plus,2022,93000,2260000,4
hyundai-tucson,Hyundai Tucson,Hyundai Tucson 1.6 CRDi Elite Plus,2022,52000,2650000,4
hyundai-tucson,Hyundai Tucson,Hyundai Tucson 1.6 T-GDi Prime Plus,2023,47000,1960000,3
hyundai-tucson,Hyundai Tucson,Hyundai Tucson 1.6 CRDi Elite Plus,2023,38000,2495000,3
hyundai-tucson,Hyundai Tucson,Hyundai Tucson 1.6 T-GDi Prime Plus,2023,25000,2099000,3
hyundai-tucson,Hyundai Tucson,Hyundai Tucson 1.6 T-GDi Prime Plus,2023,37000,2285000,3
hyundai-tucson,Hyundai Tucson,Hyundai Tucson 1.6 T-GDi Prime Plus,2023,70000,2205000,3
hyundai-tucson,Hyundai Tucson,Hyundai Tucson 1.6 T-GDi N-Line,2023,21000,2429000,3
hyundai-tucson,Hyundai Tucson,Hyundai Tucson 1.6 CRDi Elite Plus,2023,80250,2329000,3
hyundai-tucson,Hyundai Tucson,Hyundai Tucson 1.6 CRDi Prime,2023,61000,2025000,3
hyundai-tucson,Hyundai Tucson,Hyundai Tucson 1.6 T-GDi N-Line,2023,82817,2349000,3
hyundai-tucson,Hyundai Tucson,Hyundai Tucson 1.6 CRDi Elite Plus,2023,96000,2214999,3
hyundai-tucson,Hyundai Tucson,Hyundai Tucson 1.6 CRDi Prime,2023,68500,2020000,3
hyundai-tucson,Hyundai Tucson,Hyundai Tucson 1.6 CRDi Elite Plus,2023,97200,2265000,3
hyundai-tucson,Hyundai Tucson,Hyundai Tucson 1.6 CRDi Elite Plus,2023,63000,2150000,3
hyundai-tucson,Hyundai Tucson,Hyundai Tucson 1.6 T-GDi Prime Plus,2023,38161,2040000,3
hyundai-tucson,Hyundai Tucson,Hyundai Tucson 1.6 T-GDi Prime Plus,2023,39970,1990000,3
hyundai-tucson,Hyundai Tucson,Hyundai Tucson 1.6 T-GDi Comfort,2023,85000,1875000,3
hyundai-tucson,Hyundai Tucson,Hyundai Tucson 1.6 CRDi Elite,2023,52000,2269000,3
hyundai-tucson,Hyundai Tucson,Hyundai Tucson 1.6 T-GDi Prime Plus,2023,17200,2250000,3
hyundai-tucson,Hyundai Tucson,Hyundai Tucson 1.6 T-GDi N-Line,2023,24000,2389000,3
hyundai-tucson,Hyundai Tucson,Hyundai Tucson 1.6 T-GDi Comfort,2023,25000,1959000,3
hyundai-tucson,Hyundai Tucson,Hyundai Tucson 1.6 CRDi Prime,2023,40000,2065000,3
hyundai-tucson,Hyundai Tucson,Hyundai Tucson 1.6 CRDi Prime,2023,26769,2060000,3
hyundai-tucson,Hyundai Tucson,Hyundai Tucson 1.6 T-GDi Prime Plus,2023,40750,1999000,3
hyundai-tucson,Hyundai Tucson,Hyundai Tucson 1.6 T-GDi Prime Plus,2023,44000,2245000,3
hyundai-tucson,Hyundai Tucson,Hyundai Tucson 1.6 T-GDi Prime Plus,2023,34000,2170000,3
hyundai-tucson,Hyundai Tucson,Hyundai Tucson 1.6 CRDi Elite Plus,2023,101125,2295000,3
hyundai-tucson,Hyundai Tucson,Hyundai Tucson 1.6 CRDi Elite Plus,2023,47000,2239000,3
hyundai-tucson,Hyundai Tucson,Hyundai Tucson 1.6 T-GDi Prime Plus,2023,21000,2010000,3
hyundai-tucson,Hyundai Tucson,Hyundai Tucson 1.6 T-GDi Prime Plus,2023,59000,2165000,3
hyundai-tucson,Hyundai Tucson,Hyundai Tucson 1.6 CRDi Prime,2023,54000,2100000,3
hyundai-tucson,Hyundai Tucson,Hyundai Tucson 1.6 T-GDi N-Line,2023,53000,2259000,3
hyundai-tucson,Hyundai Tucson,Hyundai Tucson 1.6 CRDi Prime,2023,78350,2044500,3
hyundai-tucson,Hyundai Tucson,Hyundai Tucson 1.6 CRDi Elite Plus,2023,34000,2450000,3
hyundai-tucson,Hyundai Tucson,Hyundai Tucson 1.6 CRDi Elite Plus,2023,37000,2470000,3
hyundai-tucson,Hyundai Tucson,Hyundai Tucson 1.6 T-GDi N-Line,2023,53000,2249000,3
hyundai-tucson,Hyundai Tucson,Hyundai Tucson 1.6 T-GDi Prime Plus,2023,47000,1965000,3
hyundai-tucson,Hyundai Tucson,Hyundai Tucson 1.6 T-GDi Prime Plus,2023,42200,2070000,3
hyundai-tucson,Hyundai Tucson,Hyundai Tucson 1.6 T-GDi Prime Plus,2023,57500,2125000,3
hyundai-tucson,Hyundai Tucson,Hyundai Tucson 1.6 T-GDi Prime Plus,2023,37700,2019000,3
hyundai-tucson,Hyundai Tucson,Hyundai Tucson 1.6 CRDi Prime,2023,56500,1995000,3
hyundai-tucson,Hyundai Tucson,Hyundai Tucson 1.6 CRDi Prime,2023,70000,1985000,3
hyundai-tucson,Hyundai Tucson,Hyundai Tucson 1.6 T-GDi Prime Plus,2023,79893,2099000,3
hyundai-tucson,Hyundai Tucson,Hyundai Tucson 1.6 CRDi Elite Plus,2023,54000,2380000,3
hyundai-tucson,Hyundai Tucson,Hyundai Tucson 1.6 T-GDi Prime Plus,2023,48000,1899750,3
hyundai-tucson,Hyundai Tucson,Hyundai Tucson 1.6 CRDi Prime,2023,32000,2085000,3
hyundai-tucson,Hyundai Tucson,Hyundai Tucson 1.6 CRDi Elite Plus,2023,22263,2700000,3
hyundai-tucson,Hyundai Tucson,Hyundai Tucson 1.6 T-GDi Prime Plus,2023,31000,2035000,3
hyundai-tucson,Hyundai Tucson,Hyundai Tucson 1.6 T-GDi N-Line,2023,38000,2520000,3
hyundai-tucson,Hyundai Tucson,Hyundai Tucson 1.6 CRDi Elite Plus,2023,45000,2470000,3
hyundai-tucson,Hyundai Tucson,Hyundai Tucson 1.6 CRDi Prime,2023,132000,1895000,3
hyundai-tucson,Hyundai Tucson,Hyundai Tucson 1.6 CRDi Elite Plus,2023,34113,2525000,3
hyundai-tucson,Hyundai Tucson,Hyundai Tucson 1.6 CRDi Elite Plus,2023,74000,2385000,3
hyundai-tucson,Hyundai Tucson,Hyundai Tucson 1.6 CRDi Prime,2023,10418,2125000,3
hyundai-tucson,Hyundai Tucson,Hyundai Tucson 1.6 T-GDi Prime Plus,2023,78000,2010000,3
hyundai-tucson,Hyundai Tucson,Hyundai Tucson 1.6 CRDi Prime,2023,52000,1745000,3
hyundai-tucson,Hyundai Tucson,Hyundai Tucson 1.6 CRDi Elite Plus,2023,75000,2350000,3
hyundai-tucson,Hyundai Tucson,Hyundai Tucson 1.6 CRDi Elite Plus,2023,38000,2550000,3
hyundai-tucson,Hyundai Tucson,Hyundai Tucson 1.6 CRDi Prime,2023,35635,2150000,3
hyundai-tucson,Hyundai Tucson,Hyundai Tucson 1.6 CRDi Elite Plus,2023,47500,2420000,3
hyundai-tucson,Hyundai Tucson,Hyundai Tucson 1.6 T-GDi Prime Plus,2023,27000,2395000,3
hyundai-tucson,Hyundai Tucson,Hyundai Tucson 1.6 CRDi Prime,2023,21544,2350000,3
hyundai-tucson,Hyundai Tucson,Hyundai Tucson 1.6 CRDi Prime,2023,29000,2150000,3
hyundai-tucson,Hyundai Tucson,Hyundai Tucson 1.6 CRDi Elite Plus,2023,52000,2480000,3
hyundai-tucson,Hyundai Tucson,Hyundai Tucson 1.6 T-GDi Prime Plus,2023,57000,2150000,3
hyundai-tucson,Hyundai Tucson,Hyundai Tucson 1.6 CRDi Prime,2023,58000,2125000,3
hyundai-tucson,Hyundai Tucson,Hyundai Tucson 1.6 T-GDi Comfort,2023,28600,1900000,3
hyundai-tucson,Hyundai Tucson,Hyundai Tucson 1.6 CRDi Elite,2023,23000,2570000,3
hyundai-tucson,Hyundai Tucson,Hyundai Tucson 1.6 CRDi Elite Plus,2023,41000,2450000,3
hyundai-tucson,Hyundai Tucson,Hyundai Tucson 1.6 CRDi Prime,2023,42400,2150000,3
hyundai-tucson,Hyundai Tucson,Hyundai Tucson 1.6 CRDi Elite Plus,2023,35000,2419000,3
hyundai-tucson,Hyundai Tucson,Hyundai Tucson 1.6 CRDi Elite Plus,2023,27500,2550000,3
hyundai-tucson,Hyundai Tucson,Hyundai Tucson 1.6 CRDi Elite Plus,2023,31200,2535000,3
hyundai-tucson,Hyundai Tucson,Hyundai Tucson 1.6 CRDi Elite Plus,2023,37000,2460000,3
hyundai-tucson,Hyundai Tucson,Hyundai Tucson 1.6 CRDi Elite Plus,2023,39000,2490000,3
hyundai-tucson,Hyundai Tucson,Hyundai Tucson 1.6 CRDi Prime,2023,43000,2250000,3
hyundai-tucson,Hyundai Tucson,Hyundai Tucson 1.6 CRDi Elite Plus,2023,23500,2590000,3
hyundai-tucson,Hyundai Tucson,Hyundai Tucson 1.6 CRDi Prime,2023,46000,2000000,3
hyundai-tucson,Hyundai Tucson,Hyundai Tucson 1.6 CRDi Prime,2023,46000,2107000,3
hyundai-tucson,Hyundai Tucson,Hyundai Tucson 1.6 T-GDi Prime Plus,2023,34800,2290000,3
hyundai-tucson,Hyundai Tucson,Hyundai Tucson 1.6 CRDi Prime,2023,81006,2039000,3
hyundai-tucson,Hyundai Tucson,Hyundai Tucson 1.6 T-GDi N-Line,2023,85000,2365000,3
hyundai-tucson,Hyundai Tucson,Hyundai Tucson 1.6 CRDi Elite Plus,2023,29500,2535000,3
hyundai-tucson,Hyundai Tucson,Hyundai Tucson 1.6 CRDi Elite Plus,2023,74000,2375000,3
hyundai-tucson,Hyundai Tucson,Hyundai Tucson 1.6 CRDi Elite Plus,2023,59000,2350000,3
hyundai-tucson,Hyundai Tucson,Hyundai Tucson 1.6 CRDi Elite Plus,2023,37000,2550000,3
hyundai-tucson,Hyundai Tucson,Hyundai Tucson 1.6 T-GDi N-Line,2023,14000,2200000,3
hyundai-tucson,Hyundai Tucson,Hyundai Tucson 1.6 CRDi Elite Plus,2023,37500,2400000,3
hyundai-tucson,Hyundai Tucson,Hyundai Tucson 1.6 CRDi Elite Plus,2023,40000,2495000,3
hyundai-tucson,Hyundai Tucson,Hyundai Tucson 1.6 CRDi Prime,2023,78030,2029500,3
hyundai-tucson,Hyundai Tucson,Hyundai Tucson 1.6 CRDi Elite Plus,2023,38000,2590000,3
hyundai-tucson,Hyundai Tucson,Hyundai Tucson 1.6 T-GDi Prime Plus,2023,26000,2250000,3
hyundai-tucson,Hyundai Tucson,Hyundai Tucson 1.6 CRDi Elite Plus,2023,22000,2550000,3
hyundai-tucson,Hyundai Tucson,Hyundai Tucson 1.6 T-GDi Prime Plus,2023,43250,2150000,3
hyundai-tucson,Hyundai Tucson,Hyundai Tucson 1.6 CRDi Elite Plus,2023,28500,2549000,3
hyundai-tucson,Hyundai Tucson,Hyundai Tucson 1.6 CRDi Elite Plus,2023,54000,2450000,3
hyundai-tucson,Hyundai Tucson,Hyundai Tucson 1.6 CRDi Elite Plus,2023,78500,2400000,3
hyundai-tucson,Hyundai Tucson,Hyundai Tucson 1.6 T-GDi Prime Plus,2023,65000,2070000,3
hyundai-tucson,Hyundai Tucson,Hyundai Tucson 1.6 CRDi Elite Plus,2023,33000,2430000,3
hyundai-tucson,Hyundai Tucson,Hyundai Tucson 1.6 T-GDi Comfort,2023,18000,1900000,3
hyundai-tucson,Hyundai Tucson,Hyundai Tucson 1.6 CRDi Prime,2023,34500,2550000,3
hyundai-tucson,Hyundai Tucson,Hyundai Tucson 1.6 CRDi Elite Plus,2023,27200,2520000,3
hyundai-tucson,Hyundai Tucson,Hyundai Tucson 1.6 T-GDi Elite Plus,2023,60000,2850000,3
hyundai-tucson,Hyundai Tucson,Hyundai Tucson 1.6 T-GDi Prime Plus,2023,35000,2070000,3
hyundai-tucson,Hyundai Tucson,Hyundai Tucson 1.6 T-GDi N-Line,2023,38000,2450000,3
hyundai-tucson,Hyundai Tucson,Hyundai Tucson 1.6 T-GDi Elite Plus,2024,23000,2900000,2
hyundai-tucson,Hyundai Tucson,Hyundai Tucson 1.6 T-GDi Prime Plus,2024,33000,2324900,2
hyundai-tucson,Hyundai Tucson,Hyundai Tucson 1.6 CRDi Elite,2024,42500,2425000,2
hyundai-tucson,Hyundai Tucson,Hyundai Tucson 1.6 T-GDi Prime Plus,2024,13000,2390000,2
hyundai-tucson,Hyundai Tucson,Hyundai Tucson 1.6 CRDi Prime,2024,63000,2185000,2
hyundai-tucson,Hyundai Tucson,Hyundai Tucson 1.6 CRDi Prime,2024,26000,2450000,2
hyundai-tucson,Hyundai Tucson,Hyundai Tucson 1.6 T-GDi Prime Plus,2024,12000,2450000,2
hyundai-tucson,Hyundai Tucson,Hyundai Tucson 1.6 T-GDi Elite Plus,2024,51350,2925000,2
hyundai-tucson,Hyundai Tucson,Hyundai Tucson 1.6 T-GDi Elite Plus,2024,28000,2739000,2
hyundai-tucson,Hyundai Tucson,Hyundai Tucson 1.6 T-GDi Prime Plus,2024,30500,2330000,2
hyundai-tucson,Hyundai Tucson,Hyundai Tucson 1.6 T-GDi Comfort,2024,19000,2000000,2
hyundai-tucson,Hyundai Tucson,Hyundai Tucson 1.6 CRDi Prime,2024,27000,2365000,2
hyundai-tucson,Hyundai Tucson,Hyundai Tucson 1.6 CRDi Elite Plus,2024,10000,2839950,2
hyundai-tucson,Hyundai Tucson,Hyundai Tucson 1.6 CRDi Elite Plus,2024,18000,2850000,2
hyundai-tucson,Hyundai Tucson,Hyundai Tucson 1.6 CRDi Prime,2024,29000,2215000,2
hyundai-tucson,Hyundai Tucson,Hyundai Tucson 1.6 CRDi Elite Plus,2024,160000,2360000,2
hyundai-tucson,Hyundai Tucson,Hyundai Tucson 1.6 CRDi Elite Plus,2024,67000,2470000,2
hyundai-tucson,Hyundai Tucson,Hyundai Tucson 1.6 T-GDi Elite Plus,2024,11000,2875000,2
hyundai-tucson,Hyundai Tucson,Hyundai Tucson 1.6 CRDi Elite Plus,2024,42950,2564950,2
hyundai-tucson,Hyundai Tucson,Hyundai Tucson 1.6 T-GDi Prime Plus,2024,21000,2350000,2
hyundai-tucson,Hyundai Tucson,Hyundai Tucson 1.6 CRDi Prime,2024,51000,2257500,2
hyundai-tucson,Hyundai Tucson,Hyundai Tucson 1.6 CRDi Prime,2024,70001,2199000,2
hyundai-tucson,Hyundai Tucson,Hyundai Tucson 1.6 T-GDi Comfort,2024,29500,1945000,2
hyundai-tucson,Hyundai Tucson,Hyundai Tucson 1.6 T-GDi Elite Plus,2024,42000,2780000,2
hyundai-tucson,Hyundai Tucson,Hyundai Tucson 1.6 T-GDi Prime Plus,2024,21000,2465000,2
hyundai-tucson,Hyundai Tucson,Hyundai Tucson 1.6 CRDi Elite Plus,2024,30000,2650000,2
hyundai-tucson,Hyundai Tucson,Hyundai Tucson 1.6 CRDi Prime,2024,25000,2490000,2
hyundai-tucson,Hyundai Tucson,Hyundai Tucson 1.6 CRDi Prime,2024,49338,2245000,2
hyundai-tucson,Hyundai Tucson,Hyundai Tucson 1.6 CRDi Prime,2024,8500,2280000,2
hyundai-tucson,Hyundai Tucson,Hyundai Tucson 1.6 CRDi Prime,2024,58000,2169900,2
hyundai-tucson,Hyundai Tucson,Hyundai Tucson 1.6 CRDi Prime,2024,52000,2245000,2
hyundai-tucson,Hyundai Tucson,Hyundai Tucson 1.6 CRDi Prime,2024,21000,2160000,2
hyundai-tucson,Hyundai Tucson,Hyundai Tucson 1.6 CRDi Prime,2024,12000,2160000,2
hyundai-tucson,Hyundai Tucson,Hyundai Tucson 1.6 CRDi Prime,2024,43000,2075000,2
hyundai-tucson,Hyundai Tucson,Hyundai Tucson 1.6 CRDi Prime,2024,67000,2199000,2
hyundai-tucson,Hyundai Tucson,Hyundai Tucson 1.6 CRDi Prime,2024,50000,2179000,2
hyundai-tucson,Hyundai Tucson,Hyundai Tucson 1.6 T-GDi Prime Plus,2024,10000,2450000,2
hyundai-tucson,Hyundai Tucson,Hyundai Tucson 1.6 CRDi Elite,2024,19250,2650000,2
hyundai-tucson,Hyundai Tucson,Hyundai Tucson 1.6 CRDi Elite Plus,2024,22000,2775000,2
hyundai-tucson,Hyundai Tucson,Hyundai Tucson 1.6 T-GDi Prime Plus,2024,15450,2365000,2
hyundai-tucson,Hyundai Tucson,Hyundai Tucson 1.6 T-GDi Elite Plus,2024,47000,2950000,2
hyundai-tucson,Hyundai Tucson,Hyundai Tucson 1.6 CRDi Elite Plus,2024,52599,2545000,2
hyundai-tucson,Hyundai Tucson,Hyundai Tucson 1.6 CRDi Prime,2024,58000,2199000,2
hyundai-tucson,Hyundai Tucson,Hyundai Tucson 1.6 CRDi Prime,2024,23000,2365000,2
hyundai-tucson,Hyundai Tucson,Hyundai Tucson 1.6 CRDi Elite Plus,2024,6001,2990000,2
hyundai-tucson,Hyundai Tucson,Hyundai Tucson 1.6 CRDi Elite,2024,45700,2500000,2
hyundai-tucson,Hyundai Tucson,Hyundai Tucson 1.6 T-GDi Elite Plus,2024,29200,2749900,2
hyundai-tucson,Hyundai Tucson,Hyundai Tucson 1.6 T-GDi Comfort,2024,24000,1970000,2
hyundai-tucson,Hyundai Tucson,Hyundai Tucson 1.6 T-GDi Elite Plus,2024,65000,2785000,2
hyundai-tucson,Hyundai Tucson,Hyundai Tucson 1.6 T-GDi Comfort,2024,25000,2050000,2
hyundai-tucson,Hyundai Tucson,Hyundai Tucson 1.6 CRDi Elite Plus,2024,43000,2545000,2
hyundai-tucson,Hyundai Tucson,Hyundai Tucson 1.6 CRDi Elite Plus,2024,54000,2550000,2
hyundai-tucson,Hyundai Tucson,Hyundai Tucson 1.6 T-GDi Elite Plus,2024,67000,2920000,2
hyundai-tucson,Hyundai Tucson,Hyundai Tucson 1.6 CRDi Prime,2024,20050,2310000,2
hyundai-tucson,Hyundai Tucson,Hyundai Tucson 1.6 T-GDi Comfort,2024,29000,1995000,2
hyundai-tucson,Hyundai Tucson,Hyundai Tucson 1.6 T-GDi Elite Plus,2024,22000,2865000,2
hyundai-tucson,Hyundai Tucson,Hyundai Tucson 1.6 CRDi Elite,2024,22000,2680000,2
hyundai-tucson,Hyundai Tucson,Hyundai Tucson 1.6 CRDi Prime,2024,19200,2222000,2
hyundai-tucson,Hyundai Tucson,Hyundai Tucson 1.6 T-GDi Prime Plus,2024,24000,2350000,2
hyundai-tucson,Hyundai Tucson,Hyundai Tucson 1.6 T-GDi Elite Plus,2024,12000,2875000,2
hyundai-tucson,Hyundai Tucson,Hyundai Tucson 1.6 T-GDi Elite Plus,2024,31000,2800000,2
hyundai-tucson,Hyundai Tucson,Hyundai Tucson 1.6 CRDi Prime,2024,24500,2220000,2
hyundai-tucson,Hyundai Tucson,Hyundai Tucson 1.6 CRDi Elite Plus,2024,40000,2599000,2
hyundai-tucson,Hyundai Tucson,Hyundai Tucson 1.6 T-GDi Elite Plus,2024,29500,2750000,2
hyundai-tucson,Hyundai Tucson,Hyundai Tucson 1.6 CRDi Prime,2024,22000,2225000,2
hyundai-tucson,Hyundai Tucson,Hyundai Tucson 1.6 CRDi Elite,2024,57000,2395000,2
hyundai-tucson,Hyundai Tucson,Hyundai Tucson 1.6 CRDi Elite,2024,19500,2570000,2
hyundai-tucson,Hyundai Tucson,Hyundai Tucson 1.6 T-GDi Elite Plus,2024,25000,3170000,2
hyundai-tucson,Hyundai Tucson,Hyundai Tucson 1.6 CRDi Prime,2024,28000,2270000,2
hyundai-tucson,Hyundai Tucson,Hyundai Tucson 1.6 CRDi Prime,2024,6350,2325000,2
hyundai-tucson,Hyundai Tucson,Hyundai Tucson 1.6 CRDi Elite Plus,2024,31500,2690000,2
hyundai-tucson,Hyundai Tucson,Hyundai Tucson 1.6 T-GDi N-Line,2024,21000,2900000,2
hyundai-tucson,Hyundai Tucson,Hyundai Tucson 1.6 CRDi Prime,2024,12500,2325000,2
hyundai-tucson,Hyundai Tucson,Hyundai Tucson 1.6 T-GDi Elite Plus,2024,25000,3170000,2
hyundai-tucson,Hyundai Tucson,Hyundai Tucson 1.6 CRDi Elite Plus,2024,39500,2675000,2
hyundai-tucson,Hyundai Tucson,Hyundai Tucson 1.6 CRDi Elite Plus,2024,65000,2470000,2
hyundai-tucson,Hyundai Tucson,Hyundai Tucson 1.6 T-GDi Comfort,2024,14000,2175000,2
hyundai-tucson,Hyundai Tucson,Hyundai Tucson 1.6 CRDi Elite Plus,2024,44500,2599000,2
hyundai-tucson,Hyundai Tucson,Hyundai Tucson 1.6 CRDi Elite Plus,2024,45000,2450000,2
hyundai-tucson,Hyundai Tucson,Hyundai Tucson 1.6 CRDi Elite Plus,2024,65500,2599950,2
hyundai-tucson,Hyundai Tucson,Hyundai Tucson 1.6 CRDi Elite,2024,35199,2500000,2
hyundai-tucson,Hyundai Tucson,Hyundai Tucson 1.6 CRDi Prime,2024,25000,2325000,2
hyundai-tucson,Hyundai Tucson,Hyundai Tucson 1.6 CRDi Elite,2024,48000,2520000,2
hyundai-tucson,Hyundai Tucson,Hyundai Tucson 1.6 CRDi Prime,2024,37000,2319500,2
hyundai-tucson,Hyundai Tucson,Hyundai Tucson 1.6 CRDi Elite Plus,2024,38000,2590000,2
hyundai-tucson,Hyundai Tucson,Hyundai Tucson 1.6 CRDi Prime,2024,28000,2360000,2
hyundai-tucson,Hyundai Tucson,Hyundai Tucson 1.6 CRDi Elite Plus,2024,12800,2870000,2
hyundai-tucson,Hyundai Tucson,Hyundai Tucson 1.6 CRDi Elite Plus,2024,59750,2575000,2
hyundai-tucson,Hyundai Tucson,Hyundai Tucson 1.6 CRDi Elite Plus,2024,37000,2790000,2
hyundai-tucson,Hyundai Tucson,Hyundai Tucson 1.6 CRDi Elite,2024,76000,2325000,2
hyundai-tucson,Hyundai Tucson,Hyundai Tucson 1.6 T-GDi Comfort,2024,16000,2100000,2
hyundai-tucson,Hyundai Tucson,Hyundai Tucson 1.6 CRDi Elite Plus,2024,14000,2728750,2
hyundai-tucson,Hyundai Tucson,Hyundai Tucson 1.6 CRDi Elite Plus,2024,104000,2480000,2
hyundai-tucson,Hyundai Tucson,Hyundai Tucson 1.6 CRDi Elite,2024,57000,2375000,2
hyundai-tucson,Hyundai Tucson,Hyundai Tucson 1.6 CRDi Elite,2024,72000,2650000,2
hyundai-tucson,Hyundai Tucson,Hyundai Tucson 1.6 CRDi Prime,2024,27000,2300000,2
hyundai-tucson,Hyundai Tucson,Hyundai Tucson 1.6 CRDi Elite,2024,26619,2520000,2
hyundai-tucson,Hyundai Tucson,Hyundai Tucson 1.6 CRDi Prime,2024,19000,2185000,2
hyundai-tucson,Hyundai Tucson,Hyundai Tucson 1.6 CRDi Elite,2024,27913,2520000,2
hyundai-tucson,Hyundai Tucson,Hyundai Tucson 1.6 CRDi Elite Plus,2024,55000,2450000,2
hyundai-tucson,Hyundai Tucson,Hyundai Tucson 1.6 CRDi Elite,2024,21000,2730000,2
hyundai-tucson,Hyundai Tucson,Hyundai Tucson 1.6 T-GDi Comfort,2024,11800,2080000,2
hyundai-tucson,Hyundai Tucson,Hyundai Tucson 1.6 CRDi Elite,2024,9600,2820000,2
hyundai-tucson,Hyundai Tucson,Hyundai Tucson 1.6 CRDi Elite,2024,27900,2599000,2
hyundai-tucson,Hyundai Tucson,Hyundai Tucson 1.6 T-GDi Prime Plus,2024,24000,2350000,2
hyundai-tucson,Hyundai Tucson,Hyundai Tucson 1.6 CRDi Prime,2024,24500,2350000,2
hyundai-tucson,Hyundai Tucson,Hyundai Tucson 1.6 CRDi Elite Plus,2024,13000,2850000,2
hyundai-tucson,Hyundai Tucson,Hyundai Tucson 1.6 CRDi Prime,2024,6081,2430000,2
hyundai-tucson,Hyundai Tucson,Hyundai Tucson 1.6 CRDi Elite Plus,2024,18000,2750000,2
hyundai-tucson,Hyundai Tucson,Hyundai Tucson 1.6 CRDi Prime,2024,24850,2395000,2
hyundai-tucson,Hyundai Tucson,Hyundai Tucson 1.6 CRDi Elite Plus,2024,20000,2670000,2
hyundai-tucson,Hyundai Tucson,Hyundai Tucson 1.6 T-GDi Prime Plus,2024,20000,2540000,2
hyundai-tucson,Hyundai Tucson,Hyundai Tucson 1.6 T-GDi Comfort,2024,14000,2080000,2
hyundai-tucson,Hyundai Tucson,Hyundai Tucson 1.6 CRDi Elite Plus,2024,18000,2960000,2
hyundai-tucson,Hyundai Tucson,Hyundai Tucson 1.6 CRDi Elite Plus,2024,27000,2535000,2
hyundai-tucson,Hyundai Tucson,Hyundai Tucson 1.6 CRDi Elite Plus,2024,19000,2850000,2
hyundai-tucson,Hyundai Tucson,Hyundai Tucson 1.6 CRDi Prime,2024,15000,2420000,2
hyundai-tucson,Hyundai Tucson,Hyundai Tucson 1.6 T-GDi Prime Plus,2024,10000,2460000,2
hyundai-tucson,Hyundai Tucson,Hyundai Tucson 1.6 CRDi Elite,2024,10800,2975000,2
hyundai-tucson,Hyundai Tucson,Hyundai Tucson 1.6 CRDi Elite Plus,2024,17000,2880000,2
hyundai-tucson,Hyundai Tucson,Hyundai Tucson 1.6 CRDi Elite Plus,2024,9500,2985000,2
hyundai-tucson,Hyundai Tucson,Hyundai Tucson 1.6 CRDi Elite,2024,37000,2620000,2
hyundai-tucson,Hyundai Tucson,Hyundai Tucson 1.6 T-GDi Elite,2024,9900,2530000,2
hyundai-tucson,Hyundai Tucson,Hyundai Tucson 1.6 T-GDi Elite,2024,6001,2850000,2
hyundai-tucson,Hyundai Tucson,Hyundai Tucson 1.6 T-GDi Prime Plus,2025,14000,2510000,1
hyundai-tucson,Hyundai Tucson,Hyundai Tucson 1.6 T-GDi Prime,2025,8000,2450000,1
hyundai-tucson,Hyundai Tucson,Hyundai Tucson 1.6 T-GDi Prime Plus,2025,6001,2675000,1
hyundai-tucson,Hyundai Tucson,Hyundai Tucson 1.6 T-GDi Prime,2025,6200,2450000,1
hyundai-tucson,Hyundai Tucson,Hyundai Tucson 1.6 CRDi Prime,2025,6001,2685000,1
hyundai-tucson,Hyundai Tucson,Hyundai Tucson 1.6 CRDi Prime,2025,15000,2445000,1
hyundai-tucson,Hyundai Tucson,Hyundai Tucson 1.6 CRDi Elite Plus,2025,21500,2925000,1
hyundai-tucson,Hyundai Tucson,Hyundai Tucson 1.6 T-GDi Prime,2025,6001,2250000,1
hyundai-tucson,Hyundai Tucson,Hyundai Tucson 1.6 T-GDi Comfort,2025,35560,2010000,1
hyundai-tucson,Hyundai Tucson,Hyundai Tucson 1.6 CRDi Prime,2025,6001,2340000,1
hyundai-tucson,Hyundai Tucson,Hyundai Tucson 1.6 CRDi Elite Plus,2025,20000,3200000,1
hyundai-tucson,Hyundai Tucson,Hyundai Tucson 1.6 CRDi Elite,2025,18052,2649000,1
hyundai-tucson,Hyundai Tucson,Hyundai Tucson 1.6 T-GDi Comfort,2025,8000,2250000,1
hyundai-tucson,Hyundai Tucson,Hyundai Tucson 1.6 CRDi Prime,2025,9100,2645000,1
hyundai-tucson,Hyundai Tucson,Hyundai Tucson 1.6 T-GDi Prime Plus,2025,6001,2450000,1
hyundai-tucson,Hyundai Tucson,Hyundai Tucson 1.6 CRDi Elite,2025,6001,2950000,1
hyundai-tucson,Hyundai Tucson,Hyundai Tucson 1.6 T-GDi Comfort,2025,6000,2200000,1
hyundai-tucson,Hyundai Tucson,Hyundai Tucson 1.6 CRDi Prime,2025,19800,2399000,1
hyundai-tucson,Hyundai Tucson,Hyundai Tucson 1.6 T-GDi Prime,2025,17000,2225000,1
hyundai-tucson,Hyundai Tucson,Hyundai Tucson 1.6 T-GDi Comfort,2025,35987,2035000,1
hyundai-tucson,Hyundai Tucson,Hyundai Tucson 1.6 CRDi Elite,2025,19000,2725000,1
hyundai-tucson,Hyundai Tucson,Hyundai Tucson 1.6 CRDi Elite,2025,6001,2925000,1
hyundai-tucson,Hyundai Tucson,Hyundai Tucson 1.6 T-GDi Prime,2025,6043,2270000,1
hyundai-tucson,Hyundai Tucson,Hyundai Tucson 1.6 T-GDi Elite Plus,2025,8000,2979000,1
hyundai-tucson,Hyundai Tucson,Hyundai Tucson 1.6 T-GDi Prime,2025,6250,2325000,1
hyundai-tucson,Hyundai Tucson,Hyundai Tucson 1.6 T-GDi Prime Plus,2025,10400,2490000,1
hyundai-tucson,Hyundai Tucson,Hyundai Tucson 1.6 T-GDi Comfort,2025,13000,2075000,1
hyundai-tucson,Hyundai Tucson,Hyundai Tucson 1.6 T-GDi Elite Plus,2025,16000,2925000,1
hyundai-tucson,Hyundai Tucson,Hyundai Tucson 1.6 T-GDi Elite,2025,20980,2669000,1
hyundai-tucson,Hyundai Tucson,Hyundai Tucson 1.6 T-GDi Prime Plus,2025,15000,2489000,1
hyundai-tucson,Hyundai Tucson,Hyundai Tucson 1.6 T-GDi Prime,2025,9000,2329000,1
hyundai-tucson,Hyundai Tucson,Hyundai Tucson 1.6 T-GDi Elite Plus,2025,10000,3175000,1
hyundai-tucson,Hyundai Tucson,Hyundai Tucson 1.6 T-GDi Prime Plus,2025,6258,2565000,1
hyundai-tucson,Hyundai Tucson,Hyundai Tucson 1.6 T-GDi Prime Plus,2025,31099,2378000,1
hyundai-tucson,Hyundai Tucson,Hyundai Tucson 1.6 CRDi Prime,2025,6001,2700000,1
hyundai-tucson,Hyundai Tucson,Hyundai Tucson 1.6 CRDi Elite Plus,2025,11500,2895000,1
hyundai-tucson,Hyundai Tucson,Hyundai Tucson 1.6 T-GDi Comfort,2025,23289,2175000,1
hyundai-tucson,Hyundai Tucson,Hyundai Tucson 1.6 T-GDi Prime,2025,6200,2499999,1
hyundai-tucson,Hyundai Tucson,Hyundai Tucson 1.6 CRDi Prime,2025,14000,2430000,1
hyundai-tucson,Hyundai Tucson,Hyundai Tucson 1.6 CRDi Prime,2025,42000,2325000,1
hyundai-tucson,Hyundai Tucson,Hyundai Tucson 1.6 CRDi Prime,2025,6001,2175000,1
hyundai-tucson,Hyundai Tucson,Hyundai Tucson 1.6 T-GDi Comfort,2025,15000,2250000,1
hyundai-tucson,Hyundai Tucson,Hyundai Tucson 1.6 T-GDi Elite Plus,2025,10000,2880000,1
hyundai-tucson,Hyundai Tucson,Hyundai Tucson 1.6 CRDi Prime,2025,6001,2700000,1
hyundai-tucson,Hyundai Tucson,Hyundai Tucson 1.6 T-GDi Comfort,2025,26583,2175000,1
hyundai-tucson,Hyundai Tucson,Hyundai Tucson 1.6 T-GDi Prime,2025,20000,2299000,1
hyundai-tucson,Hyundai Tucson,Hyundai Tucson 1.6 T-GDi Prime Plus,2025,13000,2495000,1
hyundai-tucson,Hyundai Tucson,Hyundai Tucson 1.6 T-GDi Prime,2025,6001,2500000,1
hyundai-tucson,Hyundai Tucson,Hyundai Tucson 1.6 T-GDi Elite,2025,9800,2850000,1
hyundai-tucson,Hyundai Tucson,Hyundai Tucson 1.6 T-GDi Comfort,2025,7000,2099999,1
hyundai-tucson,Hyundai Tucson,Hyundai Tucson 1.6 T-GDi Elite,2025,27900,2919900,1
hyundai-tucson,Hyundai Tucson,Hyundai Tucson 1.6 T-GDi Prime Plus,2025,19000,2400000,1
hyundai-tucson,Hyundai Tucson,Hyundai Tucson 1.6 T-GDi Elite Plus,2025,7000,3200000,1
hyundai-tucson,Hyundai Tucson,Hyundai Tucson 1.6 CRDi Prime,2025,6001,2480000,1
hyundai-tucson,Hyundai Tucson,Hyundai Tucson 1.6 T-GDi Prime,2025,6008,2319900,1
hyundai-tucson,Hyundai Tucson,Hyundai Tucson 1.6 T-GDi Elite,2025,14640,2680000,1
hyundai-tucson,Hyundai Tucson,Hyundai Tucson 1.6 CRDi Prime,2025,6200,2695000,1
hyundai-tucson,Hyundai Tucson,Hyundai Tucson 1.6 T-GDi Comfort,2025,39750,2030000,1
hyundai-tucson,Hyundai Tucson,Hyundai Tucson 1.6 CRDi Elite Plus,2025,6001,3099000,1
hyundai-tucson,Hyundai Tucson,Hyundai Tucson 1.6 T-GDi Prime Plus,2025,10181,2309000,1
hyundai-tucson,Hyundai Tucson,Hyundai Tucson 1.6 T-GDi Prime Plus,2025,31000,2550000,1
hyundai-tucson,Hyundai Tucson,Hyundai Tucson 1.6 CRDi Elite Plus,2025,6001,3189500,1
hyundai-tucson,Hyundai Tucson,Hyundai Tucson 1.6 CRDi Prime,2025,18000,2419900,1
hyundai-tucson,Hyundai Tucson,Hyundai Tucson 1.6 CRDi Prime,2025,9000,2470000,1
hyundai-tucson,Hyundai Tucson,Hyundai Tucson 1.6 CRDi Elite,2025,14500,2720000,1
hyundai-tucson,Hyundai Tucson,Hyundai Tucson 1.6 T-GDi Elite Plus,2025,6100,3075000,1
hyundai-tucson,Hyundai Tucson,Hyundai Tucson 1.6 T-GDi Comfort,2025,9700,2125000,1
hyundai-tucson,Hyundai Tucson,Hyundai Tucson 1.6 T-GDi Prime,2025,26918,2249000,1
hyundai-tucson,Hyundai Tucson,Hyundai Tucson 1.6 CRDi Prime,2025,19000,2459750,1
hyundai-tucson,Hyundai Tucson,Hyundai Tucson 1.6 T-GDi Prime,2025,10600,2425000,1
hyundai-tucson,Hyundai Tucson,Hyundai Tucson 1.6 T-GDi Comfort,2025,6001,2170000,1
hyundai-tucson,Hyundai Tucson,Hyundai Tucson 1.6 CRDi Prime,2025,34000,2425000,1
hyundai-tucson,Hyundai Tucson,Hyundai Tucson 1.6 T-GDi Comfort,2025,6001,2150000,1
hyundai-tucson,Hyundai Tucson,Hyundai Tucson 1.6 T-GDi Prime Plus,2025,7000,2610000,1
hyundai-tucson,Hyundai Tucson,Hyundai Tucson 1.6 CRDi Elite Plus,2025,6001,3100000,1
hyundai-tucson,Hyundai Tucson,Hyundai Tucson 1.6 CRDi Elite Plus,2025,6002,3200000,1
hyundai-tucson,Hyundai Tucson,Hyundai Tucson 1.6 CRDi Prime,2025,6010,2420000,1
hyundai-tucson,Hyundai Tucson,Hyundai Tucson 1.6 CRDi Prime,2025,11000,2485000,1
hyundai-tucson,Hyundai Tucson,Hyundai Tucson 1.6 CRDi Prime,2025,6001,2460000,1
hyundai-tucson,Hyundai Tucson,Hyundai Tucson 1.6 CRDi Elite,2025,21000,2895000,1
hyundai-tucson,Hyundai Tucson,Hyundai Tucson 1.6 CRDi Elite Plus,2025,31500,2895000,1
hyundai-tucson,Hyundai Tucson,Hyundai Tucson 1.6 CRDi Elite Plus,2025,8000,3050000,1
hyundai-tucson,Hyundai Tucson,Hyundai Tucson 1.6 T-GDi Prime Plus,2025,31085,2299000,1
hyundai-tucson,Hyundai Tucson,Hyundai Tucson 1.6 T-GDi Comfort,2025,6003,2185000,1
hyundai-tucson,Hyundai Tucson,Hyundai Tucson 1.6 T-GDi Prime,2025,6001,2535000,1
hyundai-tucson,Hyundai Tucson,Hyundai Tucson 1.6 T-GDi Prime Plus,2025,6001,2500000,1
hyundai-tucson,Hyundai Tucson,Hyundai Tucson 1.6 CRDi Elite Plus,2025,13000,3140000,1
hyundai-tucson,Hyundai Tucson,Hyundai Tucson 1.6 T-GDi Prime,2025,6110,2379000,1
hyundai-tucson,Hyundai Tucson,Hyundai Tucson 1.6 T-GDi Prime Plus,2025,6000,2600000,1
hyundai-tucson,Hyundai Tucson,Hyundai Tucson 1.6 CRDi Elite,2025,19500,2669000,1
hyundai-tucson,Hyundai Tucson,Hyundai Tucson 1.6 CRDi Elite Plus,2025,37000,2928000,1
hyundai-tucson,Hyundai Tucson,Hyundai Tucson 1.6 CRDi Elite Plus,2025,6500,3150000,1
hyundai-tucson,Hyundai Tucson,Hyundai Tucson 1.6 CRDi Elite,2025,14000,2720000,1
hyundai-tucson,Hyundai Tucson,Hyundai Tucson 1.6 CRDi Elite,2025,11114,2642900,1
hyundai-tucson,Hyundai Tucson,Hyundai Tucson 1.6 T-GDi Elite Plus,2025,15000,2930000,1
hyundai-tucson,Hyundai Tucson,Hyundai Tucson 1.6 T-GDi Prime,2025,11000,2380000,1
hyundai-tucson,Hyundai Tucson,Hyundai Tucson 1.6 T-GDi Comfort,2025,9000,2230000,1
hyundai-tucson,Hyundai Tucson,Hyundai Tucson 1.6 CRDi Elite Plus,2025,10200,3050000,1
hyundai-tucson,Hyundai Tucson,Hyundai Tucson 1.6 T-GDi Prime Plus,2025,15000,2420000,1
hyundai-tucson,Hyundai Tucson,Hyundai Tucson 1.6 T-GDi Comfort,2025,6001,2180000,1
hyundai-tucson,Hyundai Tucson,Hyundai Tucson 1.6 T-GDi Prime,2025,6001,2350000,1
hyundai-tucson,Hyundai Tucson,Hyundai Tucson 1.6 CRDi Prime,2025,10000,2475000,1
hyundai-tucson,Hyundai Tucson,Hyundai Tucson 1.6 T-GDi Comfort,2025,13000,2105000,1
hyundai-tucson,Hyundai Tucson,Hyundai Tucson 1.6 CRDi Elite Plus,2025,8000,3050000,1
hyundai-tucson,Hyundai Tucson,Hyundai Tucson 1.6 CRDi Prime,2025,12950,2595000,1
hyundai-tucson,Hyundai Tucson,Hyundai Tucson 1.6 T-GDi Prime,2025,15500,2320000,1
hyundai-tucson,Hyundai Tucson,Hyundai Tucson 1.6 CRDi Prime,2025,7000,2535000,1
hyundai-tucson,Hyundai Tucson,Hyundai Tucson 1.6 T-GDi Elite Plus,2025,8000,3050000,1
hyundai-tucson,Hyundai Tucson,Hyundai Tucson 1.6 CRDi Prime,2025,6001,2500000,1
hyundai-tucson,Hyundai Tucson,Hyundai Tucson 1.6 T-GDi Prime Plus,2025,10000,2625000,1
hyundai-tucson,Hyundai Tucson,Hyundai Tucson 1.6 T-GDi Prime Plus,2025,19800,2450000,1
hyundai-tucson,Hyundai Tucson,Hyundai Tucson 1.6 CRDi Prime,2025,8000,2395000,1
hyundai-tucson,Hyundai Tucson,Hyundai Tucson 1.6 T-GDi Prime,2025,12500,2395000,1
hyundai-tucson,Hyundai Tucson,Hyundai Tucson 1.6 T-GDi Prime,2025,6002,2500000,1
hyundai-tucson,Hyundai Tucson,Hyundai Tucson 1.6 CRDi Prime,2025,6005,2525000,1
hyundai-tucson,Hyundai Tucson,Hyundai Tucson 1.6 T-GDi Prime Plus,2025,6005,2660000,1
hyundai-tucson,Hyundai Tucson,Hyundai Tucson 1.6 T-GDi Prime Plus,2025,17000,2395000,1
hyundai-tucson,Hyundai Tucson,Hyundai Tucson 1.6 T-GDi Prime Plus,2025,12800,2345000,1
hyundai-tucson,Hyundai Tucson,Hyundai Tucson 1.6 T-GDi Prime,2025,10000,2410000,1
hyundai-tucson,Hyundai Tucson,Hyundai Tucson 1.6 T-GDi Comfort,2026,7500,2200000,0
hyundai-tucson,Hyundai Tucson,Hyundai Tucson 1.6 T-GDi Prime,2026,6001,2650000,0
hyundai-tucson,Hyundai Tucson,Hyundai Tucson 1.6 T-GDi Prime,2026,6001,2490000,0
hyundai-tucson,Hyundai Tucson,Hyundai Tucson 1.6 T-GDi Prime,2026,6001,2600000,0
hyundai-tucson,Hyundai Tucson,Hyundai Tucson 1.6 T-GDi Prime,2026,9500,2470000,0
hyundai-tucson,Hyundai Tucson,Hyundai Tucson 1.6 T-GDi Comfort,2026,6001,2180000,0
kia-sportage,Kia Sportage,Kia Sportage 1.6 T-GDI GT-Line Prestige,2016,214000,1350000,10
kia-sportage,Kia Sportage,Kia Sportage 2.0 CRDi GT-Line Prestige,2016,119000,1450000,10
kia-sportage,Kia Sportage,Kia Sportage 1.6 GDI Comfort,2016,162500,1320000,10
kia-sportage,Kia Sportage,Kia Sportage 1.6 GDI Concept Plus,2016,121000,1515000,10
kia-sportage,Kia Sportage,Kia Sportage 1.6 GDI Concept Plus,2016,319000,1080000,10
kia-sportage,Kia Sportage,Kia Sportage 1.6 GDI Premium,2016,128700,1398000,10
kia-sportage,Kia Sportage,Kia Sportage 1.6 T-GDI GT-Line Prestige,2016,136000,1745000,10
kia-sportage,Kia Sportage,Kia Sportage 1.6 GDI Concept Plus,2016,75000,1419000,10
kia-sportage,Kia Sportage,Kia Sportage 1.6 T-GDI GT-Line Prestige,2016,239000,1259000,10
kia-sportage,Kia Sportage,Kia Sportage 1.6 GDI Concept Plus,2016,134000,1429000,10
kia-sportage,Kia Sportage,Kia Sportage 1.6 GDI Concept Plus,2016,95503,1445000,10
kia-sportage,Kia Sportage,Kia Sportage 1.6 T-GDI GT-Line Exclusive,2016,153000,1525000,10
kia-sportage,Kia Sportage,Kia Sportage 1.6 T-GDI GT-Line Exclusive,2016,169000,1389000,10
kia-sportage,Kia Sportage,Kia Sportage 1.6 T-GDI GT-Line Prestige,2016,190000,1375000,10
kia-sportage,Kia Sportage,Kia Sportage 1.6 T-GDI GT-Line Exclusive,2016,147000,1500000,10
kia-sportage,Kia Sportage,Kia Sportage 1.6 GDI Concept Plus,2016,86500,1525000,10
kia-sportage,Kia Sportage,Kia Sportage 1.6 GDI Comfort,2016,170000,1350000,10
kia-sportage,Kia Sportage,Kia Sportage 1.6 GDI Concept Plus,2016,202000,1300000,10
kia-sportage,Kia Sportage,Kia Sportage 1.6 T-GDI GT-Line Prestige,2016,190000,1375000,10
kia-sportage,Kia Sportage,Kia Sportage 1.6 T-GDI GT-Line Prestige,2016,117000,1699000,10
kia-sportage,Kia Sportage,Kia Sportage 1.6 T-GDI GT-Line Exclusive,2016,154500,1445000,10
kia-sportage,Kia Sportage,Kia Sportage 1.6 T-GDI GT-Line Exclusive,2016,190000,1400000,10
kia-sportage,Kia Sportage,Kia Sportage 1.6 T-GDI GT-Line Prestige,2016,199000,1449750,10
kia-sportage,Kia Sportage,Kia Sportage 1.6 GDI Concept Plus,2016,167000,1340000,10
kia-sportage,Kia Sportage,Kia Sportage 1.6 GDI Comfort,2016,110000,1359000,10
kia-sportage,Kia Sportage,Kia Sportage 1.6 GDI Concept Plus,2016,110000,1425000,10
kia-sportage,Kia Sportage,Kia Sportage 1.6 GDI Comfort,2016,53000,1420000,10
kia-sportage,Kia Sportage,Kia Sportage 1.6 GDI Comfort,2016,218000,1149000,10
kia-sportage,Kia Sportage,Kia Sportage 1.6 T-GDI GT-Line Prestige,2016,170000,1499000,10
kia-sportage,Kia Sportage,Kia Sportage 1.6 T-GDI GT-Line Prestige,2016,187000,1490000,10
kia-sportage,Kia Sportage,Kia Sportage 1.6 GDI Concept Plus,2016,158000,1379000,10
kia-sportage,Kia Sportage,Kia Sportage 1.6 T-GDI GT-Line Exclusive,2016,179000,1369000,10
kia-sportage,Kia Sportage,Kia Sportage 1.6 GDI Comfort,2016,125000,1225000,10
kia-sportage,Kia Sportage,Kia Sportage 1.6 GDI Concept Plus,2016,140000,1325000,10
kia-sportage,Kia Sportage,Kia Sportage 1.6 GDI Concept Plus,2016,79000,1510000,10
kia-sportage,Kia Sportage,Kia Sportage 1.6 T-GDI GT-Line Exclusive,2016,230000,1260000,10
kia-sportage,Kia Sportage,Kia Sportage 1.6 T-GDI GT-Line Exclusive,2016,91000,1650000,10
kia-sportage,Kia Sportage,Kia Sportage 1.6 GDI Concept Plus,2016,137000,1369000,10
kia-sportage,Kia Sportage,Kia Sportage 1.6 GDI Concept Plus,2016,187500,1140000,10
kia-sportage,Kia Sportage,Kia Sportage 1.6 T-GDI GT-Line Prestige,2016,115000,1650000,10
kia-sportage,Kia Sportage,Kia Sportage 1.6 T-GDI GT-Line Prestige,2016,108000,1675000,10
kia-sportage,Kia Sportage,Kia Sportage 1.6 GDI Concept Plus,2016,103000,1545000,10
kia-sportage,Kia Sportage,Kia Sportage 1.6 GDI Concept Plus,2016,142500,1369000,10
kia-sportage,Kia Sportage,Kia Sportage 1.6 GSL Plus,2016,113000,1350000,10
kia-sportage,Kia Sportage,Kia Sportage 1.6 GDI Concept Plus,2016,102500,1469000,10
kia-sportage,Kia Sportage,Kia Sportage 1.6 GDI Comfort,2016,108000,1269000,10
kia-sportage,Kia Sportage,Kia Sportage 1.6 GDI Concept Plus,2016,159000,1215000,10
kia-sportage,Kia Sportage,Kia Sportage 1.6 GDI Concept Plus,2016,249000,1285000,10
kia-sportage,Kia Sportage,Kia Sportage 1.6 T-GDI GT-Line Prestige,2016,149500,1650000,10
kia-sportage,Kia Sportage,Kia Sportage 1.6 GDI Concept Plus,2016,244000,1195000,10
kia-sportage,Kia Sportage,Kia Sportage 1.6 GDI Concept Plus,2016,146000,1385000,10
kia-sportage,Kia Sportage,Kia Sportage 1.6 GDI Concept Plus,2016,70000,1585000,10
kia-sportage,Kia Sportage,Kia Sportage 1.6 T-GDI GT-Line Exclusive,2016,102000,1600000,10
kia-sportage,Kia Sportage,Kia Sportage 1.6 GDI Concept Plus,2016,120000,1430000,10
kia-sportage,Kia Sportage,Kia Sportage 1.6 T-GDI GT-Line Prestige,2016,90750,1665000,10
kia-sportage,Kia Sportage,Kia Sportage 1.6 T-GDI GT-Line Exclusive,2016,214000,1220000,10
kia-sportage,Kia Sportage,Kia Sportage 1.6 GDI Concept Plus,2016,178000,1380000,10
kia-sportage,Kia Sportage,Kia Sportage 1.6 GDI Comfort,2016,124500,1260000,10
kia-sportage,Kia Sportage,Kia Sportage 1.6 GDI Concept Plus,2016,263000,1240000,10
kia-sportage,Kia Sportage,Kia Sportage 1.6 GDI Concept Plus,2016,75000,1489000,10
kia-sportage,Kia Sportage,Kia Sportage 1.6 GDI Concept Plus,2016,89000,1485000,10
kia-sportage,Kia Sportage,Kia Sportage 1.6 T-GDI GT-Line Exclusive,2016,109000,1430000,10
kia-sportage,Kia Sportage,Kia Sportage 1.6 T-GDI GT-Line Prestige,2016,210000,1470000,10
kia-sportage,Kia Sportage,Kia Sportage 1.6 GDI Concept Plus,2016,91000,1650000,10
kia-sportage,Kia Sportage,Kia Sportage 1.6 GDI Concept,2016,98000,1450000,10
kia-sportage,Kia Sportage,Kia Sportage 1.6 T-GDI GT-Line Prestige,2016,140000,1690000,10
kia-sportage,Kia Sportage,Kia Sportage 1.6 GDI Concept Plus,2016,168000,1300000,10
kia-sportage,Kia Sportage,Kia Sportage 1.6 T-GDI GT-Line Prestige,2016,80000,1750000,10
kia-sportage,Kia Sportage,Kia Sportage 1.6 GDI Premium,2017,141000,1436900,9
kia-sportage,Kia Sportage,Kia Sportage 1.6 GDI Premium,2017,146000,1375000,9
kia-sportage,Kia Sportage,Kia Sportage 1.6 GDI Comfort,2017,95953,1199000,9
kia-sportage,Kia Sportage,Kia Sportage 1.6 GDI Concept Plus,2017,105000,1500000,9
kia-sportage,Kia Sportage,Kia Sportage 1.6 GDI Concept Plus,2017,130000,1329900,9
kia-sportage,Kia Sportage,Kia Sportage 1.6 GDI Concept Plus,2017,69000,1580000,9
kia-sportage,Kia Sportage,Kia Sportage 1.6 GDI Premium,2017,89604,1620000,9
kia-sportage,Kia Sportage,Kia Sportage 1.6 GDI Concept Plus,2017,132000,1300000,9
kia-sportage,Kia Sportage,Kia Sportage 1.6 GDI Premium,2017,153000,1415000,9
kia-sportage,Kia Sportage,Kia Sportage 1.6 GDI Concept Plus,2017,145000,1350000,9
kia-sportage,Kia Sportage,Kia Sportage 1.6 GDI Concept Plus,2017,85000,1500000,9
kia-sportage,Kia Sportage,Kia Sportage 1.6 GDI Concept Plus,2017,122000,1419000,9
kia-sportage,Kia Sportage,Kia Sportage 1.6 GDI Comfort,2017,121000,1250000,9
kia-sportage,Kia Sportage,Kia Sportage 1.6 GDI Premium,2017,154000,1395000,9
kia-sportage,Kia Sportage,Kia Sportage 1.6 GDI Premium,2017,181000,1330000,9
kia-sportage,Kia Sportage,Kia Sportage 1.6 GDI Premium,2017,146000,1395900,9
kia-sportage,Kia Sportage,Kia Sportage 1.6 GDI Premium,2017,127550,1459000,9
kia-sportage,Kia Sportage,Kia Sportage 1.6 GDI Premium,2017,158500,1350000,9
kia-sportage,Kia Sportage,Kia Sportage 1.6 GDI Premium,2017,84700,1485000,9
kia-sportage,Kia Sportage,Kia Sportage 1.6 GDI Concept Plus,2017,114000,1392000,9
kia-sportage,Kia Sportage,Kia Sportage 1.6 GDI Concept Plus,2017,107000,1429000,9
kia-sportage,Kia Sportage,Kia Sportage 1.6 GDI Concept,2017,162000,1315000,9
kia-sportage,Kia Sportage,Kia Sportage 1.6 GDI Concept Plus,2017,185000,1343000,9
kia-sportage,Kia Sportage,Kia Sportage 1.6 GDI Concept Plus,2017,101000,1385000,9
kia-sportage,Kia Sportage,Kia Sportage 1.6 GDI Comfort,2017,91000,1316900,9
kia-sportage,Kia Sportage,Kia Sportage 1.6 GDI Premium,2017,95127,1559500,9
kia-sportage,Kia Sportage,Kia Sportage 1.6 GDI Premium,2017,55000,1650000,9
kia-sportage,Kia Sportage,Kia Sportage 1.6 GDI Concept Plus,2017,165000,1260000,9
kia-sportage,Kia Sportage,Kia Sportage 1.6 GDI Premium,2017,148200,1325000,9
kia-sportage,Kia Sportage,Kia Sportage 1.6 GDI Premium,2017,127100,1450000,9
kia-sportage,Kia Sportage,Kia Sportage 1.6 GDI Comfort,2017,73000,1399000,9
kia-sportage,Kia Sportage,Kia Sportage 1.6 GDI Comfort,2017,53000,1295000,9
kia-sportage,Kia Sportage,Kia Sportage 1.6 GDI Comfort,2017,213000,1299000,9
kia-sportage,Kia Sportage,Kia Sportage 1.6 T-GDI Premium,2017,110000,1475000,9
kia-sportage,Kia Sportage,Kia Sportage 1.6 GDI Concept,2017,95000,1290000,9
kia-sportage,Kia Sportage,Kia Sportage 1.6 GDI Concept Plus,2017,70210,1650000,9
kia-sportage,Kia Sportage,Kia Sportage 1.6 GDI Concept Plus,2017,34000,1665000,9
kia-sportage,Kia Sportage,Kia Sportage 1.6 GDI Premium,2017,208000,1180000,9
kia-sportage,Kia Sportage,Kia Sportage 1.6 GDI Premium,2017,111000,1469500,9
kia-sportage,Kia Sportage,Kia Sportage 1.6 GDI Premium,2017,96000,1465000,9
kia-sportage,Kia Sportage,Kia Sportage 1.6 GDI Concept Plus,2017,130000,1440000,9
kia-sportage,Kia Sportage,Kia Sportage 1.6 GDI Premium,2017,97000,1540000,9
kia-sportage,Kia Sportage,Kia Sportage 1.6 T-GDI Premium,2017,160000,1290000,9
kia-sportage,Kia Sportage,Kia Sportage 1.6 GDI Concept Plus,2017,117000,1475000,9
kia-sportage,Kia Sportage,Kia Sportage 1.6 GDI Concept Plus,2017,70500,1550000,9
kia-sportage,Kia Sportage,Kia Sportage 1.6 GDI Concept Plus,2017,95000,1425000,9
kia-sportage,Kia Sportage,Kia Sportage 1.6 GDI Concept Plus,2017,43678,1495000,9
kia-sportage,Kia Sportage,Kia Sportage 1.6 GDI Concept,2017,175000,1355750,9
kia-sportage,Kia Sportage,Kia Sportage 1.6 GDI Concept Plus,2017,132000,1475000,9
kia-sportage,Kia Sportage,Kia Sportage 1.6 GDI Premium,2017,114000,1460000,9
kia-sportage,Kia Sportage,Kia Sportage 1.6 GDI Premium,2017,176000,1310000,9
kia-sportage,Kia Sportage,Kia Sportage 1.6 GDI Premium,2017,107000,1499999,9
kia-sportage,Kia Sportage,Kia Sportage 1.6 GDI Premium,2017,145003,1420000,9
kia-sportage,Kia Sportage,Kia Sportage 1.6 GDI Premium,2017,230000,1150000,9
kia-sportage,Kia Sportage,Kia Sportage 1.6 GDI Premium,2017,170000,1550000,9
kia-sportage,Kia Sportage,Kia Sportage 1.6 GDI Concept Plus,2017,79000,1475000,9
kia-sportage,Kia Sportage,Kia Sportage 1.6 GDI Concept Plus,2017,113000,1450000,9
kia-sportage,Kia Sportage,Kia Sportage 1.6 GDI Concept Plus,2017,112000,1410000,9
kia-sportage,Kia Sportage,Kia Sportage 1.6 GDI Premium,2017,162000,1355000,9
kia-sportage,Kia Sportage,Kia Sportage 1.6 GDI Concept Plus,2017,48000,1465000,9
kia-sportage,Kia Sportage,Kia Sportage 1.6 GDI Concept Plus,2017,158500,1475000,9
kia-sportage,Kia Sportage,Kia Sportage 1.6 GDI Concept Plus,2017,121000,1349999,9
kia-sportage,Kia Sportage,Kia Sportage 1.6 GDI Concept,2017,80500,1570000,9
kia-sportage,Kia Sportage,Kia Sportage 1.6 GDI Concept,2017,47800,1410000,9
kia-sportage,Kia Sportage,Kia Sportage 1.6 GDI Concept Plus,2017,238000,1149500,9
kia-sportage,Kia Sportage,Kia Sportage 1.6 GDI Concept Plus,2017,121500,1435000,9
kia-sportage,Kia Sportage,Kia Sportage 1.6 GDI Premium,2017,58250,1550000,9
kia-sportage,Kia Sportage,Kia Sportage 1.6 GDI Premium,2017,102120,1520000,9
kia-sportage,Kia Sportage,Kia Sportage 1.6 GDI Comfort,2017,86500,1300000,9
kia-sportage,Kia Sportage,Kia Sportage 1.6 GDI Concept Plus,2017,108000,1495000,9
kia-sportage,Kia Sportage,Kia Sportage 1.6 GDI Premium,2017,85000,1550000,9
kia-sportage,Kia Sportage,Kia Sportage 1.6 GDI Concept Plus,2017,113000,1398750,9
kia-sportage,Kia Sportage,Kia Sportage 1.6 GDI Comfort,2017,89000,1265000,9
kia-sportage,Kia Sportage,Kia Sportage 1.6 GDI Concept Plus,2017,83000,1510000,9
kia-sportage,Kia Sportage,Kia Sportage 1.6 GDI Premium,2017,125000,1400000,9
kia-sportage,Kia Sportage,Kia Sportage 1.6 GDI Premium,2017,176000,1380000,9
kia-sportage,Kia Sportage,Kia Sportage 1.6 GDI Premium,2017,142000,1420000,9
kia-sportage,Kia Sportage,Kia Sportage 1.6 GDI Concept Plus,2017,182000,1450000,9
kia-sportage,Kia Sportage,Kia Sportage 1.6 GDI Concept Plus,2017,170000,1360000,9
kia-sportage,Kia Sportage,Kia Sportage 1.6 GDI Premium,2017,68000,1600000,9
kia-sportage,Kia Sportage,Kia Sportage 1.6 GDI Concept Plus,2017,117000,1400000,9
kia-sportage,Kia Sportage,Kia Sportage 1.6 GDI Concept Plus,2017,110000,1440000,9
kia-sportage,Kia Sportage,Kia Sportage 1.6 GDI Premium,2017,115500,1450000,9
kia-sportage,Kia Sportage,Kia Sportage 1.6 GDI Premium,2017,162000,1385000,9
kia-sportage,Kia Sportage,Kia Sportage 1.6 GDI Comfort,2017,113000,1320000,9
kia-sportage,Kia Sportage,Kia Sportage 1.6 GDI Premium,2017,132000,1450000,9
kia-sportage,Kia Sportage,Kia Sportage 1.6 GDI Premium,2017,92500,1520000,9
kia-sportage,Kia Sportage,Kia Sportage 1.6 GDI Elegance,2018,179100,1369900,8
kia-sportage,Kia Sportage,Kia Sportage 1.6 GDI Comfort,2018,121511,1239950,8
kia-sportage,Kia Sportage,Kia Sportage 1.6 CRDI Elegance,2018,215000,1335000,8
kia-sportage,Kia Sportage,Kia Sportage 1.6 CRDI Elegance,2018,130000,1405000,8
kia-sportage,Kia Sportage,Kia Sportage 1.6 GDI Elegance,2018,78000,1448000,8
kia-sportage,Kia Sportage,Kia Sportage 1.6 GDI Cool,2018,125000,1120000,8
kia-sportage,Kia Sportage,Kia Sportage 1.6 GDI Elegance,2018,125000,1425000,8
kia-sportage,Kia Sportage,Kia Sportage 1.6 GDI Elegance,2018,111000,1470000,8
kia-sportage,Kia Sportage,Kia Sportage 1.6 GDI Elegance,2018,57000,1550000,8
kia-sportage,Kia Sportage,Kia Sportage 1.6 GDI Elegance,2018,119000,1380000,8
kia-sportage,Kia Sportage,Kia Sportage 1.6 GDI Cool,2018,59000,1369500,8
kia-sportage,Kia Sportage,Kia Sportage 1.6 T-GDI Prestige,2018,122228,1570000,8
kia-sportage,Kia Sportage,Kia Sportage 1.6 CRDI Elegance,2018,131000,1475000,8
kia-sportage,Kia Sportage,Kia Sportage 1.6 GDI Elegance,2018,170000,1310000,8
kia-sportage,Kia Sportage,Kia Sportage 1.6 T-GDI Premium,2018,226000,1380000,8
kia-sportage,Kia Sportage,Kia Sportage 1.6 CRDI Elegance,2018,145000,1574000,8
kia-sportage,Kia Sportage,Kia Sportage 1.6 CRDI Elegance,2018,115000,1530000,8
kia-sportage,Kia Sportage,Kia Sportage 1.6 GDI Elegance,2018,180100,1299900,8
kia-sportage,Kia Sportage,Kia Sportage 1.6 GDI Cool,2018,81000,1325000,8
kia-sportage,Kia Sportage,Kia Sportage 1.6 CRDI Elegance,2018,124500,1175000,8
kia-sportage,Kia Sportage,Kia Sportage 1.6 GDI Elegance,2018,56000,1420000,8
kia-sportage,Kia Sportage,Kia Sportage 1.6 CRDI Elegance,2018,155000,1389000,8
kia-sportage,Kia Sportage,Kia Sportage 1.6 CRDI Elegance,2019,28000,1695000,7
kia-sportage,Kia Sportage,Kia Sportage 1.6 CRDI Prestige,2019,142000,1690000,7
kia-sportage,Kia Sportage,Kia Sportage 1.6 CRDI Prestige,2019,114300,1668750,7
kia-sportage,Kia Sportage,Kia Sportage 1.6 CRDI Elegance,2019,154000,1469000,7
kia-sportage,Kia Sportage,Kia Sportage 1.6 CRDI Prestige,2019,224000,1375000,7
kia-sportage,Kia Sportage,Kia Sportage 1.6 CRDI Elegance,2019,100000,1690000,7
kia-sportage,Kia Sportage,Kia Sportage 1.6 CRDI Elegance,2019,74000,1700000,7
kia-sportage,Kia Sportage,Kia Sportage 1.6 CRDI Elegance Konfor,2019,165000,1490000,7
kia-sportage,Kia Sportage,Kia Sportage 1.6 CRDI Elegance,2019,53500,1750000,7
kia-sportage,Kia Sportage,Kia Sportage 1.6 CRDI Elegance,2019,21000,1950000,7
kia-sportage,Kia Sportage,Kia Sportage 1.6 CRDI Prestige,2019,105000,1760000,7
kia-sportage,Kia Sportage,Kia Sportage 1.6 CRDI Elegance,2019,99750,1645000,7
kia-sportage,Kia Sportage,Kia Sportage 1.6 CRDI Elegance,2019,250000,1370000,7
kia-sportage,Kia Sportage,Kia Sportage 1.6 CRDI Prestige,2019,120000,1699999,7
kia-sportage,Kia Sportage,Kia Sportage 1.6 CRDI Elegance,2019,142000,1350000,7
kia-sportage,Kia Sportage,Kia Sportage 1.6 CRDI Elegance,2019,74000,1725000,7
kia-sportage,Kia Sportage,Kia Sportage 1.6 CRDI Prestige,2019,106000,1695000,7
kia-sportage,Kia Sportage,Kia Sportage 1.6 CRDI Elegance Plus,2019,114000,1620000,7
kia-sportage,Kia Sportage,Kia Sportage 1.6 CRDI Elegance,2019,57500,1669000,7
kia-sportage,Kia Sportage,Kia Sportage 1.6 CRDI Prestige,2019,96000,1920000,7
kia-sportage,Kia Sportage,Kia Sportage 1.6 CRDI Elegance Vizyon,2019,111000,1670000,7
kia-sportage,Kia Sportage,Kia Sportage 1.6 CRDI Elegance,2019,119000,1750000,7
kia-sportage,Kia Sportage,Kia Sportage 1.6 CRDI Elegance,2019,82000,1670000,7
kia-sportage,Kia Sportage,Kia Sportage 1.6 CRDI Cool,2019,141987,1299900,7
kia-sportage,Kia Sportage,Kia Sportage 1.6 CRDI Elegance,2019,100000,1700000,7
kia-sportage,Kia Sportage,Kia Sportage 1.6 CRDI Elegance,2019,177000,1597000,7
kia-sportage,Kia Sportage,Kia Sportage 1.6 CRDI Elegance,2019,126152,1795000,7
kia-sportage,Kia Sportage,Kia Sportage 1.6 CRDI Elegance,2019,175000,1490000,7
kia-sportage,Kia Sportage,Kia Sportage 1.6 CRDI Elegance,2019,132000,1560000,7
kia-sportage,Kia Sportage,Kia Sportage 1.6 CRDI Prestige,2019,175000,1625000,7
kia-sportage,Kia Sportage,Kia Sportage 1.6 CRDI Cool,2019,141000,1440000,7
kia-sportage,Kia Sportage,Kia Sportage 1.6 CRDI Elegance,2019,159000,1505000,7
kia-sportage,Kia Sportage,Kia Sportage 1.6 CRDI Prestige,2019,121000,1680000,7
kia-sportage,Kia Sportage,Kia Sportage 1.6 CRDI Elegance,2019,177000,1440000,7
kia-sportage,Kia Sportage,Kia Sportage 1.6 CRDI Prestige,2019,66900,1820000,7
kia-sportage,Kia Sportage,Kia Sportage 1.6 CRDI Prestige,2019,113000,1745000,7
kia-sportage,Kia Sportage,Kia Sportage 1.6 CRDI Elegance,2019,201000,1400000,7
kia-sportage,Kia Sportage,Kia Sportage 1.6 CRDI Elegance,2019,151000,1595000,7
kia-sportage,Kia Sportage,Kia Sportage 1.6 CRDI Prestige,2019,174000,1465000,7
kia-sportage,Kia Sportage,Kia Sportage 1.6 CRDI Prestige,2019,101000,1695000,7
kia-sportage,Kia Sportage,Kia Sportage 1.6 CRDI Elegance,2019,204000,1445000,7
kia-sportage,Kia Sportage,Kia Sportage 1.6 CRDI Elegance Vizyon,2019,119000,1618000,7
kia-sportage,Kia Sportage,Kia Sportage 1.6 CRDI Elegance,2019,45000,1785000,7
kia-sportage,Kia Sportage,Kia Sportage 1.6 CRDI Prestige,2019,90000,1655000,7
kia-sportage,Kia Sportage,Kia Sportage 1.6 CRDI Prestige,2019,159000,1720000,7
kia-sportage,Kia Sportage,Kia Sportage 1.6 CRDI Elegance,2019,71000,1720000,7
kia-sportage,Kia Sportage,Kia Sportage 1.6 CRDI Cool,2019,42000,1600000,7
kia-sportage,Kia Sportage,Kia Sportage 1.6 CRDI Elegance,2019,91000,1720000,7
kia-sportage,Kia Sportage,Kia Sportage 1.6 CRDI Prestige,2019,108000,1750000,7
kia-sportage,Kia Sportage,Kia Sportage 1.6 CRDI Elegance Konfor,2019,108000,1800000,7
kia-sportage,Kia Sportage,Kia Sportage 1.6 CRDI Elegance,2019,80000,1780000,7
kia-sportage,Kia Sportage,Kia Sportage 1.6 CRDI Prestige,2019,138500,1680000,7
kia-sportage,Kia Sportage,Kia Sportage 1.6 CRDI Elegance,2019,104000,1600000,7
kia-sportage,Kia Sportage,Kia Sportage 1.6 CRDI Elegance Vizyon,2019,104550,1670000,7
kia-sportage,Kia Sportage,Kia Sportage 1.6 CRDI Elegance,2019,156000,1500000,7
kia-sportage,Kia Sportage,Kia Sportage 1.6 CRDI Elegance Vizyon,2019,107000,1750000,7
kia-sportage,Kia Sportage,Kia Sportage 1.6 CRDI Prestige,2019,74000,1745000,7
kia-sportage,Kia Sportage,Kia Sportage 1.6 CRDI Elegance,2019,206000,1410000,7
kia-sportage,Kia Sportage,Kia Sportage 1.6 CRDI Prestige,2019,110000,1750000,7
kia-sportage,Kia Sportage,Kia Sportage 1.6 CRDI Prestige,2019,181000,1620000,7
kia-sportage,Kia Sportage,Kia Sportage 1.6 CRDI Elegance,2019,148000,1520000,7
kia-sportage,Kia Sportage,Kia Sportage 1.6 CRDI Elegance,2019,158000,1535000,7
kia-sportage,Kia Sportage,Kia Sportage 1.6 CRDI Elegance,2019,144200,1550000,7
kia-sportage,Kia Sportage,Kia Sportage 1.6 CRDI Prestige Design,2020,88000,1865000,6
kia-sportage,Kia Sportage,Kia Sportage 1.6 CRDI Elegance,2020,121000,1600000,6
kia-sportage,Kia Sportage,Kia Sportage 1.6 CRDI Elegance,2020,255000,1320000,6
kia-sportage,Kia Sportage,Kia Sportage 1.6 CRDI Prestige Design,2020,17000,2035000,6
kia-sportage,Kia Sportage,Kia Sportage 1.6 CRDI Elegance,2020,138000,1579000,6
kia-sportage,Kia Sportage,Kia Sportage 1.6 CRDI Prestige Design,2020,61000,1945000,6
kia-sportage,Kia Sportage,Kia Sportage 1.6 CRDI Prestige,2020,112000,1720000,6
kia-sportage,Kia Sportage,Kia Sportage 1.6 CRDI Elegance,2020,105000,1610000,6
kia-sportage,Kia Sportage,Kia Sportage 1.6 CRDI Cool,2020,96000,1515900,6
kia-sportage,Kia Sportage,Kia Sportage 1.6 CRDI Elegance,2020,115000,1690000,6
kia-sportage,Kia Sportage,Kia Sportage 1.6 CRDI Elegance Vizyon,2020,150000,1295000,6
kia-sportage,Kia Sportage,Kia Sportage 1.6 CRDI Elegance Vizyon,2020,110000,1640000,6
kia-sportage,Kia Sportage,Kia Sportage 1.6 CRDI Prestige,2020,100000,1829900,6
kia-sportage,Kia Sportage,Kia Sportage 1.6 CRDI Elegance,2020,138000,1539000,6
kia-sportage,Kia Sportage,Kia Sportage 1.6 CRDI Prestige,2020,233000,1475000,6
kia-sportage,Kia Sportage,Kia Sportage 1.6 CRDI Prestige,2020,129000,1699000,6
kia-sportage,Kia Sportage,Kia Sportage 1.6 CRDI Prestige,2020,104000,1800000,6
kia-sportage,Kia Sportage,Kia Sportage 1.6 CRDI Elegance Plus,2020,131000,1610000,6
kia-sportage,Kia Sportage,Kia Sportage 1.6 CRDI Prestige,2020,56750,1919750,6
kia-sportage,Kia Sportage,Kia Sportage 1.6 CRDI Elegance,2020,91564,1565000,6
kia-sportage,Kia Sportage,Kia Sportage 1.6 CRDI Prestige Design,2020,123000,1660000,6
kia-sportage,Kia Sportage,Kia Sportage 1.6 CRDI Elegance Vizyon,2020,182000,1535000,6
kia-sportage,Kia Sportage,Kia Sportage 1.6 CRDI Elegance,2020,113000,1664900,6
kia-sportage,Kia Sportage,Kia Sportage 1.6 CRDI Elegance,2020,65500,1795000,6
kia-sportage,Kia Sportage,Kia Sportage 1.6 CRDI Prestige,2020,51000,1950000,6
kia-sportage,Kia Sportage,Kia Sportage 1.6 CRDI Elegance,2020,61500,1800000,6
kia-sportage,Kia Sportage,Kia Sportage 1.6 CRDI Elegance Vizyon,2020,173000,1475000,6
kia-sportage,Kia Sportage,Kia Sportage 1.6 CRDI Prestige,2020,82500,1759000,6
kia-sportage,Kia Sportage,Kia Sportage 1.6 CRDI Cool,2020,86000,1525000,6
kia-sportage,Kia Sportage,Kia Sportage 1.6 CRDI Cool,2020,130900,1525000,6
kia-sportage,Kia Sportage,Kia Sportage 1.6 CRDI Prestige,2020,91000,1855000,6
kia-sportage,Kia Sportage,Kia Sportage 1.6 CRDI Elegance,2020,102000,1645000,6
kia-sportage,Kia Sportage,Kia Sportage 1.6 CRDI Prestige,2020,225000,1325750,6
kia-sportage,Kia Sportage,Kia Sportage 1.6 CRDI Elegance,2020,20500,2000000,6
kia-sportage,Kia Sportage,Kia Sportage 1.6 CRDI Cool,2020,181000,1265000,6
kia-sportage,Kia Sportage,Kia Sportage 1.6 CRDI Prestige,2020,40000,1990000,6
kia-sportage,Kia Sportage,Kia Sportage 1.6 CRDI Elegance,2020,131943,1535000,6
kia-sportage,Kia Sportage,Kia Sportage 1.6 CRDI Elegance,2020,48500,1800000,6
kia-sportage,Kia Sportage,Kia Sportage 1.6 CRDI Prestige,2020,115500,1780000,6
kia-sportage,Kia Sportage,Kia Sportage 1.6 CRDI Elegance,2020,125000,1320000,6
kia-sportage,Kia Sportage,Kia Sportage 1.6 CRDI Cool,2020,191000,1365000,6
kia-sportage,Kia Sportage,Kia Sportage 1.6 CRDI Elegance Plus,2020,96500,1700000,6
kia-sportage,Kia Sportage,Kia Sportage 1.6 CRDI Prestige,2020,118000,1700000,6
kia-sportage,Kia Sportage,Kia Sportage 1.6 CRDI Prestige,2020,105000,1725000,6
kia-sportage,Kia Sportage,Kia Sportage 1.6 GDI Cool,2020,38000,1379000,6
kia-sportage,Kia Sportage,Kia Sportage 1.6 CRDI Elegance Plus,2020,72000,1710000,6
kia-sportage,Kia Sportage,Kia Sportage 1.6 CRDI Prestige,2020,97000,1800000,6
kia-sportage,Kia Sportage,Kia Sportage 1.6 GDI Cool,2020,40850,1400000,6
kia-sportage,Kia Sportage,Kia Sportage 1.6 CRDI Elegance,2020,133000,1695000,6
kia-sportage,Kia Sportage,Kia Sportage 1.6 CRDI Prestige Design,2020,94000,1845000,6
kia-sportage,Kia Sportage,Kia Sportage 1.6 CRDI Elegance,2020,176000,1539500,6
kia-sportage,Kia Sportage,Kia Sportage 1.6 CRDI Elegance Plus,2020,98000,1750000,6
kia-sportage,Kia Sportage,Kia Sportage 1.6 CRDI Elegance Plus,2020,143000,1659000,6
kia-sportage,Kia Sportage,Kia Sportage 1.6 CRDI Elegance Vizyon,2020,111946,1611000,6
kia-sportage,Kia Sportage,Kia Sportage 1.6 CRDI Elegance Vizyon,2020,119000,1615750,6
kia-sportage,Kia Sportage,Kia Sportage 1.6 CRDI Elegance,2020,93000,1795000,6
kia-sportage,Kia Sportage,Kia Sportage 1.6 CRDI Elegance,2020,192000,1369750,6
kia-sportage,Kia Sportage,Kia Sportage 1.6 CRDI Elegance,2020,86000,1730000,6
kia-sportage,Kia Sportage,Kia Sportage 1.6 CRDI Prestige,2020,145000,1690000,6
kia-sportage,Kia Sportage,Kia Sportage 1.6 CRDI Prestige,2020,145000,1550000,6
kia-sportage,Kia Sportage,Kia Sportage 1.6 CRDI Elegance,2020,92000,1649000,6
kia-sportage,Kia Sportage,Kia Sportage 1.6 CRDI Elegance Plus,2020,137600,1585000,6
kia-sportage,Kia Sportage,Kia Sportage 1.6 CRDI Prestige,2020,112000,1810000,6
kia-sportage,Kia Sportage,Kia Sportage 1.6 CRDI Elegance Plus,2020,76000,1700000,6
kia-sportage,Kia Sportage,Kia Sportage 1.6 CRDI Prestige,2020,92000,1775000,6
kia-sportage,Kia Sportage,Kia Sportage 1.6 CRDI Elegance,2020,77000,1850000,6
kia-sportage,Kia Sportage,Kia Sportage 1.6 CRDI Prestige,2020,180000,1550000,6
kia-sportage,Kia Sportage,Kia Sportage 1.6 CRDI Prestige,2020,159000,1529900,6
kia-sportage,Kia Sportage,Kia Sportage 1.6 CRDI Prestige,2020,194000,1648000,6
kia-sportage,Kia Sportage,Kia Sportage 1.6 CRDI Prestige,2020,89000,1700000,6
kia-sportage,Kia Sportage,Kia Sportage 1.6 CRDI Prestige,2020,98000,1775000,6
kia-sportage,Kia Sportage,Kia Sportage 1.6 CRDI Prestige,2020,100000,1595000,6
kia-sportage,Kia Sportage,Kia Sportage 1.6 CRDI Elegance,2020,85000,1750000,6
kia-sportage,Kia Sportage,Kia Sportage 1.6 CRDI Prestige,2020,129000,1579000,6
kia-sportage,Kia Sportage,Kia Sportage 1.6 CRDI Prestige,2020,102000,1780000,6
kia-sportage,Kia Sportage,Kia Sportage 1.6 CRDI Prestige,2020,100595,1800900,6
kia-sportage,Kia Sportage,Kia Sportage 1.6 CRDI Prestige,2020,138380,1697000,6
kia-sportage,Kia Sportage,Kia Sportage 1.6 CRDI Elegance Vizyon,2020,130000,1609000,6
kia-sportage,Kia Sportage,Kia Sportage 1.6 CRDI Elegance Plus,2020,172000,1550000,6
kia-sportage,Kia Sportage,Kia Sportage 1.6 CRDI Elegance Plus,2020,232630,1417000,6
kia-sportage,Kia Sportage,Kia Sportage 1.6 CRDI Cool,2020,128000,1570000,6
kia-sportage,Kia Sportage,Kia Sportage 1.6 CRDI Prestige,2020,80000,1825000,6
kia-sportage,Kia Sportage,Kia Sportage 1.6 CRDI Prestige,2020,98000,1809900,6
kia-sportage,Kia Sportage,Kia Sportage 1.6 CRDI Elegance,2020,123000,1565000,6
kia-sportage,Kia Sportage,Kia Sportage 1.6 CRDI Elegance,2020,86500,1710000,6
kia-sportage,Kia Sportage,Kia Sportage 1.6 CRDI Elegance,2020,136100,1645000,6
kia-sportage,Kia Sportage,Kia Sportage 1.6 CRDI Elegance,2020,256000,1475000,6
kia-sportage,Kia Sportage,Kia Sportage 1.6 CRDI Elegance Plus,2020,190000,1450000,6
kia-sportage,Kia Sportage,Kia Sportage 1.6 CRDI Prestige,2020,230000,1499900,6
kia-sportage,Kia Sportage,Kia Sportage 1.6 CRDI Elegance,2020,162000,1469000,6
kia-sportage,Kia Sportage,Kia Sportage 1.6 CRDI Cool,2020,50000,1670000,6
kia-sportage,Kia Sportage,Kia Sportage 1.6 CRDI Cool,2020,104700,1525000,6
kia-sportage,Kia Sportage,Kia Sportage 1.6 CRDI Elegance Plus,2020,38515,1865000,6
kia-sportage,Kia Sportage,Kia Sportage 1.6 CRDI Elegance Plus,2020,55200,2000000,6
kia-sportage,Kia Sportage,Kia Sportage 1.6 CRDI Prestige,2020,71000,1870000,6
kia-sportage,Kia Sportage,Kia Sportage 1.6 CRDI Prestige,2020,62000,1965000,6
kia-sportage,Kia Sportage,Kia Sportage 1.6 CRDI Elegance Plus,2020,80000,1585000,6
kia-sportage,Kia Sportage,Kia Sportage 1.6 CRDI Prestige Design,2020,193000,1435000,6
kia-sportage,Kia Sportage,Kia Sportage 1.6 CRDI Cool,2020,90000,1600000,6
kia-sportage,Kia Sportage,Kia Sportage 1.6 GDI Cool,2020,86000,1310000,6
kia-sportage,Kia Sportage,Kia Sportage 1.6 CRDI Elegance,2020,92000,1679000,6
kia-sportage,Kia Sportage,Kia Sportage 1.6 CRDI Prestige,2020,50000,2100000,6
kia-sportage,Kia Sportage,Kia Sportage 1.6 CRDI Elegance Plus,2020,83000,1795000,6
kia-sportage,Kia Sportage,Kia Sportage 1.6 CRDI Elegance,2020,104000,1650000,6
kia-sportage,Kia Sportage,Kia Sportage 1.6 CRDI Prestige,2020,72000,2100000,6
kia-sportage,Kia Sportage,Kia Sportage 1.6 CRDI Elegance Plus,2020,80000,1750000,6
kia-sportage,Kia Sportage,Kia Sportage 1.6 CRDI Elegance Konfor,2020,30700,1895000,6
kia-sportage,Kia Sportage,Kia Sportage 1.6 CRDI Prestige,2020,238000,1650000,6
kia-sportage,Kia Sportage,Kia Sportage 1.6 GDI Cool,2020,110000,1470000,6
kia-sportage,Kia Sportage,Kia Sportage 1.6 CRDI Elegance Plus,2020,147000,1610000,6
kia-sportage,Kia Sportage,Kia Sportage 1.6 CRDI Prestige,2020,140000,1270000,6
kia-sportage,Kia Sportage,Kia Sportage 1.6 CRDI Cool,2020,114000,1550000,6
kia-sportage,Kia Sportage,Kia Sportage 1.6 CRDI Elegance Plus,2020,94000,1750000,6
kia-sportage,Kia Sportage,Kia Sportage 1.6 CRDI Elegance,2020,225000,1400000,6
kia-sportage,Kia Sportage,Kia Sportage 1.6 CRDI Prestige,2020,73000,1750000,6
kia-sportage,Kia Sportage,Kia Sportage 1.6 CRDI Elegance,2021,82000,1720000,5
kia-sportage,Kia Sportage,Kia Sportage 1.6 GDI Cool,2021,62500,1400000,5
kia-sportage,Kia Sportage,Kia Sportage 1.6 GDI Cool,2021,69496,1395000,5
kia-sportage,Kia Sportage,Kia Sportage 1.6 GDI Cool,2021,48000,1500000,5
kia-sportage,Kia Sportage,Kia Sportage 1.6 GDI Cool,2021,70000,1375000,5
kia-sportage,Kia Sportage,Kia Sportage 1.6 GDI Cool,2021,13000,1470000,5
kia-sportage,Kia Sportage,Kia Sportage 1.6 CRDI Cool,2021,67500,1579000,5
kia-sportage,Kia Sportage,Kia Sportage 1.6 CRDI Prestige,2021,73000,1895000,5
kia-sportage,Kia Sportage,Kia Sportage 1.6 GDI Live,2021,65000,1300000,5
kia-sportage,Kia Sportage,Kia Sportage 1.6 CRDI Elegance,2021,81500,1690000,5
kia-sportage,Kia Sportage,Kia Sportage 1.6 GDI Cool,2021,72500,1490000,5
kia-sportage,Kia Sportage,Kia Sportage 1.6 GDI Cool,2021,102000,1285000,5
kia-sportage,Kia Sportage,Kia Sportage 1.6 CRDI Elegance,2021,60000,1795000,5
kia-sportage,Kia Sportage,Kia Sportage 1.6 GDI Cool,2021,59000,1470000,5
kia-sportage,Kia Sportage,Kia Sportage 1.6 GDI Cool,2021,24500,1455000,5
kia-sportage,Kia Sportage,Kia Sportage 1.6 GDI Cool,2021,60000,1449000,5
kia-sportage,Kia Sportage,Kia Sportage 1.6 GDI Cool,2021,60000,1340000,5
kia-sportage,Kia Sportage,Kia Sportage 1.6 CRDI Black Edition,2021,133000,1580000,5
kia-sportage,Kia Sportage,Kia Sportage 1.6 GDI Cool,2021,24500,1310000,5
kia-sportage,Kia Sportage,Kia Sportage 1.6 CRDI Prestige,2021,140000,1350000,5
kia-sportage,Kia Sportage,Kia Sportage 1.6 CRDI Prestige,2021,74000,1880000,5
kia-sportage,Kia Sportage,Kia Sportage 1.6 GDI Cool,2021,47500,1500000,5
kia-sportage,Kia Sportage,Kia Sportage 1.6 GDI Cool,2021,45550,1450000,5
kia-sportage,Kia Sportage,Kia Sportage 1.6 CRDI Elegance,2021,117000,1650000,5
kia-sportage,Kia Sportage,Kia Sportage 1.6 GDI Cool,2021,85000,1450000,5
kia-sportage,Kia Sportage,Kia Sportage 1.6 CRDI Prestige,2021,168000,1580000,5
kia-sportage,Kia Sportage,Kia Sportage 1.6 GDI Cool,2021,14500,1565000,5
kia-sportage,Kia Sportage,Kia Sportage 1.6 CRDI Cool,2021,16000,1859000,5
kia-sportage,Kia Sportage,Kia Sportage 1.6 CRDI Black Edition,2021,119000,1675000,5
kia-sportage,Kia Sportage,Kia Sportage 1.6 GDI Cool,2021,101000,1350000,5
kia-sportage,Kia Sportage,Kia Sportage 1.6 CRDI Black Edition,2021,82000,1699000,5
kia-sportage,Kia Sportage,Kia Sportage 1.6 GDI Cool,2021,98500,1260000,5
kia-sportage,Kia Sportage,Kia Sportage 1.6 CRDI Elegance,2021,140000,1580000,5
kia-sportage,Kia Sportage,Kia Sportage 1.6 GDI Cool,2021,70000,1425000,5
kia-sportage,Kia Sportage,Kia Sportage 1.6 GDI Cool,2021,60000,1450000,5
kia-sportage,Kia Sportage,Kia Sportage 1.6 GDI Cool,2021,78000,1350000,5
kia-sportage,Kia Sportage,Kia Sportage 1.6 GDI Cool,2021,17500,1469000,5
kia-sportage,Kia Sportage,Kia Sportage 1.6 CRDI Prestige,2021,165000,1699000,5
kia-sportage,Kia Sportage,Kia Sportage 1.6 GDI Cool,2021,54500,1430000,5
kia-sportage,Kia Sportage,Kia Sportage 1.6 GDI Live,2021,91000,1485000,5
kia-sportage,Kia Sportage,Kia Sportage 1.6 CRDI Prestige,2021,105000,1950000,5
kia-sportage,Kia Sportage,Kia Sportage 1.6 T-GDI Elegance Konfor,2022,111000,2095000,4
kia-sportage,Kia Sportage,Kia Sportage 1.6 T-GDI Prestige,2022,152000,2160000,4
kia-sportage,Kia Sportage,Kia Sportage 1.6 T-GDI Hibrit,2022,116000,2130000,4
kia-sportage,Kia Sportage,Kia Sportage 1.6 CRDI Hibrit Prestige,2022,89000,2250000,4
kia-sportage,Kia Sportage,Kia Sportage 1.6 CRDI Elegance Konfor,2022,56000,2150000,4
kia-sportage,Kia Sportage,Kia Sportage 1.6 T-GDI Elegance Konfor,2022,65000,2239000,4
kia-sportage,Kia Sportage,Kia Sportage 1.6 T-GDI Hibrit,2022,72850,1999900,4
kia-sportage,Kia Sportage,Kia Sportage 1.6 T-GDI Elegance Konfor,2022,54500,1975000,4
kia-sportage,Kia Sportage,Kia Sportage 1.6 CRDI Hibrit Elegance Konfor,2022,82680,1800000,4
kia-sportage,Kia Sportage,Kia Sportage 1.6 T-GDI Cool,2022,83125,1930000,4
kia-sportage,Kia Sportage,Kia Sportage 1.6 CRDI Hibrit Elegance Konfor,2022,105000,2038000,4
kia-sportage,Kia Sportage,Kia Sportage 1.6 CRDI Hibrit Prestige,2022,28500,2275000,4
kia-sportage,Kia Sportage,Kia Sportage 1.6 T-GDI Hibrit,2022,134000,2000000,4
kia-sportage,Kia Sportage,Kia Sportage 1.6 T-GDI Hibrit,2022,37500,2439000,4
kia-sportage,Kia Sportage,Kia Sportage 1.6 T-GDI Hibrit,2022,69000,2188000,4
kia-sportage,Kia Sportage,Kia Sportage 1.6 T-GDI Hibrit,2022,141622,1960000,4
kia-sportage,Kia Sportage,Kia Sportage 1.6 T-GDI Elegance Konfor,2022,91000,2010000,4
kia-sportage,Kia Sportage,Kia Sportage 1.6 T-GDI Hibrit,2022,130200,2050000,4
kia-sportage,Kia Sportage,Kia Sportage 1.6 T-GDI Hibrit,2022,121300,1980000,4
kia-sportage,Kia Sportage,Kia Sportage 1.6 T-GDI Hibrit,2022,77000,2035000,4
kia-sportage,Kia Sportage,Kia Sportage 1.6 CRDI Hibrit Elegance Konfor,2022,82000,2099000,4
kia-sportage,Kia Sportage,Kia Sportage 1.6 CRDI Hibrit Prestige,2022,54000,2130000,4
kia-sportage,Kia Sportage,Kia Sportage 1.6 T-GDI Elegance Konfor,2022,114000,1909000,4
kia-sportage,Kia Sportage,Kia Sportage 1.6 CRDI Hibrit Prestige,2022,117000,2165000,4
kia-sportage,Kia Sportage,Kia Sportage 1.6 T-GDI Hibrit,2022,81000,2205000,4
kia-sportage,Kia Sportage,Kia Sportage 1.6 CRDI Hibrit Prestige,2022,94000,2275000,4
kia-sportage,Kia Sportage,Kia Sportage 1.6 CRDI Hibrit Prestige,2022,92000,2175000,4
kia-sportage,Kia Sportage,Kia Sportage 1.6 CRDI Prestige,2022,90000,2400000,4
kia-sportage,Kia Sportage,Kia Sportage 1.6 T-GDI Hibrit,2022,79000,2345000,4
kia-sportage,Kia Sportage,Kia Sportage 1.6 T-GDI Elegance Konfor,2022,111000,1995000,4
kia-sportage,Kia Sportage,Kia Sportage 1.6 CRDI Hibrit Elegance Konfor,2022,78000,2149000,4
kia-sportage,Kia Sportage,Kia Sportage 1.6 T-GDI Elegance Konfor,2022,71000,2095000,4
kia-sportage,Kia Sportage,Kia Sportage 1.6 CRDI Hibrit Cool,2022,53500,2120000,4
kia-sportage,Kia Sportage,Kia Sportage 1.6 T-GDI Hibrit,2022,105000,1975000,4
kia-sportage,Kia Sportage,Kia Sportage 1.6 T-GDI Hibrit,2022,60700,2245000,4
kia-sportage,Kia Sportage,Kia Sportage 1.6 T-GDI Elegance Konfor,2022,59000,2025000,4
kia-sportage,Kia Sportage,Kia Sportage 1.6 T-GDI Hibrit,2022,67000,2289000,4
kia-sportage,Kia Sportage,Kia Sportage 1.6 CRDI Hibrit Elegance Konfor,2022,117000,2065000,4
kia-sportage,Kia Sportage,Kia Sportage 1.6 T-GDI Hibrit,2022,87000,2219000,4
kia-sportage,Kia Sportage,Kia Sportage 1.6 T-GDI Hibrit,2022,102310,2170000,4
kia-sportage,Kia Sportage,Kia Sportage 1.6 T-GDI Elegance Konfor,2022,33000,2250000,4
kia-sportage,Kia Sportage,Kia Sportage 1.6 T-GDI Prestige,2022,38000,2330000,4
kia-sportage,Kia Sportage,Kia Sportage 1.6 T-GDI Prestige Smart,2022,84500,2650000,4
kia-sportage,Kia Sportage,Kia Sportage 1.6 CRDI Elegance Konfor,2022,47000,2500000,4
kia-sportage,Kia Sportage,Kia Sportage 1.6 CRDI Hibrit Elegance Konfor,2022,49909,1875000,4
kia-sportage,Kia Sportage,Kia Sportage 1.6 CRDI Hibrit Prestige,2022,115000,2035000,4
kia-sportage,Kia Sportage,Kia Sportage 1.6 CRDI Hibrit Elegance Konfor,2022,147000,1850000,4
kia-sportage,Kia Sportage,Kia Sportage 1.6 CRDI Elegance Konfor,2022,36000,2350000,4
kia-sportage,Kia Sportage,Kia Sportage 1.6 CRDI Elegance Konfor,2022,34000,2350000,4
kia-sportage,Kia Sportage,Kia Sportage 1.6 T-GDI Prestige Smart,2022,75350,2495000,4
kia-sportage,Kia Sportage,Kia Sportage 1.6 T-GDI Elegance Konfor,2022,41500,2174000,4
kia-sportage,Kia Sportage,Kia Sportage 1.6 CRDI Prestige,2022,81850,2150000,4
kia-sportage,Kia Sportage,Kia Sportage 1.6 T-GDI Prestige,2022,41200,2350000,4
kia-sportage,Kia Sportage,Kia Sportage 1.6 CRDI Elegance Konfor,2022,46000,2170000,4
kia-sportage,Kia Sportage,Kia Sportage 1.6 T-GDI Elegance Konfor,2022,94000,1650000,4
kia-sportage,Kia Sportage,Kia Sportage 1.6 T-GDI Prestige,2022,41000,2600000,4
kia-sportage,Kia Sportage,Kia Sportage 1.6 T-GDI Prestige Smart,2022,130000,2250000,4
kia-sportage,Kia Sportage,Kia Sportage 1.6 CRDI Elegance Konfor,2022,136000,1960000,4
kia-sportage,Kia Sportage,Kia Sportage 1.6 T-GDI Prestige,2022,41000,2385000,4
kia-sportage,Kia Sportage,Kia Sportage 1.6 GDI Prestige,2022,62500,2355000,4
kia-sportage,Kia Sportage,Kia Sportage 1.6 CRDI Prestige,2022,108000,2000000,4
kia-sportage,Kia Sportage,Kia Sportage 1.6 T-GDI Elegance Konfor,2023,26000,2345000,3
kia-sportage,Kia Sportage,Kia Sportage 1.6 T-GDI Elegance Konfor,2023,45000,2285000,3
kia-sportage,Kia Sportage,Kia Sportage 1.6 T-GDI Prestige,2023,76000,2385000,3
kia-sportage,Kia Sportage,Kia Sportage 1.6 T-GDI Hibrit,2023,77000,2290000,3
kia-sportage,Kia Sportage,Kia Sportage 1.6 T-GDI Prestige Smart,2023,60000,2075000,3
kia-sportage,Kia Sportage,Kia Sportage 1.6 CRDI Prestige,2023,33200,2690000,3
kia-sportage,Kia Sportage,Kia Sportage 1.6 T-GDI Elegance Konfor,2023,19000,2450000,3
kia-sportage,Kia Sportage,Kia Sportage 1.6 T-GDI Elegance Konfor,2023,61000,2150000,3
kia-sportage,Kia Sportage,Kia Sportage 1.6 T-GDI Prestige,2023,47500,2470000,3
kia-sportage,Kia Sportage,Kia Sportage 1.6 T-GDI Prestige Smart,2023,97500,2419950,3
kia-sportage,Kia Sportage,Kia Sportage 1.6 T-GDI Hibrit,2023,16000,2740000,3
kia-sportage,Kia Sportage,Kia Sportage 1.6 T-GDI Hibrit,2023,58000,2445000,3
kia-sportage,Kia Sportage,Kia Sportage 1.6 T-GDI Hibrit,2023,17000,2185000,3
kia-sportage,Kia Sportage,Kia Sportage 1.6 T-GDI Hibrit,2023,34000,2175000,3
kia-sportage,Kia Sportage,Kia Sportage 1.6 T-GDI Hibrit,2023,30600,2180000,3
kia-sportage,Kia Sportage,Kia Sportage 1.6 T-GDI Prestige,2023,51000,2525000,3
kia-sportage,Kia Sportage,Kia Sportage 1.6 T-GDI Hibrit,2023,55000,2320000,3
kia-sportage,Kia Sportage,Kia Sportage 1.6 CRDI Hibrit Prestige,2023,21000,2510000,3
kia-sportage,Kia Sportage,Kia Sportage 1.6 CRDI Hibrit Cool,2023,47150,2050000,3
kia-sportage,Kia Sportage,Kia Sportage 1.6 T-GDI Prestige,2023,20000,2155000,3
kia-sportage,Kia Sportage,Kia Sportage 1.6 T-GDI Elegance Konfor,2023,43000,2095000,3
kia-sportage,Kia Sportage,Kia Sportage 1.6 T-GDI Elegance Konfor,2023,77000,2220000,3
kia-sportage,Kia Sportage,Kia Sportage 1.6 T-GDI Hibrit,2023,40000,2630000,3
kia-sportage,Kia Sportage,Kia Sportage 1.6 T-GDI Elegance Konfor,2023,47000,2270000,3
kia-sportage,Kia Sportage,Kia Sportage 1.6 T-GDI Hibrit,2023,54000,2369900,3
kia-sportage,Kia Sportage,Kia Sportage 1.6 T-GDI Elegance Konfor,2023,19500,2275000,3
kia-sportage,Kia Sportage,Kia Sportage 1.6 T-GDI Elegance Konfor,2023,33000,2279000,3
kia-sportage,Kia Sportage,Kia Sportage 1.6 T-GDI Prestige,2023,85000,2215000,3
kia-sportage,Kia Sportage,Kia Sportage 1.6 T-GDI Prestige,2023,31000,2298500,3
kia-sportage,Kia Sportage,Kia Sportage 1.6 CRDI Hibrit Prestige,2023,86300,2225000,3
kia-sportage,Kia Sportage,Kia Sportage 1.6 T-GDI Hibrit,2023,20000,2600000,3
kia-sportage,Kia Sportage,Kia Sportage 1.6 T-GDI Prestige,2023,75000,2385000,3
kia-sportage,Kia Sportage,Kia Sportage 1.6 CRDI Hibrit Cool,2023,31000,2490000,3
kia-sportage,Kia Sportage,Kia Sportage 1.6 T-GDI Prestige,2023,55000,2375000,3
kia-sportage,Kia Sportage,Kia Sportage 1.6 T-GDI Cool,2023,63500,1900000,3
kia-sportage,Kia Sportage,Kia Sportage 1.6 T-GDI Elegance Konfor,2023,42500,2300000,3
kia-sportage,Kia Sportage,Kia Sportage 1.6 T-GDI Prestige,2023,19800,2500000,3
kia-sportage,Kia Sportage,Kia Sportage 1.6 T-GDI Elegance Konfor,2023,44000,2350000,3
kia-sportage,Kia Sportage,Kia Sportage 1.6 T-GDI Elegance Konfor,2023,23000,2500000,3
kia-sportage,Kia Sportage,Kia Sportage 1.6 T-GDI Elegance Konfor,2023,37000,2290000,3
kia-sportage,Kia Sportage,Kia Sportage 1.6 CRDI Elegance Konfor,2023,11000,2450000,3
kia-sportage,Kia Sportage,Kia Sportage 1.6 T-GDI Prestige,2023,33200,2490000,3
kia-sportage,Kia Sportage,Kia Sportage 1.6 T-GDI Prestige,2023,51000,2410000,3
kia-sportage,Kia Sportage,Kia Sportage 1.6 T-GDI Elegance Konfor,2023,44000,2200000,3
kia-sportage,Kia Sportage,Kia Sportage 1.6 T-GDI Prestige,2023,29500,2450000,3
kia-sportage,Kia Sportage,Kia Sportage 1.6 T-GDI Elegance Konfor,2023,21000,2330000,3
kia-sportage,Kia Sportage,Kia Sportage 1.6 T-GDI Prestige,2023,22800,2490000,3
kia-sportage,Kia Sportage,Kia Sportage 1.6 T-GDI Prestige Plus,2024,24000,2680000,2
kia-sportage,Kia Sportage,Kia Sportage 1.6 T-GDI Prestige,2024,24000,2600000,2
kia-sportage,Kia Sportage,Kia Sportage 1.6 T-GDI Elegance Konfor,2024,30000,2350000,2
kia-sportage,Kia Sportage,Kia Sportage 1.6 T-GDI Elegance Konfor Plus,2024,27800,2450000,2
kia-sportage,Kia Sportage,Kia Sportage 1.6 T-GDI Elegance Konfor Plus,2024,24200,2285000,2
kia-sportage,Kia Sportage,Kia Sportage 1.6 T-GDI Hibrit,2024,21000,1975000,2
kia-sportage,Kia Sportage,Kia Sportage 1.6 T-GDI Hibrit,2024,22000,2680000,2
kia-sportage,Kia Sportage,Kia Sportage 1.6 T-GDI Elegance Konfor Plus,2024,29000,2350000,2
kia-sportage,Kia Sportage,Kia Sportage 1.6 T-GDI Prestige Plus,2024,59000,2515000,2
kia-sportage,Kia Sportage,Kia Sportage 1.6 T-GDI Elegance Konfor,2024,34000,2420000,2
kia-sportage,Kia Sportage,Kia Sportage 1.6 T-GDI Cool Plus,2024,20000,2125000,2
kia-sportage,Kia Sportage,Kia Sportage 1.6 T-GDI Elegance Konfor Plus,2024,33000,2385000,2
kia-sportage,Kia Sportage,Kia Sportage 1.6 T-GDI Cool Plus,2024,33200,2140000,2
kia-sportage,Kia Sportage,Kia Sportage 1.6 T-GDI Prestige Plus,2024,30000,2520000,2
kia-sportage,Kia Sportage,Kia Sportage 1.6 T-GDI Elegance Konfor Plus,2024,26667,2499000,2
kia-sportage,Kia Sportage,Kia Sportage 1.6 T-GDI Prestige Plus,2024,60000,2525000,2
kia-sportage,Kia Sportage,Kia Sportage 1.6 T-GDI Elegance Konfor Plus,2024,13000,2600000,2
kia-sportage,Kia Sportage,Kia Sportage 1.6 T-GDI Elegance Konfor Plus,2024,19500,2355000,2
kia-sportage,Kia Sportage,Kia Sportage 1.6 T-GDI Cool Plus,2024,81000,1969000,2
kia-sportage,Kia Sportage,Kia Sportage 1.6 T-GDI Elegance Konfor Plus,2024,23000,2395000,2
kia-sportage,Kia Sportage,Kia Sportage 1.6 T-GDI Prestige Smart,2024,95000,2525000,2
kia-sportage,Kia Sportage,Kia Sportage 1.6 T-GDI Elegance Konfor Plus,2024,36000,2295000,2
kia-sportage,Kia Sportage,Kia Sportage 1.6 T-GDI Prestige Plus,2024,76402,2490000,2
kia-sportage,Kia Sportage,Kia Sportage 1.6 CRDI Hibrit Prestige,2024,151500,2285000,2
kia-sportage,Kia Sportage,Kia Sportage 1.6 T-GDI Cool Plus,2024,20000,2149000,2
kia-sportage,Kia Sportage,Kia Sportage 1.6 T-GDI Hibrit,2024,50000,2495000,2
kia-sportage,Kia Sportage,Kia Sportage 1.6 CRDI Elegance Konfor,2024,18000,2470000,2
kia-sportage,Kia Sportage,Kia Sportage 1.6 T-GDI Elegance Konfor Plus,2024,25000,2400000,2
kia-sportage,Kia Sportage,Kia Sportage 1.6 T-GDI Cool Plus,2024,8500,2280000,2
kia-sportage,Kia Sportage,Kia Sportage 1.6 T-GDI Prestige,2024,19000,2650000,2
kia-sportage,Kia Sportage,Kia Sportage 1.6 T-GDI Elegance Konfor Plus,2024,20000,2370000,2
kia-sportage,Kia Sportage,Kia Sportage 1.6 T-GDI Elegance Konfor,2024,50000,2250000,2
kia-sportage,Kia Sportage,Kia Sportage 1.6 T-GDI Cool,2024,6500,2300000,2
kia-sportage,Kia Sportage,Kia Sportage 1.6 T-GDI Prestige,2024,14300,2520000,2
kia-sportage,Kia Sportage,Kia Sportage 1.6 T-GDI Prestige Plus,2024,25200,2650000,2
kia-sportage,Kia Sportage,Kia Sportage 1.6 T-GDI Elegance Konfor Plus,2024,15600,2380000,2
kia-sportage,Kia Sportage,Kia Sportage 1.6 T-GDI Live Plus,2024,37200,2038000,2
kia-sportage,Kia Sportage,Kia Sportage 1.6 T-GDI,2025,34600,2979000,1
kia-sportage,Kia Sportage,Kia Sportage 1.6 T-GDI Elegance Konfor,2025,6319,2495000,1
kia-sportage,Kia Sportage,Kia Sportage 1.6 T-GDI Elegance Konfor,2025,6001,2639000,1
kia-sportage,Kia Sportage,Kia Sportage 1.6 T-GDI,2025,7200,2475000,1
kia-sportage,Kia Sportage,Kia Sportage 1.6 T-GDI,2025,8400,2490000,1
kia-sportage,Kia Sportage,Kia Sportage 1.6 T-GDI,2025,15000,2435000,1
kia-sportage,Kia Sportage,Kia Sportage 1.6 T-GDI Elegance Konfor,2025,18000,2535000,1
kia-sportage,Kia Sportage,Kia Sportage 1.6 T-GDI Elegance Konfor,2025,23000,2415000,1
kia-sportage,Kia Sportage,Kia Sportage 1.6 T-GDI GT-Line Prestige,2025,6275,2750000,1
kia-sportage,Kia Sportage,Kia Sportage 1.6 T-GDI GT-Line Prestige,2025,34600,2979000,1
kia-sportage,Kia Sportage,Kia Sportage 1.6 T-GDI Elegance Konfor,2025,8000,2599000,1
kia-sportage,Kia Sportage,Kia Sportage 1.6 T-GDI Elegance Konfor,2025,8800,2549500,1
kia-sportage,Kia Sportage,Kia Sportage 1.6 T-GDI Elegance Konfor,2025,8400,2625000,1
kia-sportage,Kia Sportage,Kia Sportage 1.6 T-GDI Cool,2025,6100,2320000,1
kia-sportage,Kia Sportage,Kia Sportage 1.6 T-GDI GT-Line Prestige,2025,15559,3119750,1
kia-sportage,Kia Sportage,Kia Sportage 1.6 T-GDI Elegance Konfor,2025,6500,2450000,1
kia-sportage,Kia Sportage,Kia Sportage 1.6 T-GDI Elegance Konfor,2025,8800,2620000,1
kia-sportage,Kia Sportage,Kia Sportage 1.6 T-GDI Elegance Konfor,2025,6800,2640000,1
kia-sportage,Kia Sportage,Kia Sportage 1.6 T-GDI GT-Line Prestige,2025,11389,3080000,1
kia-sportage,Kia Sportage,Kia Sportage 1.6 T-GDI Hibrit,2025,20000,2748000,1
kia-sportage,Kia Sportage,Kia Sportage 1.6 T-GDI Elegance Konfor,2025,6500,2690000,1
kia-sportage,Kia Sportage,Kia Sportage 1.6 T-GDI Prestige,2025,18500,2800000,1
kia-sportage,Kia Sportage,Kia Sportage 1.6 T-GDI Elegance Konfor,2025,26000,2495000,1
kia-sportage,Kia Sportage,Kia Sportage 1.6 T-GDI Elegance Konfor,2025,25000,2580000,1
kia-sportage,Kia Sportage,Kia Sportage 1.6 T-GDI Elegance Konfor,2025,13000,2595000,1
kia-sportage,Kia Sportage,Kia Sportage 1.6 T-GDI Elegance Konfor,2025,9580,2395000,1
kia-sportage,Kia Sportage,Kia Sportage 1.6 T-GDI Hibrit,2025,23226,2235000,1
kia-sportage,Kia Sportage,Kia Sportage 1.6 T-GDI Hibrit,2025,22000,2240000,1
kia-sportage,Kia Sportage,Kia Sportage 1.6 T-GDI Hibrit,2025,6001,3000000,1
kia-sportage,Kia Sportage,Kia Sportage 1.6 T-GDI Elegance Konfor,2025,6001,2650000,1
kia-sportage,Kia Sportage,Kia Sportage 1.6 T-GDI Prestige,2025,6900,3100000,1
kia-sportage,Kia Sportage,Kia Sportage 1.6 T-GDI Hibrit,2025,24000,2779000,1
kia-sportage,Kia Sportage,Kia Sportage 1.6 T-GDI Elegance Konfor,2025,10600,2575000,1
kia-sportage,Kia Sportage,Kia Sportage 1.6 T-GDI Prestige,2025,6001,3075000,1
kia-sportage,Kia Sportage,Kia Sportage 1.6 T-GDI Prestige,2025,17000,2920000,1
kia-sportage,Kia Sportage,Kia Sportage 1.6 T-GDI,2025,6100,2560000,1
kia-sportage,Kia Sportage,Kia Sportage 1.6 T-GDI Hibrit,2025,22720,2695000,1
kia-sportage,Kia Sportage,Kia Sportage 1.6 T-GDI Hibrit,2025,16000,2719750,1
kia-sportage,Kia Sportage,Kia Sportage 1.6 T-GDI Hibrit,2025,11000,2685000,1
kia-sportage,Kia Sportage,Kia Sportage 1.6 T-GDI Hibrit,2025,14000,2320000,1
kia-sportage,Kia Sportage,Kia Sportage 1.6 T-GDI Cool,2025,6001,2490000,1
kia-sportage,Kia Sportage,Kia Sportage 1.6 T-GDI Elegance Konfor,2025,7000,2665000,1
kia-sportage,Kia Sportage,Kia Sportage 1.6 T-GDI Elegance Konfor,2025,6500,2619000,1
kia-sportage,Kia Sportage,Kia Sportage 1.6 T-GDI Elegance Konfor,2025,6001,2575000,1
kia-sportage,Kia Sportage,Kia Sportage 1.6 T-GDI Elegance Konfor,2025,7500,2750000,1
kia-sportage,Kia Sportage,Kia Sportage 1.6 T-GDI Prestige,2025,10500,2940000,1
kia-sportage,Kia Sportage,Kia Sportage 1.6 T-GDI GT-Line Prestige,2025,6010,3087000,1
kia-sportage,Kia Sportage,Kia Sportage 1.6 T-GDI Elegance Konfor,2025,23000,2450000,1
kia-sportage,Kia Sportage,Kia Sportage 1.6 T-GDI Prestige,2025,6001,3000000,1
kia-sportage,Kia Sportage,Kia Sportage 1.6 T-GDI,2025,6050,2310000,1
kia-sportage,Kia Sportage,Kia Sportage 1.6 T-GDI Prestige,2025,6001,3050000,1
kia-sportage,Kia Sportage,Kia Sportage 1.6 T-GDI Hibrit,2025,9700,2320000,1
kia-sportage,Kia Sportage,Kia Sportage 1.6 T-GDI Elegance Konfor,2025,19200,2650000,1
kia-sportage,Kia Sportage,Kia Sportage 1.6 T-GDI Live,2025,6001,2075000,1
kia-sportage,Kia Sportage,Kia Sportage 1.6 T-GDI Prestige,2025,18000,2800000,1
kia-sportage,Kia Sportage,Kia Sportage 1.6 T-GDI Cool,2025,6001,2400000,1
kia-sportage,Kia Sportage,Kia Sportage 1.6 T-GDI Elegance Konfor,2025,13500,2550000,1
kia-sportage,Kia Sportage,Kia Sportage 1.6 CRDI Elegance Konfor,2025,20000,2440000,1
kia-sportage,Kia Sportage,Kia Sportage 1.6 T-GDI,2025,8800,2515000,1
kia-sportage,Kia Sportage,Kia Sportage 1.6 T-GDI Prestige,2025,6001,2950000,1
kia-sportage,Kia Sportage,Kia Sportage 1.6 T-GDI Prestige,2025,6500,2850000,1
kia-sportage,Kia Sportage,Kia Sportage 1.6 T-GDI Cool,2025,12500,2300000,1
kia-sportage,Kia Sportage,Kia Sportage 1.6 T-GDI Prestige,2025,12500,2845000,1
kia-sportage,Kia Sportage,Kia Sportage 1.6 T-GDI Prestige,2025,6000,2950000,1
kia-sportage,Kia Sportage,Kia Sportage 1.6 CRDI Elegance Konfor,2025,6500,2800000,1
kia-sportage,Kia Sportage,Kia Sportage 1.6 T-GDI,2026,16000,2100000,0
kia-sportage,Kia Sportage,Kia Sportage 1.6 T-GDI Live,2026,6001,2015000,0
kia-sportage,Kia Sportage,Kia Sportage 1.6 T-GDI Live,2026,6500,2199000,0
kia-sportage,Kia Sportage,Kia Sportage 1.6 T-GDI Live,2026,6001,2165000,0
kia-sportage,Kia Sportage,Kia Sportage 1.6 T-GDI Live,2026,6001,2095000,0
kia-sportage,Kia Sportage,Kia Sportage 1.6 T-GDI Live,2026,6100,2050000,0
kia-sportage,Kia Sportage,Kia Sportage 1.6 T-GDI,2026,6100,2089000,0
kia-sportage,Kia Sportage,Kia Sportage 1.6 T-GDI Cool,2026,6001,2090000,0
kia-sportage,Kia Sportage,Kia Sportage 1.6 T-GDI,2026,6001,2070000,0
kia-sportage,Kia Sportage,Kia Sportage 1.6 T-GDI Cool,2026,6001,2090000,0
kia-sportage,Kia Sportage,Kia Sportage 1.6 T-GDI,2026,6001,2060000,0
kia-sportage,Kia Sportage,Kia Sportage 1.6 T-GDI,2026,6001,2005000,0
nissan-qashqai,Nissan Qashqai,Nissan Qashqai 1.6 dCi Sky Pack,2016,148000,1375000,10
nissan-qashqai,Nissan Qashqai,Nissan Qashqai 1.2 DIG-T Tekna,2016,69000,1385000,10
nissan-qashqai,Nissan Qashqai,Nissan Qashqai 1.2 DIG-T Sky Pack,2016,167000,1240000,10
nissan-qashqai,Nissan Qashqai,Nissan Qashqai 1.5 dCi Visia,2016,154000,1150000,10
nissan-qashqai,Nissan Qashqai,Nissan Qashqai 1.6 dCi Sky Pack,2016,201900,1130000,10
nissan-qashqai,Nissan Qashqai,Nissan Qashqai 1.6 dCi Black Edition,2016,157000,1400000,10
nissan-qashqai,Nissan Qashqai,Nissan Qashqai 1.6 dCi Platinum Premium Pack,2016,180000,1390000,10
nissan-qashqai,Nissan Qashqai,Nissan Qashqai 1.6 dCi Black Edition,2016,134000,1545000,10
nissan-qashqai,Nissan Qashqai,Nissan Qashqai 1.6 dCi Black Edition,2016,223000,1079000,10
nissan-qashqai,Nissan Qashqai,Nissan Qashqai 1.2 DIG-T Sky Pack,2016,84000,1445000,10
nissan-qashqai,Nissan Qashqai,Nissan Qashqai 1.5 dCi Black Edition,2016,182000,1240000,10
nissan-qashqai,Nissan Qashqai,Nissan Qashqai 1.6 dCi Tekna,2016,135000,1625000,10
nissan-qashqai,Nissan Qashqai,Nissan Qashqai 1.2 DIG-T Tekna,2016,69000,1350000,10
nissan-qashqai,Nissan Qashqai,Nissan Qashqai 1.6 dCi Sky Pack,2016,185000,1375000,10
nissan-qashqai,Nissan Qashqai,Nissan Qashqai 1.6 dCi Black Edition,2016,128000,1450000,10
nissan-qashqai,Nissan Qashqai,Nissan Qashqai 1.5 dCi Black Edition,2016,200000,1125000,10
nissan-qashqai,Nissan Qashqai,Nissan Qashqai 1.2 DIG-T Black Edition,2016,82147,1349000,10
nissan-qashqai,Nissan Qashqai,Nissan Qashqai 1.6 dCi Visia,2016,212000,1180000,10
nissan-qashqai,Nissan Qashqai,Nissan Qashqai 1.6 dCi Sky Pack,2016,78000,1530000,10
nissan-qashqai,Nissan Qashqai,Nissan Qashqai 1.5 dCi Sky Pack,2016,143000,1420000,10
nissan-qashqai,Nissan Qashqai,Nissan Qashqai 1.6 dCi Tekna Sky Pack,2016,65000,1470000,10
nissan-qashqai,Nissan Qashqai,Nissan Qashqai 1.6 dCi Platinum,2016,240000,975000,10
nissan-qashqai,Nissan Qashqai,Nissan Qashqai 1.6 dCi Platinum Premium Pack,2016,107000,1299000,10
nissan-qashqai,Nissan Qashqai,Nissan Qashqai 1.5 dCi Sky Pack,2016,124600,1425000,10
nissan-qashqai,Nissan Qashqai,Nissan Qashqai 1.5 dCi Sky Pack,2016,77000,1375000,10
nissan-qashqai,Nissan Qashqai,Nissan Qashqai 1.5 dCi Sky Pack,2016,193000,1315000,10
nissan-qashqai,Nissan Qashqai,Nissan Qashqai 1.5 dCi Sky Pack,2016,158000,1249000,10
nissan-qashqai,Nissan Qashqai,Nissan Qashqai 1.6 dCi Platinum Premium Pack,2016,149000,1379000,10
nissan-qashqai,Nissan Qashqai,Nissan Qashqai 1.6 dCi Black Edition,2016,134980,1395000,10
nissan-qashqai,Nissan Qashqai,Nissan Qashqai 1.6 dCi Sky Pack,2016,85000,1580000,10
nissan-qashqai,Nissan Qashqai,Nissan Qashqai 1.6 dCi Platinum Premium Pack,2016,150000,1330000,10
nissan-qashqai,Nissan Qashqai,Nissan Qashqai 1.6 dCi Sky Pack,2016,166000,1295000,10
nissan-qashqai,Nissan Qashqai,Nissan Qashqai 1.6 dCi Tekna,2016,87000,1389000,10
nissan-qashqai,Nissan Qashqai,Nissan Qashqai 1.2 DIG-T Tekna,2016,119000,1275000,10
nissan-qashqai,Nissan Qashqai,Nissan Qashqai 1.6 dCi Sky Pack,2016,95000,1400000,10
nissan-qashqai,Nissan Qashqai,Nissan Qashqai 1.6 dCi Black Edition,2016,94000,1160000,10
nissan-qashqai,Nissan Qashqai,Nissan Qashqai 1.6 dCi Platinum Premium Pack,2016,162000,1225000,10
nissan-qashqai,Nissan Qashqai,Nissan Qashqai 1.6 dCi Visia,2016,84000,1415000,10
nissan-qashqai,Nissan Qashqai,Nissan Qashqai 1.6 dCi Sky Pack,2016,140000,1495000,10
nissan-qashqai,Nissan Qashqai,Nissan Qashqai 1.6 dCi Sky Pack,2016,176000,1370000,10
nissan-qashqai,Nissan Qashqai,Nissan Qashqai 1.6 dCi Black Edition,2016,140000,1465000,10
nissan-qashqai,Nissan Qashqai,Nissan Qashqai 1.6 dCi Sky Pack,2016,91000,1585000,10
nissan-qashqai,Nissan Qashqai,Nissan Qashqai 1.2 DIG-T Sky Pack,2016,124200,1275000,10
nissan-qashqai,Nissan Qashqai,Nissan Qashqai 1.2 DIG-T Sky Pack,2016,44287,1499950,10
nissan-qashqai,Nissan Qashqai,Nissan Qashqai 1.2 DIG-T Sky Pack,2016,90000,1295000,10
nissan-qashqai,Nissan Qashqai,Nissan Qashqai 1.6 dCi Tekna,2016,151000,1309000,10
nissan-qashqai,Nissan Qashqai,Nissan Qashqai 1.6 dCi Platinum Premium Pack,2016,145000,1479500,10
nissan-qashqai,Nissan Qashqai,Nissan Qashqai 1.6 dCi Platinum Premium Pack,2016,164000,1355000,10
nissan-qashqai,Nissan Qashqai,Nissan Qashqai 1.6 dCi Platinum Premium Pack,2016,145000,1295000,10
nissan-qashqai,Nissan Qashqai,Nissan Qashqai 1.6 dCi Black Edition,2016,194000,1320000,10
nissan-qashqai,Nissan Qashqai,Nissan Qashqai 1.6 dCi Sky Pack,2016,151000,1500000,10
nissan-qashqai,Nissan Qashqai,Nissan Qashqai 1.6 dCi Platinum Premium Pack,2016,158000,1550000,10
nissan-qashqai,Nissan Qashqai,Nissan Qashqai 1.5 dCi Sky Pack,2016,155000,1365000,10
nissan-qashqai,Nissan Qashqai,Nissan Qashqai 1.5 dCi Visia,2016,193000,1150000,10
nissan-qashqai,Nissan Qashqai,Nissan Qashqai 1.5 dCi Visia,2016,208000,985000,10
nissan-qashqai,Nissan Qashqai,Nissan Qashqai 1.6 dCi Sky Pack,2016,299000,1100000,10
nissan-qashqai,Nissan Qashqai,Nissan Qashqai 1.6 dCi Sky Pack,2016,129500,1459000,10
nissan-qashqai,Nissan Qashqai,Nissan Qashqai 1.6 dCi Sky Pack,2016,97000,1435000,10
nissan-qashqai,Nissan Qashqai,Nissan Qashqai 1.6 dCi Platinum Premium Pack,2016,169500,1289000,10
nissan-qashqai,Nissan Qashqai,Nissan Qashqai 1.6 dCi Sky Pack,2016,249000,1225000,10
nissan-qashqai,Nissan Qashqai,Nissan Qashqai 1.6 dCi Visia,2016,169000,1199950,10
nissan-qashqai,Nissan Qashqai,Nissan Qashqai 1.5 dCi Visia,2016,186000,1199000,10
nissan-qashqai,Nissan Qashqai,Nissan Qashqai 1.6 dCi Sky Pack,2016,219000,1229850,10
nissan-qashqai,Nissan Qashqai,Nissan Qashqai 1.6 dCi Platinum Premium Pack,2016,167000,1385000,10
nissan-qashqai,Nissan Qashqai,Nissan Qashqai 1.6 dCi Sky Pack,2016,245000,1180000,10
nissan-qashqai,Nissan Qashqai,Nissan Qashqai 1.6 dCi Black Edition,2016,131000,1450000,10
nissan-qashqai,Nissan Qashqai,Nissan Qashqai 1.6 dCi Black Edition,2016,240000,1185000,10
nissan-qashqai,Nissan Qashqai,Nissan Qashqai 1.6 dCi Black Edition,2016,126000,1375000,10
nissan-qashqai,Nissan Qashqai,Nissan Qashqai 1.2 DIG-T Visia,2016,102800,1139000,10
nissan-qashqai,Nissan Qashqai,Nissan Qashqai 1.2 DIG-T Black Edition,2016,95500,1325000,10
nissan-qashqai,Nissan Qashqai,Nissan Qashqai 1.5 dCi Platinum Premium Pack,2016,167000,1310000,10
nissan-qashqai,Nissan Qashqai,Nissan Qashqai 1.2 DIG-T Visia,2016,64500,1185000,10
nissan-qashqai,Nissan Qashqai,Nissan Qashqai 1.6 dCi Sky Pack,2016,85000,1325000,10
nissan-qashqai,Nissan Qashqai,Nissan Qashqai 1.6 dCi Platinum Premium Pack,2016,226000,1350000,10
nissan-qashqai,Nissan Qashqai,Nissan Qashqai 1.6 dCi Platinum Premium Pack,2016,122000,1479999,10
nissan-qashqai,Nissan Qashqai,Nissan Qashqai 1.6 dCi Sky Pack,2016,170000,1315000,10
nissan-qashqai,Nissan Qashqai,Nissan Qashqai 1.6 dCi Black Edition,2016,140000,1439000,10
nissan-qashqai,Nissan Qashqai,Nissan Qashqai 1.6 dCi Sky Pack,2016,133000,1425000,10
nissan-qashqai,Nissan Qashqai,Nissan Qashqai 1.6 dCi Platinum Premium Pack,2016,170000,1370000,10
nissan-qashqai,Nissan Qashqai,Nissan Qashqai 1.5 dCi Sky Pack,2016,150000,1285000,10
nissan-qashqai,Nissan Qashqai,Nissan Qashqai 1.6 dCi Sky Pack,2016,153000,1300000,10
nissan-qashqai,Nissan Qashqai,Nissan Qashqai 1.6 dCi Black Edition,2016,186000,1339900,10
nissan-qashqai,Nissan Qashqai,Nissan Qashqai 1.6 dCi Black Edition,2016,128000,1460000,10
nissan-qashqai,Nissan Qashqai,Nissan Qashqai 1.6 dCi Black Edition,2016,165000,1380000,10
nissan-qashqai,Nissan Qashqai,Nissan Qashqai 1.6 dCi Black Edition,2016,47000,1542900,10
nissan-qashqai,Nissan Qashqai,Nissan Qashqai 1.2 DIG-T Sky Pack,2016,99000,1249000,10
nissan-qashqai,Nissan Qashqai,Nissan Qashqai 1.6 dCi Sky Pack,2016,136000,1487500,10
nissan-qashqai,Nissan Qashqai,Nissan Qashqai 1.6 dCi Sky Pack,2016,154000,1485000,10
nissan-qashqai,Nissan Qashqai,Nissan Qashqai 1.6 dCi Sky Pack,2016,130000,1439000,10
nissan-qashqai,Nissan Qashqai,Nissan Qashqai 1.6 dCi Sky Pack,2016,152000,1375000,10
nissan-qashqai,Nissan Qashqai,Nissan Qashqai 1.6 dCi Sky Pack,2016,197000,1315000,10
nissan-qashqai,Nissan Qashqai,Nissan Qashqai 1.6 dCi Sky Pack,2016,270000,1000000,10
nissan-qashqai,Nissan Qashqai,Nissan Qashqai 1.6 dCi Platinum Premium Pack,2016,259000,1015000,10
nissan-qashqai,Nissan Qashqai,Nissan Qashqai 1.6 dCi Platinum Premium Pack,2016,153000,1475000,10
nissan-qashqai,Nissan Qashqai,Nissan Qashqai 1.6 dCi Sky Pack,2016,223000,1185000,10
nissan-qashqai,Nissan Qashqai,Nissan Qashqai 1.6 dCi Platinum Premium Pack,2016,169000,1250000,10
nissan-qashqai,Nissan Qashqai,Nissan Qashqai 1.6 dCi Visia,2016,219000,1125000,10
nissan-qashqai,Nissan Qashqai,Nissan Qashqai 1.5 dCi Tekna,2016,183000,1315000,10
nissan-qashqai,Nissan Qashqai,Nissan Qashqai 1.5 dCi Sky Pack,2016,198800,1365000,10
nissan-qashqai,Nissan Qashqai,Nissan Qashqai 1.6 dCi Platinum Premium Pack,2016,117000,1478000,10
nissan-qashqai,Nissan Qashqai,Nissan Qashqai 1.6 dCi Platinum Premium Pack,2016,156000,1460000,10
nissan-qashqai,Nissan Qashqai,Nissan Qashqai 1.6 dCi Platinum Premium Pack,2016,133000,1265000,10
nissan-qashqai,Nissan Qashqai,Nissan Qashqai 1.2 DIG-T Tekna,2016,186000,1115000,10
nissan-qashqai,Nissan Qashqai,Nissan Qashqai 1.2 DIG-T Sky Pack,2016,200000,1050000,10
nissan-qashqai,Nissan Qashqai,Nissan Qashqai 1.2 DIG-T Tekna,2016,120000,1210000,10
nissan-qashqai,Nissan Qashqai,Nissan Qashqai 1.6 dCi Black Edition,2016,187700,1200000,10
nissan-qashqai,Nissan Qashqai,Nissan Qashqai 1.6 dCi Tekna,2016,290000,1000000,10
nissan-qashqai,Nissan Qashqai,Nissan Qashqai 1.6 dCi Black Edition,2016,94800,1500000,10
nissan-qashqai,Nissan Qashqai,Nissan Qashqai 1.5 dCi Platinum Premium Pack,2016,160000,1299900,10
nissan-qashqai,Nissan Qashqai,Nissan Qashqai 1.6 dCi Platinum Premium Pack,2016,48000,1485000,10
nissan-qashqai,Nissan Qashqai,Nissan Qashqai 1.5 dCi Black Edition,2016,96722,1380000,10
nissan-qashqai,Nissan Qashqai,Nissan Qashqai 1.2 DIG-T Tekna,2016,113000,1289000,10
nissan-qashqai,Nissan Qashqai,Nissan Qashqai 1.6 dCi Black Edition,2016,178000,1324900,10
nissan-qashqai,Nissan Qashqai,Nissan Qashqai 1.6 dCi Platinum Premium Pack,2016,129000,1475000,10
nissan-qashqai,Nissan Qashqai,Nissan Qashqai 1.2 DIG-T Platinum Premium Pack,2016,129000,1468000,10
nissan-qashqai,Nissan Qashqai,Nissan Qashqai 1.6 dCi Sky Pack,2016,195000,1200000,10
nissan-qashqai,Nissan Qashqai,Nissan Qashqai 1.6 dCi Black Edition,2016,148600,1379000,10
nissan-qashqai,Nissan Qashqai,Nissan Qashqai 1.6 dCi Platinum Premium Pack,2016,183000,1550000,10
nissan-qashqai,Nissan Qashqai,Nissan Qashqai 1.2 DIG-T Sky Pack,2016,109000,1297500,10
nissan-qashqai,Nissan Qashqai,Nissan Qashqai 1.5 dCi Sky Pack,2016,92000,1435000,10
nissan-qashqai,Nissan Qashqai,Nissan Qashqai 1.6 dCi Black Edition,2016,162000,1255000,10
nissan-qashqai,Nissan Qashqai,Nissan Qashqai 1.6 dCi Visia,2016,184000,1245000,10
nissan-qashqai,Nissan Qashqai,Nissan Qashqai 1.5 dCi Sky Pack,2016,207000,1195000,10
nissan-qashqai,Nissan Qashqai,Nissan Qashqai 1.6 dCi Black Edition,2016,112000,1579000,10
nissan-qashqai,Nissan Qashqai,Nissan Qashqai 1.6 dCi Black Edition,2016,108000,1389000,10
nissan-qashqai,Nissan Qashqai,Nissan Qashqai 1.6 dCi Black Edition,2016,187500,1295000,10
nissan-qashqai,Nissan Qashqai,Nissan Qashqai 1.2 DIG-T Tekna Sky Pack,2016,70000,1369900,10
nissan-qashqai,Nissan Qashqai,Nissan Qashqai 1.2 DIG-T Black Edition,2016,128000,1320000,10
nissan-qashqai,Nissan Qashqai,Nissan Qashqai 1.2 DIG-T Sky Pack,2016,132000,1210000,10
nissan-qashqai,Nissan Qashqai,Nissan Qashqai 1.2 DIG-T Sky Pack,2016,107000,1259000,10
nissan-qashqai,Nissan Qashqai,Nissan Qashqai 1.2 DIG-T Tekna,2016,80000,1289000,10
nissan-qashqai,Nissan Qashqai,Nissan Qashqai 1.2 DIG-T Tekna,2016,75696,1299000,10
nissan-qashqai,Nissan Qashqai,Nissan Qashqai 1.2 DIG-T Sky Pack,2016,103000,1280000,10
nissan-qashqai,Nissan Qashqai,Nissan Qashqai 1.2 DIG-T Tekna,2016,38618,1295000,10
nissan-qashqai,Nissan Qashqai,Nissan Qashqai 1.2 DIG-T Sky Pack,2016,154500,1245000,10
nissan-qashqai,Nissan Qashqai,Nissan Qashqai 1.2 DIG-T Sky Pack,2016,150000,1099000,10
nissan-qashqai,Nissan Qashqai,Nissan Qashqai 1.5 dCi Black Edition,2016,140000,1445000,10
nissan-qashqai,Nissan Qashqai,Nissan Qashqai 1.5 dCi Sky Pack,2016,150000,1420000,10
nissan-qashqai,Nissan Qashqai,Nissan Qashqai 1.6 dCi Black Edition,2016,100000,1477000,10
nissan-qashqai,Nissan Qashqai,Nissan Qashqai 1.2 DIG-T Sky Pack,2016,182000,1095000,10
nissan-qashqai,Nissan Qashqai,Nissan Qashqai 1.5 dCi Visia,2017,194890,1255900,9
nissan-qashqai,Nissan Qashqai,Nissan Qashqai 1.6 dCi Visia,2017,121000,1405000,9
nissan-qashqai,Nissan Qashqai,Nissan Qashqai 1.6 dCi Sky Pack,2017,140000,1510000,9
nissan-qashqai,Nissan Qashqai,Nissan Qashqai 1.5 dCi Visia,2017,156000,1315000,9
nissan-qashqai,Nissan Qashqai,Nissan Qashqai 1.6 dCi Design Pack,2017,125000,1650000,9
nissan-qashqai,Nissan Qashqai,Nissan Qashqai 1.6 dCi Tekna,2017,230000,1350000,9
nissan-qashqai,Nissan Qashqai,Nissan Qashqai 1.2 DIG-T Visia,2017,148000,1155000,9
nissan-qashqai,Nissan Qashqai,Nissan Qashqai 1.5 dCi Tekna,2017,304000,1020000,9
nissan-qashqai,Nissan Qashqai,Nissan Qashqai 1.6 dCi Black Edition,2017,139200,1549000,9
nissan-qashqai,Nissan Qashqai,Nissan Qashqai 1.6 dCi Platinum Premium Pack,2017,160000,1565000,9
nissan-qashqai,Nissan Qashqai,Nissan Qashqai 1.5 dCi Sky Pack,2017,99000,1477500,9
nissan-qashqai,Nissan Qashqai,Nissan Qashqai 1.5 dCi Sky Pack,2017,120000,1525000,9
nissan-qashqai,Nissan Qashqai,Nissan Qashqai 1.5 dCi Sky Pack,2017,163427,1460000,9
nissan-qashqai,Nissan Qashqai,Nissan Qashqai 1.5 dCi Sky Pack,2017,145000,1475000,9
nissan-qashqai,Nissan Qashqai,Nissan Qashqai 1.5 dCi Sky Pack,2017,92000,1529950,9
nissan-qashqai,Nissan Qashqai,Nissan Qashqai 1.5 dCi Sky Pack,2017,204000,1355000,9
nissan-qashqai,Nissan Qashqai,Nissan Qashqai 1.6 dCi Tekna,2017,162000,1389000,9
nissan-qashqai,Nissan Qashqai,Nissan Qashqai 1.2 DIG-T Black Edition,2017,115000,1395000,9
nissan-qashqai,Nissan Qashqai,Nissan Qashqai 1.6 dCi Tekna,2017,127000,1535000,9
nissan-qashqai,Nissan Qashqai,Nissan Qashqai 1.6 dCi Platinum Premium Pack,2017,135000,1359000,9
nissan-qashqai,Nissan Qashqai,Nissan Qashqai 1.6 dCi Platinum Premium Pack,2017,138000,1420000,9
nissan-qashqai,Nissan Qashqai,Nissan Qashqai 1.6 dCi Sky Pack,2017,87000,1625000,9
nissan-qashqai,Nissan Qashqai,Nissan Qashqai 1.5 dCi Sky Pack,2017,83927,1450000,9
nissan-qashqai,Nissan Qashqai,Nissan Qashqai 1.6 dCi Tekna,2017,99000,1439900,9
nissan-qashqai,Nissan Qashqai,Nissan Qashqai 1.5 dCi Tekna,2017,133000,1205000,9
nissan-qashqai,Nissan Qashqai,Nissan Qashqai 1.5 dCi Tekna,2017,29000,1620000,9
nissan-qashqai,Nissan Qashqai,Nissan Qashqai 1.5 dCi Sky Pack,2017,155000,1588000,9
nissan-qashqai,Nissan Qashqai,Nissan Qashqai 1.6 dCi Design Pack,2017,186000,1400000,9
nissan-qashqai,Nissan Qashqai,Nissan Qashqai 1.2 DIG-T Sky Pack,2017,137000,1375000,9
nissan-qashqai,Nissan Qashqai,Nissan Qashqai 1.6 dCi Tekna,2017,143000,1325000,9
nissan-qashqai,Nissan Qashqai,Nissan Qashqai 1.6 dCi Sky Pack,2017,107000,1515000,9
nissan-qashqai,Nissan Qashqai,Nissan Qashqai 1.6 dCi Platinum Premium Pack,2017,86000,1758750,9
nissan-qashqai,Nissan Qashqai,Nissan Qashqai 1.6 dCi Platinum Premium Pack,2017,186000,1269000,9
nissan-qashqai,Nissan Qashqai,Nissan Qashqai 1.6 dCi Platinum Premium Pack,2017,182600,1399500,9
nissan-qashqai,Nissan Qashqai,Nissan Qashqai 1.6 dCi Design Pack,2017,130000,1550000,9
nissan-qashqai,Nissan Qashqai,Nissan Qashqai 1.6 dCi Sky Pack,2017,93700,1470000,9
nissan-qashqai,Nissan Qashqai,Nissan Qashqai 1.5 dCi Visia,2017,96000,1399000,9
nissan-qashqai,Nissan Qashqai,Nissan Qashqai 1.2 DIG-T Design Pack,2017,82000,1435000,9
nissan-qashqai,Nissan Qashqai,Nissan Qashqai 1.6 dCi Design Pack,2017,54200,1669750,9
nissan-qashqai,Nissan Qashqai,Nissan Qashqai 1.6 dCi Tekna,2017,238000,1125000,9
nissan-qashqai,Nissan Qashqai,Nissan Qashqai 1.6 dCi Sky Pack,2017,69000,1628000,9
nissan-qashqai,Nissan Qashqai,Nissan Qashqai 1.6 dCi Design Pack,2017,174000,1370000,9
nissan-qashqai,Nissan Qashqai,Nissan Qashqai 1.2 DIG-T Sky Pack,2017,117983,1409900,9
nissan-qashqai,Nissan Qashqai,Nissan Qashqai 1.6 dCi Tekna,2017,164890,1289000,9
nissan-qashqai,Nissan Qashqai,Nissan Qashqai 1.6 dCi Tekna,2017,145000,1420000,9
nissan-qashqai,Nissan Qashqai,Nissan Qashqai 1.6 dCi Tekna Sky Pack,2017,275000,1045000,9
nissan-qashqai,Nissan Qashqai,Nissan Qashqai 1.5 dCi Tekna,2017,230000,1175000,9
nissan-qashqai,Nissan Qashqai,Nissan Qashqai 1.5 dCi Tekna,2017,105000,1360000,9
nissan-qashqai,Nissan Qashqai,Nissan Qashqai 1.5 dCi Sky Pack,2017,186000,1185000,9
nissan-qashqai,Nissan Qashqai,Nissan Qashqai 1.5 dCi Sky Pack,2017,143000,1420000,9
nissan-qashqai,Nissan Qashqai,Nissan Qashqai 1.5 dCi Sky Pack,2017,128000,1599000,9
nissan-qashqai,Nissan Qashqai,Nissan Qashqai 1.5 dCi Black Edition,2017,125000,1357000,9
nissan-qashqai,Nissan Qashqai,Nissan Qashqai 1.5 dCi Tekna,2017,171000,1290000,9
nissan-qashqai,Nissan Qashqai,Nissan Qashqai 1.6 dCi Black Edition,2017,98000,1350000,9
nissan-qashqai,Nissan Qashqai,Nissan Qashqai 1.6 dCi Sky Pack,2017,35500,1695000,9
nissan-qashqai,Nissan Qashqai,Nissan Qashqai 1.6 dCi Sky Pack,2017,112000,1645000,9
nissan-qashqai,Nissan Qashqai,Nissan Qashqai 1.6 dCi Sky Pack,2017,107000,1690000,9
nissan-qashqai,Nissan Qashqai,Nissan Qashqai 1.6 dCi Sky Pack,2017,104000,1470000,9
nissan-qashqai,Nissan Qashqai,Nissan Qashqai 1.6 dCi Sky Pack,2017,144000,1450000,9
nissan-qashqai,Nissan Qashqai,Nissan Qashqai 1.6 dCi Sky Pack,2017,85000,1499999,9
nissan-qashqai,Nissan Qashqai,Nissan Qashqai 1.6 dCi Sky Pack,2017,192000,1475000,9
nissan-qashqai,Nissan Qashqai,Nissan Qashqai 1.6 dCi Sky Pack,2017,159000,1395000,9
nissan-qashqai,Nissan Qashqai,Nissan Qashqai 1.6 dCi Sky Pack,2017,105000,1275000,9
nissan-qashqai,Nissan Qashqai,Nissan Qashqai 1.6 dCi Sky Pack,2017,168000,1125000,9
nissan-qashqai,Nissan Qashqai,Nissan Qashqai 1.6 dCi Tekna,2017,179000,1199000,9
nissan-qashqai,Nissan Qashqai,Nissan Qashqai 1.6 dCi Visia,2017,129000,1425000,9
nissan-qashqai,Nissan Qashqai,Nissan Qashqai 1.6 dCi Platinum Premium Pack,2017,196000,1315000,9
nissan-qashqai,Nissan Qashqai,Nissan Qashqai 1.5 dCi Black Edition,2017,120000,1318750,9
nissan-qashqai,Nissan Qashqai,Nissan Qashqai 1.6 dCi Sky Pack,2017,150000,1510000,9
nissan-qashqai,Nissan Qashqai,Nissan Qashqai 1.6 dCi Black Edition,2017,121000,1587000,9
nissan-qashqai,Nissan Qashqai,Nissan Qashqai 1.6 dCi Sky Pack,2017,142000,1395000,9
nissan-qashqai,Nissan Qashqai,Nissan Qashqai 1.6 dCi Platinum Premium Pack,2017,162000,1500000,9
nissan-qashqai,Nissan Qashqai,Nissan Qashqai 1.6 dCi Platinum Premium Pack,2017,175000,1250000,9
nissan-qashqai,Nissan Qashqai,Nissan Qashqai 1.6 dCi Design Pack,2017,97000,1670000,9
nissan-qashqai,Nissan Qashqai,Nissan Qashqai 1.2 DIG-T Sky Pack,2017,116000,1223000,9
nissan-qashqai,Nissan Qashqai,Nissan Qashqai 1.6 dCi Black Edition,2017,44000,1765000,9
nissan-qashqai,Nissan Qashqai,Nissan Qashqai 1.6 dCi Black Edition,2017,290000,1200000,9
nissan-qashqai,Nissan Qashqai,Nissan Qashqai 1.6 dCi Tekna,2017,218000,1170000,9
nissan-qashqai,Nissan Qashqai,Nissan Qashqai 1.6 dCi Design Pack,2017,290000,1050000,9
nissan-qashqai,Nissan Qashqai,Nissan Qashqai 1.2 DIG-T Tekna,2017,131000,1260000,9
nissan-qashqai,Nissan Qashqai,Nissan Qashqai 1.5 dCi Tekna,2017,101000,1374000,9
nissan-qashqai,Nissan Qashqai,Nissan Qashqai 1.5 dCi Sky Pack,2017,89000,1250000,9
nissan-qashqai,Nissan Qashqai,Nissan Qashqai 1.6 dCi Black Edition,2017,145000,1290000,9
nissan-qashqai,Nissan Qashqai,Nissan Qashqai 1.5 dCi Tekna,2017,125000,1375000,9
nissan-qashqai,Nissan Qashqai,Nissan Qashqai 1.6 dCi Sky Pack,2017,116000,1740000,9
nissan-qashqai,Nissan Qashqai,Nissan Qashqai 1.6 dCi Black Edition,2017,48000,1750000,9
nissan-qashqai,Nissan Qashqai,Nissan Qashqai 1.6 dCi Design Pack,2017,152000,1520000,9
nissan-qashqai,Nissan Qashqai,Nissan Qashqai 1.6 dCi Design Pack,2017,204000,1265000,9
nissan-qashqai,Nissan Qashqai,Nissan Qashqai 1.6 dCi Visia,2017,99000,1370000,9
nissan-qashqai,Nissan Qashqai,Nissan Qashqai 1.6 dCi Sky Pack,2017,126000,1425000,9
nissan-qashqai,Nissan Qashqai,Nissan Qashqai 1.6 dCi Visia,2017,165000,1265000,9
nissan-qashqai,Nissan Qashqai,Nissan Qashqai 1.6 dCi Sky Pack,2017,128780,1569000,9
nissan-qashqai,Nissan Qashqai,Nissan Qashqai 1.6 dCi Black Edition,2017,98000,1369000,9
nissan-qashqai,Nissan Qashqai,Nissan Qashqai 1.6 Black Edition,2017,150810,1255000,9
nissan-qashqai,Nissan Qashqai,Nissan Qashqai 1.2 DIG-T Design Pack,2017,88000,1460000,9
nissan-qashqai,Nissan Qashqai,Nissan Qashqai 1.2 DIG-T Black Edition,2017,130000,1410000,9
nissan-qashqai,Nissan Qashqai,Nissan Qashqai 1.2 DIG-T Black Edition,2017,105000,1315000,9
nissan-qashqai,Nissan Qashqai,Nissan Qashqai 1.5 dCi Sky Pack,2017,156000,1480000,9
nissan-qashqai,Nissan Qashqai,Nissan Qashqai 1.6 dCi Design Pack,2017,120000,1635000,9
nissan-qashqai,Nissan Qashqai,Nissan Qashqai 1.6 dCi Platinum Premium Pack,2017,63000,1745000,9
nissan-qashqai,Nissan Qashqai,Nissan Qashqai 1.6 dCi Platinum Premium Pack,2017,103390,1660000,9
nissan-qashqai,Nissan Qashqai,Nissan Qashqai 1.6 dCi Black Edition,2017,109000,1580000,9
nissan-qashqai,Nissan Qashqai,Nissan Qashqai 1.6 dCi Design Pack,2017,136500,1499919,9
nissan-qashqai,Nissan Qashqai,Nissan Qashqai 1.6 dCi Design Pack,2017,166000,1493000,9
nissan-qashqai,Nissan Qashqai,Nissan Qashqai 1.2 DIG-T Sky Pack,2017,171000,1175000,9
nissan-qashqai,Nissan Qashqai,Nissan Qashqai 1.6 dCi Sky Pack,2017,174000,1389000,9
nissan-qashqai,Nissan Qashqai,Nissan Qashqai 1.6 dCi Platinum Premium Pack,2017,210773,1190000,9
nissan-qashqai,Nissan Qashqai,Nissan Qashqai 1.6 dCi Sky Pack,2017,320000,1275000,9
nissan-qashqai,Nissan Qashqai,Nissan Qashqai 1.5 dCi Sky Pack,2017,88000,1685000,9
nissan-qashqai,Nissan Qashqai,Nissan Qashqai 1.5 dCi Sky Pack,2017,92000,1520000,9
nissan-qashqai,Nissan Qashqai,Nissan Qashqai 1.6 dCi Design Pack,2017,165000,1345000,9
nissan-qashqai,Nissan Qashqai,Nissan Qashqai 1.6 dCi Platinum Premium Pack,2017,136000,1729000,9
nissan-qashqai,Nissan Qashqai,Nissan Qashqai 1.5 dCi Sky Pack,2017,68000,1530000,9
nissan-qashqai,Nissan Qashqai,Nissan Qashqai 1.5 dCi Sky Pack,2017,30500,1650000,9
nissan-qashqai,Nissan Qashqai,Nissan Qashqai 1.6 dCi Black Edition,2017,84700,1620000,9
nissan-qashqai,Nissan Qashqai,Nissan Qashqai 1.6 dCi Design Pack,2017,147000,1510000,9
nissan-qashqai,Nissan Qashqai,Nissan Qashqai 1.5 dCi Sky Pack,2017,249000,1190000,9
nissan-qashqai,Nissan Qashqai,Nissan Qashqai 1.6 dCi Tekna,2017,239000,1250000,9
nissan-qashqai,Nissan Qashqai,Nissan Qashqai 1.6 dCi Sky Pack,2017,121295,1460000,9
nissan-qashqai,Nissan Qashqai,Nissan Qashqai 1.2 DIG-T Sky Pack,2017,126000,1319000,9
nissan-qashqai,Nissan Qashqai,Nissan Qashqai 1.2 DIG-T Tekna,2017,164500,1130000,9
nissan-qashqai,Nissan Qashqai,Nissan Qashqai 1.2 DIG-T Black Edition,2017,69000,1380000,9
nissan-qashqai,Nissan Qashqai,Nissan Qashqai 1.6 dCi Black Edition,2017,258000,1200000,9
nissan-qashqai,Nissan Qashqai,Nissan Qashqai 1.6 dCi Black Edition,2017,127000,1520000,9
nissan-qashqai,Nissan Qashqai,Nissan Qashqai 1.5 dCi Sky Pack,2017,120000,1459750,9
nissan-qashqai,Nissan Qashqai,Nissan Qashqai 1.6 dCi Black Edition,2017,95000,1560000,9
nissan-qashqai,Nissan Qashqai,Nissan Qashqai 1.6 dCi Design Pack,2017,132850,1655000,9
nissan-qashqai,Nissan Qashqai,Nissan Qashqai 1.2 DIG-T Visia,2017,143000,1300000,9
nissan-qashqai,Nissan Qashqai,Nissan Qashqai 1.5 dCi Design Pack,2017,100000,1690000,9
nissan-qashqai,Nissan Qashqai,Nissan Qashqai 1.6 dCi Sky Pack,2017,151000,1550000,9
nissan-qashqai,Nissan Qashqai,Nissan Qashqai 1.2 DIG-T Design Pack,2017,41975,1539750,9
nissan-qashqai,Nissan Qashqai,Nissan Qashqai 1.6 dCi Tekna,2017,113000,1425000,9
nissan-qashqai,Nissan Qashqai,Nissan Qashqai 1.6 dCi Sky Pack,2017,186200,1395000,9
nissan-qashqai,Nissan Qashqai,Nissan Qashqai 1.6 dCi Platinum Premium Pack,2017,192000,1450000,9
nissan-qashqai,Nissan Qashqai,Nissan Qashqai 1.5 dCi Tekna,2017,81500,1550000,9
nissan-qashqai,Nissan Qashqai,Nissan Qashqai 1.6 dCi Tekna,2017,105000,1520000,9
nissan-qashqai,Nissan Qashqai,Nissan Qashqai 1.6 dCi Sky Pack,2017,160000,1620000,9
nissan-qashqai,Nissan Qashqai,Nissan Qashqai 1.6 dCi Sky Pack,2017,94000,1580000,9
nissan-qashqai,Nissan Qashqai,Nissan Qashqai 1.6 dCi Design Pack,2017,134200,1549977,9
nissan-qashqai,Nissan Qashqai,Nissan Qashqai 1.5 dCi Sky Pack,2017,125000,1649000,9
nissan-qashqai,Nissan Qashqai,Nissan Qashqai 1.5 dCi Sky Pack,2017,168000,1325000,9
nissan-qashqai,Nissan Qashqai,Nissan Qashqai 1.6 dCi Sky Pack,2018,125000,1565000,8
nissan-qashqai,Nissan Qashqai,Nissan Qashqai 1.6 dCi Tekna,2018,136000,1490000,8
nissan-qashqai,Nissan Qashqai,Nissan Qashqai 1.2 DIG-T Sky Pack,2018,42000,1550000,8
nissan-qashqai,Nissan Qashqai,Nissan Qashqai 1.6 dCi Sky Pack,2018,175000,1475000,8
nissan-qashqai,Nissan Qashqai,Nissan Qashqai 1.2 DIG-T Sky Pack,2018,70000,1510000,8
nissan-qashqai,Nissan Qashqai,Nissan Qashqai 1.2 DIG-T Sky Pack,2018,53100,1565000,8
nissan-qashqai,Nissan Qashqai,Nissan Qashqai 1.5 dCi Visia,2018,95000,1420000,8
nissan-qashqai,Nissan Qashqai,Nissan Qashqai 1.5 dCi Sky Pack,2018,139000,1470000,8
nissan-qashqai,Nissan Qashqai,Nissan Qashqai 1.5 dCi Visia,2018,109000,1400000,8
nissan-qashqai,Nissan Qashqai,Nissan Qashqai 1.6 dCi Visia,2018,124000,1475000,8
nissan-qashqai,Nissan Qashqai,Nissan Qashqai 1.6 dCi Sky Pack,2018,125000,1559000,8
nissan-qashqai,Nissan Qashqai,Nissan Qashqai 1.6 dCi Sky Pack,2018,85000,1795000,8
nissan-qashqai,Nissan Qashqai,Nissan Qashqai 1.5 dCi Tekna,2018,115000,1520000,8
nissan-qashqai,Nissan Qashqai,Nissan Qashqai 1.6 dCi Sky Pack,2018,145600,1650000,8
nissan-qashqai,Nissan Qashqai,Nissan Qashqai 1.6 dCi Sky Pack,2018,89000,1730000,8
nissan-qashqai,Nissan Qashqai,Nissan Qashqai 1.5 dCi Sky Pack,2018,69000,1770000,8
nissan-qashqai,Nissan Qashqai,Nissan Qashqai 1.5 dCi Sky Pack,2018,127900,1530000,8
nissan-qashqai,Nissan Qashqai,Nissan Qashqai 1.5 dCi Sky Pack,2018,74000,1599000,8
nissan-qashqai,Nissan Qashqai,Nissan Qashqai 1.5 dCi Sky Pack,2018,87000,1619000,8
nissan-qashqai,Nissan Qashqai,Nissan Qashqai 1.5 dCi Sky Pack,2018,103000,1575000,8
nissan-qashqai,Nissan Qashqai,Nissan Qashqai 1.5 dCi Sky Pack,2018,45000,1375000,8
nissan-qashqai,Nissan Qashqai,Nissan Qashqai 1.2 DIG-T Tekna,2018,160000,1295000,8
nissan-qashqai,Nissan Qashqai,Nissan Qashqai 1.6 dCi Sky Pack,2018,176000,1675999,8
nissan-qashqai,Nissan Qashqai,Nissan Qashqai 1.5 dCi Tekna,2018,97000,1485000,8
nissan-qashqai,Nissan Qashqai,Nissan Qashqai 1.2 DIG-T Tekna,2018,87000,1400000,8
nissan-qashqai,Nissan Qashqai,Nissan Qashqai 1.6 dCi Tekna,2018,54000,1790000,8
nissan-qashqai,Nissan Qashqai,Nissan Qashqai 1.5 dCi Visia,2018,74470,1410000,8
nissan-qashqai,Nissan Qashqai,Nissan Qashqai 1.6 dCi Tekna,2018,146000,1450000,8
nissan-qashqai,Nissan Qashqai,Nissan Qashqai 1.6 dCi Sky Pack,2018,119900,1495000,8
nissan-qashqai,Nissan Qashqai,Nissan Qashqai 1.6 dCi Sky Pack,2018,116000,1575000,8
nissan-qashqai,Nissan Qashqai,Nissan Qashqai 1.6 dCi Tekna,2018,188000,1425000,8
nissan-qashqai,Nissan Qashqai,Nissan Qashqai 1.6 dCi Sky Pack,2018,88000,1660000,8
nissan-qashqai,Nissan Qashqai,Nissan Qashqai 1.6 dCi Sky Pack,2018,143000,1450000,8
nissan-qashqai,Nissan Qashqai,Nissan Qashqai 1.2 DIG-T Sky Pack,2018,117500,1475000,8
nissan-qashqai,Nissan Qashqai,Nissan Qashqai 1.2 DIG-T Visia,2018,36000,1480000,8
nissan-qashqai,Nissan Qashqai,Nissan Qashqai 1.6 dCi Tekna,2018,82000,1675000,8
nissan-qashqai,Nissan Qashqai,Nissan Qashqai 1.5 dCi Tekna,2018,81000,1475000,8
nissan-qashqai,Nissan Qashqai,Nissan Qashqai 1.5 dCi Visia,2018,74500,1379000,8
nissan-qashqai,Nissan Qashqai,Nissan Qashqai 1.5 dCi Visia,2018,81000,1399750,8
nissan-qashqai,Nissan Qashqai,Nissan Qashqai 1.2 DIG-T Tekna,2018,61170,1445000,8
nissan-qashqai,Nissan Qashqai,Nissan Qashqai 1.6 dCi Sky Pack,2018,186250,1547000,8
nissan-qashqai,Nissan Qashqai,Nissan Qashqai 1.6 dCi Sky Pack,2018,196000,1550000,8
nissan-qashqai,Nissan Qashqai,Nissan Qashqai 1.6 dCi Tekna,2018,165000,1490000,8
nissan-qashqai,Nissan Qashqai,Nissan Qashqai 1.6 dCi Sky Pack,2018,189000,1547000,8
nissan-qashqai,Nissan Qashqai,Nissan Qashqai 1.2 DIG-T Sky Pack,2018,77000,1540000,8
nissan-qashqai,Nissan Qashqai,Nissan Qashqai 1.2 DIG-T Sky Pack,2018,64000,1565000,8
nissan-qashqai,Nissan Qashqai,Nissan Qashqai 1.2 DIG-T Visia,2018,85000,1395000,8
nissan-qashqai,Nissan Qashqai,Nissan Qashqai 1.2 DIG-T Sky Pack,2018,183000,1375000,8
nissan-qashqai,Nissan Qashqai,Nissan Qashqai 1.2 DIG-T Tekna,2018,110000,1500000,8
nissan-qashqai,Nissan Qashqai,Nissan Qashqai 1.6 dCi Platinum Premium Pack,2018,170000,1650000,8
nissan-qashqai,Nissan Qashqai,Nissan Qashqai 1.6 dCi Tekna,2018,130000,1424500,8
nissan-qashqai,Nissan Qashqai,Nissan Qashqai 1.6 dCi Sky Pack,2018,145000,1480000,8
nissan-qashqai,Nissan Qashqai,Nissan Qashqai 1.6 dCi Visia,2018,60000,1675000,8
nissan-qashqai,Nissan Qashqai,Nissan Qashqai 1.6 dCi Tekna,2018,135738,1490000,8
nissan-qashqai,Nissan Qashqai,Nissan Qashqai 1.6 dCi Tekna,2018,54000,1800000,8
nissan-qashqai,Nissan Qashqai,Nissan Qashqai 1.6 dCi Sky Pack,2018,177000,1679999,8
nissan-qashqai,Nissan Qashqai,Nissan Qashqai 1.6 dCi Sky Pack,2018,124000,1619000,8
nissan-qashqai,Nissan Qashqai,Nissan Qashqai 1.6 dCi Sky Pack,2018,89000,1589950,8
nissan-qashqai,Nissan Qashqai,Nissan Qashqai 1.6 dCi Sky Pack,2018,120000,1588850,8
nissan-qashqai,Nissan Qashqai,Nissan Qashqai 1.6 dCi Sky Pack,2018,132000,1530000,8
nissan-qashqai,Nissan Qashqai,Nissan Qashqai 1.6 dCi Sky Pack,2018,176510,1440000,8
nissan-qashqai,Nissan Qashqai,Nissan Qashqai 1.6 dCi Sky Pack,2018,176000,1419900,8
nissan-qashqai,Nissan Qashqai,Nissan Qashqai 1.6 dCi Sky Pack,2018,170000,1380000,8
nissan-qashqai,Nissan Qashqai,Nissan Qashqai 1.6 dCi Sky Pack,2018,183000,1300000,8
nissan-qashqai,Nissan Qashqai,Nissan Qashqai 1.6 dCi Sky Pack,2018,265000,1275000,8
nissan-qashqai,Nissan Qashqai,Nissan Qashqai 1.6 dCi Sky Pack,2018,135000,1265000,8
nissan-qashqai,Nissan Qashqai,Nissan Qashqai 1.6 dCi Sky Pack,2018,258000,1150000,8
nissan-qashqai,Nissan Qashqai,Nissan Qashqai 1.6 dCi Sky Pack,2018,170000,1575000,8
nissan-qashqai,Nissan Qashqai,Nissan Qashqai 1.6 dCi Tekna,2018,194000,1345000,8
nissan-qashqai,Nissan Qashqai,Nissan Qashqai 1.5 dCi Sky Pack,2018,55000,1750000,8
nissan-qashqai,Nissan Qashqai,Nissan Qashqai 1.5 dCi Sky Pack,2018,62000,1775000,8
nissan-qashqai,Nissan Qashqai,Nissan Qashqai 1.6 dCi Sky Pack,2018,186000,1225000,8
nissan-qashqai,Nissan Qashqai,Nissan Qashqai 1.6 dCi Tekna,2018,295000,1180000,8
nissan-qashqai,Nissan Qashqai,Nissan Qashqai 1.5 dCi Tekna,2018,35750,1650000,8
nissan-qashqai,Nissan Qashqai,Nissan Qashqai 1.6 dCi Sky Pack,2018,188000,1309999,8
nissan-qashqai,Nissan Qashqai,Nissan Qashqai 1.6 dCi Visia,2018,220000,1345000,8
nissan-qashqai,Nissan Qashqai,Nissan Qashqai 1.5 dCi Visia,2018,115000,1430000,8
nissan-qashqai,Nissan Qashqai,Nissan Qashqai 1.2 DIG-T Sky Pack,2018,68000,1579000,8
nissan-qashqai,Nissan Qashqai,Nissan Qashqai 1.2 DIG-T Sky Pack,2018,122000,1495000,8
nissan-qashqai,Nissan Qashqai,Nissan Qashqai 1.2 DIG-T Sky Pack,2018,77000,1470000,8
nissan-qashqai,Nissan Qashqai,Nissan Qashqai 1.2 DIG-T Sky Pack,2018,135000,1365000,8
nissan-qashqai,Nissan Qashqai,Nissan Qashqai 1.2 DIG-T Tekna,2018,77000,1329900,8
nissan-qashqai,Nissan Qashqai,Nissan Qashqai 1.6 dCi Sky Pack,2018,72000,1790000,8
nissan-qashqai,Nissan Qashqai,Nissan Qashqai 1.6 dCi Tekna,2018,105000,1580000,8
nissan-qashqai,Nissan Qashqai,Nissan Qashqai 1.6 dCi Visia,2018,111000,1465000,8
nissan-qashqai,Nissan Qashqai,Nissan Qashqai 1.6 dCi Tekna,2018,87000,1528000,8
nissan-qashqai,Nissan Qashqai,Nissan Qashqai 1.6 dCi Tekna,2018,93000,1550000,8
nissan-qashqai,Nissan Qashqai,Nissan Qashqai 1.6 dCi Tekna,2018,114388,1499950,8
nissan-qashqai,Nissan Qashqai,Nissan Qashqai 1.6 dCi Tekna,2018,127000,1300000,8
nissan-qashqai,Nissan Qashqai,Nissan Qashqai 1.6 dCi Tekna,2018,180000,1325000,8
nissan-qashqai,Nissan Qashqai,Nissan Qashqai 1.6 dCi Tekna Plus,2018,108500,1567500,8
nissan-qashqai,Nissan Qashqai,Nissan Qashqai 1.6 dCi Sky Pack,2018,220000,1408750,8
nissan-qashqai,Nissan Qashqai,Nissan Qashqai 1.6 dCi Tekna,2018,105000,1595000,8
nissan-qashqai,Nissan Qashqai,Nissan Qashqai 1.5 dCi Sky Pack,2018,144000,1475000,8
nissan-qashqai,Nissan Qashqai,Nissan Qashqai 1.2 DIG-T Tekna,2018,63200,1365000,8
nissan-qashqai,Nissan Qashqai,Nissan Qashqai 1.6 dCi Sky Pack,2018,220000,1399500,8
nissan-qashqai,Nissan Qashqai,Nissan Qashqai 1.5 dCi Visia,2018,70000,1460000,8
nissan-qashqai,Nissan Qashqai,Nissan Qashqai 1.6 dCi Tekna Plus,2018,160000,1255000,8
nissan-qashqai,Nissan Qashqai,Nissan Qashqai 1.6 dCi Tekna Plus,2018,119000,1499000,8
nissan-qashqai,Nissan Qashqai,Nissan Qashqai 1.5 dCi Tekna,2018,112000,1495000,8
nissan-qashqai,Nissan Qashqai,Nissan Qashqai 1.6 dCi Tekna,2018,172000,1320000,8
nissan-qashqai,Nissan Qashqai,Nissan Qashqai 1.6 dCi Sky Pack,2018,198000,1295000,8
nissan-qashqai,Nissan Qashqai,Nissan Qashqai 1.6 dCi Visia,2018,73000,1600000,8
nissan-qashqai,Nissan Qashqai,Nissan Qashqai 1.6 dCi Tekna,2018,118000,1375000,8
nissan-qashqai,Nissan Qashqai,Nissan Qashqai 1.2 DIG-T Tekna,2018,123000,1449000,8
nissan-qashqai,Nissan Qashqai,Nissan Qashqai 1.2 DIG-T Tekna,2018,25600,1529000,8
nissan-qashqai,Nissan Qashqai,Nissan Qashqai 1.2 DIG-T Tekna,2018,71000,1460000,8
nissan-qashqai,Nissan Qashqai,Nissan Qashqai 1.2 DIG-T Sky Pack,2018,72000,1510000,8
nissan-qashqai,Nissan Qashqai,Nissan Qashqai 1.2 DIG-T Tekna,2018,99000,1349000,8
nissan-qashqai,Nissan Qashqai,Nissan Qashqai 1.6 dCi Tekna,2018,161000,1385000,8
nissan-qashqai,Nissan Qashqai,Nissan Qashqai 1.2 DIG-T Tekna,2018,92000,1265000,8
nissan-qashqai,Nissan Qashqai,Nissan Qashqai 1.2 DIG-T Tekna,2018,116000,1375000,8
nissan-qashqai,Nissan Qashqai,Nissan Qashqai 1.2 DIG-T Sky Pack,2018,87000,1490000,8
nissan-qashqai,Nissan Qashqai,Nissan Qashqai 1.6 dCi Tekna Plus,2018,185000,1550000,8
nissan-qashqai,Nissan Qashqai,Nissan Qashqai 1.6 dCi Sky Pack,2018,180000,1440000,8
nissan-qashqai,Nissan Qashqai,Nissan Qashqai 1.2 DIG-T Visia,2018,67400,1277000,8
nissan-qashqai,Nissan Qashqai,Nissan Qashqai 1.5 dCi Tekna,2018,118000,1425000,8
nissan-qashqai,Nissan Qashqai,Nissan Qashqai 1.6 dCi Tekna,2018,95000,1310000,8
nissan-qashqai,Nissan Qashqai,Nissan Qashqai 1.5 dCi Tekna,2018,106900,1515000,8
nissan-qashqai,Nissan Qashqai,Nissan Qashqai 1.6 dCi Sky Pack,2018,92000,1505500,8
nissan-qashqai,Nissan Qashqai,Nissan Qashqai 1.5 dCi Tekna,2018,72000,1570000,8
nissan-qashqai,Nissan Qashqai,Nissan Qashqai 1.5 dCi Tekna,2018,234902,1170000,8
nissan-qashqai,Nissan Qashqai,Nissan Qashqai 1.6 dCi Tekna,2018,68000,1635000,8
nissan-qashqai,Nissan Qashqai,Nissan Qashqai 1.6 dCi Platinum,2018,143000,1200000,8
nissan-qashqai,Nissan Qashqai,Nissan Qashqai 1.6 dCi Sky Pack,2018,175000,1620000,8
nissan-qashqai,Nissan Qashqai,Nissan Qashqai 1.2 DIG-T Sky Pack,2018,108250,1680000,8
nissan-qashqai,Nissan Qashqai,Nissan Qashqai 1.5 dCi Visia,2018,78000,1495000,8
nissan-qashqai,Nissan Qashqai,Nissan Qashqai 1.6 dCi Tekna,2018,90000,1525000,8
nissan-qashqai,Nissan Qashqai,Nissan Qashqai 1.2 DIG-T Sky Pack,2018,13000,1425000,8
nissan-qashqai,Nissan Qashqai,Nissan Qashqai 1.5 dCi Tekna,2018,144000,1320000,8
nissan-qashqai,Nissan Qashqai,Nissan Qashqai 1.6 dCi Sky Pack,2018,119000,1600000,8
nissan-qashqai,Nissan Qashqai,Nissan Qashqai 1.6 dCi Sky Pack,2018,97000,1525000,8
nissan-qashqai,Nissan Qashqai,Nissan Qashqai 1.5 dCi Visia,2018,21250,1529750,8
nissan-qashqai,Nissan Qashqai,Nissan Qashqai 1.6 dCi Sky Pack,2018,107000,1650000,8
nissan-qashqai,Nissan Qashqai,Nissan Qashqai 1.6 dCi Sky Pack,2018,105000,1615000,8
nissan-qashqai,Nissan Qashqai,Nissan Qashqai 1.2 DIG-T Tekna,2018,73000,1360000,8
nissan-qashqai,Nissan Qashqai,Nissan Qashqai 1.5 dCi Sky Pack,2018,145000,1450000,8
nissan-qashqai,Nissan Qashqai,Nissan Qashqai 1.5 dCi Sky Pack,2018,101225,1565000,8
nissan-qashqai,Nissan Qashqai,Nissan Qashqai 1.2 DIG-T Sky Pack,2018,67000,1585950,8
nissan-qashqai,Nissan Qashqai,Nissan Qashqai 1.5 dCi Visia,2019,255000,1325000,7
nissan-qashqai,Nissan Qashqai,Nissan Qashqai 1.3 DIG-T Tekna,2019,95000,1505000,7
nissan-qashqai,Nissan Qashqai,Nissan Qashqai 1.3 DIG-T Tekna,2019,102000,1530000,7
nissan-qashqai,Nissan Qashqai,Nissan Qashqai 1.5 dCi Visia,2019,132000,1690000,7
nissan-qashqai,Nissan Qashqai,Nissan Qashqai 1.5 dCi Sky Pack,2019,164000,1520000,7
nissan-qashqai,Nissan Qashqai,Nissan Qashqai 1.5 dCi Tekna,2019,70000,1450000,7
nissan-qashqai,Nissan Qashqai,Nissan Qashqai 1.5 dCi Sky Pack,2019,87000,1680000,7
nissan-qashqai,Nissan Qashqai,Nissan Qashqai 1.5 dCi Sky Pack,2019,183000,1450000,7
nissan-qashqai,Nissan Qashqai,Nissan Qashqai 1.5 dCi Tekna,2019,150000,1550000,7
nissan-qashqai,Nissan Qashqai,Nissan Qashqai 1.5 dCi Sky Pack,2019,138000,1250000,7
nissan-qashqai,Nissan Qashqai,Nissan Qashqai 1.5 dCi Visia,2019,95000,1399750,7
nissan-qashqai,Nissan Qashqai,Nissan Qashqai 1.3 DIG-T Sky Pack,2019,150000,1539000,7
nissan-qashqai,Nissan Qashqai,Nissan Qashqai 1.5 dCi Tekna,2019,108000,1760000,7
nissan-qashqai,Nissan Qashqai,Nissan Qashqai 1.5 dCi Sky Pack,2019,98000,1780000,7
nissan-qashqai,Nissan Qashqai,Nissan Qashqai 1.5 dCi Tekna,2019,79000,1795000,7
nissan-qashqai,Nissan Qashqai,Nissan Qashqai 1.5 dCi Tekna,2019,355000,1300000,7
nissan-qashqai,Nissan Qashqai,Nissan Qashqai 1.3 DIG-T Tekna,2019,25359,1725000,7
nissan-qashqai,Nissan Qashqai,Nissan Qashqai 1.5 dCi Sky Pack,2019,215000,1440000,7
nissan-qashqai,Nissan Qashqai,Nissan Qashqai 1.3 DIG-T Tekna,2019,110000,1515000,7
nissan-qashqai,Nissan Qashqai,Nissan Qashqai 1.3 DIG-T Tekna,2019,113060,1550000,7
nissan-qashqai,Nissan Qashqai,Nissan Qashqai 1.3 DIG-T Sky Pack,2019,69000,1725000,7
nissan-qashqai,Nissan Qashqai,Nissan Qashqai 1.3 DIG-T Tekna,2019,121000,1520000,7
nissan-qashqai,Nissan Qashqai,Nissan Qashqai 1.3 DIG-T Tekna,2019,70500,1525000,7
nissan-qashqai,Nissan Qashqai,Nissan Qashqai 1.3 DIG-T Sky Pack,2019,153000,1640000,7
nissan-qashqai,Nissan Qashqai,Nissan Qashqai 1.5 dCi Sky Pack,2019,96000,1715000,7
nissan-qashqai,Nissan Qashqai,Nissan Qashqai 1.5 dCi Sky Pack,2019,105000,1730000,7
nissan-qashqai,Nissan Qashqai,Nissan Qashqai 1.5 dCi Sky Pack,2019,100000,1775000,7
nissan-qashqai,Nissan Qashqai,Nissan Qashqai 1.5 dCi Sky Pack,2019,145000,1715000,7
nissan-qashqai,Nissan Qashqai,Nissan Qashqai 1.5 dCi Tekna,2019,87000,1699000,7
nissan-qashqai,Nissan Qashqai,Nissan Qashqai 1.5 dCi Tekna,2019,145000,1350000,7
nissan-qashqai,Nissan Qashqai,Nissan Qashqai 1.5 dCi Visia,2019,20000,1850000,7
nissan-qashqai,Nissan Qashqai,Nissan Qashqai 1.3 DIG-T Sky Pack,2019,52000,1780000,7
nissan-qashqai,Nissan Qashqai,Nissan Qashqai 1.5 dCi Visia,2019,114000,1375000,7
nissan-qashqai,Nissan Qashqai,Nissan Qashqai 1.6 dCi Tekna,2019,134000,1580000,7
nissan-qashqai,Nissan Qashqai,Nissan Qashqai 1.5 dCi Sky Pack,2019,52000,1780000,7
nissan-qashqai,Nissan Qashqai,Nissan Qashqai 1.5 dCi Visia,2019,161000,1485000,7
nissan-qashqai,Nissan Qashqai,Nissan Qashqai 1.5 dCi Sky Pack,2020,177000,1569000,6
nissan-qashqai,Nissan Qashqai,Nissan Qashqai 1.3 DIG-T Sky Pack,2020,95000,1690000,6
nissan-qashqai,Nissan Qashqai,Nissan Qashqai 1.5 dCi Sky Pack,2020,37441,2010000,6
nissan-qashqai,Nissan Qashqai,Nissan Qashqai 1.5 dCi Sky Pack,2020,55000,1925000,6
nissan-qashqai,Nissan Qashqai,Nissan Qashqai 1.3 DIG-T Sky Pack,2020,137000,1540000,6
nissan-qashqai,Nissan Qashqai,Nissan Qashqai 1.3 DIG-T Visia,2020,144000,1375000,6
nissan-qashqai,Nissan Qashqai,Nissan Qashqai 1.5 dCi Sky Pack,2020,102000,1530000,6
nissan-qashqai,Nissan Qashqai,Nissan Qashqai 1.5 dCi Sky Pack,2020,86000,1830000,6
nissan-qashqai,Nissan Qashqai,Nissan Qashqai 1.5 dCi Midnight Edition,2020,75000,1690000,6
nissan-qashqai,Nissan Qashqai,Nissan Qashqai 1.5 dCi Tekna,2020,76000,1749000,6
nissan-qashqai,Nissan Qashqai,Nissan Qashqai 1.5 dCi Sky Pack,2020,96000,1830000,6
nissan-qashqai,Nissan Qashqai,Nissan Qashqai 1.5 dCi Midnight Edition,2020,18300,1890000,6
nissan-qashqai,Nissan Qashqai,Nissan Qashqai 1.5 dCi Sky Pack,2020,77000,1885000,6
nissan-qashqai,Nissan Qashqai,Nissan Qashqai 1.3 DIG-T Sky Pack,2020,173000,1348058,6
nissan-qashqai,Nissan Qashqai,Nissan Qashqai 1.5 dCi Sky Pack,2020,45000,1970000,6
nissan-qashqai,Nissan Qashqai,Nissan Qashqai 1.3 DIG-T Visia,2020,145000,1459000,6
nissan-qashqai,Nissan Qashqai,Nissan Qashqai 1.5 dCi Sky Pack,2020,60000,1880000,6
nissan-qashqai,Nissan Qashqai,Nissan Qashqai 1.5 dCi Sky Pack,2020,24000,1940000,6
nissan-qashqai,Nissan Qashqai,Nissan Qashqai 1.5 dCi Sky Pack,2020,63775,1855000,6
nissan-qashqai,Nissan Qashqai,Nissan Qashqai 1.5 dCi Sky Pack,2020,109000,1775000,6
nissan-qashqai,Nissan Qashqai,Nissan Qashqai 1.5 dCi Sky Pack,2020,87797,1815000,6
nissan-qashqai,Nissan Qashqai,Nissan Qashqai 1.5 dCi Sky Pack,2020,99500,1795000,6
nissan-qashqai,Nissan Qashqai,Nissan Qashqai 1.5 dCi Sky Pack,2020,86000,1790000,6
nissan-qashqai,Nissan Qashqai,Nissan Qashqai 1.5 dCi Sky Pack,2020,69000,1735000,6
nissan-qashqai,Nissan Qashqai,Nissan Qashqai 1.5 dCi Sky Pack,2020,103942,1729000,6
nissan-qashqai,Nissan Qashqai,Nissan Qashqai 1.5 dCi Sky Pack,2020,140000,1650000,6
nissan-qashqai,Nissan Qashqai,Nissan Qashqai 1.5 dCi Sky Pack,2020,161000,1618000,6
nissan-qashqai,Nissan Qashqai,Nissan Qashqai 1.5 dCi Sky Pack,2020,113000,1685000,6
nissan-qashqai,Nissan Qashqai,Nissan Qashqai 1.5 dCi Sky Pack,2020,145000,1395000,6
nissan-qashqai,Nissan Qashqai,Nissan Qashqai 1.5 dCi Tekna,2020,84000,1725000,6
nissan-qashqai,Nissan Qashqai,Nissan Qashqai 1.3 DIG-T Tekna,2020,36725,1669000,6
nissan-qashqai,Nissan Qashqai,Nissan Qashqai 1.3 DIG-T Tekna,2020,142000,1390000,6
nissan-qashqai,Nissan Qashqai,Nissan Qashqai 1.3 DIG-T Visia,2020,98000,1319000,6
nissan-qashqai,Nissan Qashqai,Nissan Qashqai 1.5 dCi Tekna,2020,179000,1545000,6
nissan-qashqai,Nissan Qashqai,Nissan Qashqai 1.5 dCi Midnight Edition,2020,92000,1665000,6
nissan-qashqai,Nissan Qashqai,Nissan Qashqai 1.5 dCi Tekna,2020,72000,1865000,6
nissan-qashqai,Nissan Qashqai,Nissan Qashqai 1.5 dCi Visia,2020,9200,1800000,6
nissan-qashqai,Nissan Qashqai,Nissan Qashqai 1.3 DIG-T Tekna,2020,79000,1500000,6
nissan-qashqai,Nissan Qashqai,Nissan Qashqai 1.5 dCi Tekna,2020,85000,1675000,6
nissan-qashqai,Nissan Qashqai,Nissan Qashqai 1.3 DIG-T Sky Pack,2020,185000,1365000,6
nissan-qashqai,Nissan Qashqai,Nissan Qashqai 1.5 dCi Midnight Edition,2020,162000,1579000,6
nissan-qashqai,Nissan Qashqai,Nissan Qashqai 1.5 dCi Sky Pack,2020,160000,1599000,6
nissan-qashqai,Nissan Qashqai,Nissan Qashqai 1.5 dCi Sky Pack,2020,156000,1770000,6
nissan-qashqai,Nissan Qashqai,Nissan Qashqai 1.5 dCi Midnight Edition,2020,130000,1720000,6
nissan-qashqai,Nissan Qashqai,Nissan Qashqai 1.3 DIG-T Tekna,2020,31200,1795000,6
nissan-qashqai,Nissan Qashqai,Nissan Qashqai 1.3 DIG-T Sky Pack Plus,2020,90000,1710000,6
nissan-qashqai,Nissan Qashqai,Nissan Qashqai 1.5 dCi Sky Pack,2020,72588,1465000,6
nissan-qashqai,Nissan Qashqai,Nissan Qashqai 1.5 dCi Sky Pack,2020,186000,1445000,6
nissan-qashqai,Nissan Qashqai,Nissan Qashqai 1.3 DIG-T Midnight Edition,2020,140000,1350000,6
nissan-qashqai,Nissan Qashqai,Nissan Qashqai 1.3 DIG-T Midnight Edition,2020,54650,1759000,6
nissan-qashqai,Nissan Qashqai,Nissan Qashqai 1.5 dCi Visia,2020,86000,1590000,6
nissan-qashqai,Nissan Qashqai,Nissan Qashqai 1.5 dCi Tekna,2020,55000,1850000,6
nissan-qashqai,Nissan Qashqai,Nissan Qashqai 1.5 dCi Sky Pack,2020,80000,1600000,6
nissan-qashqai,Nissan Qashqai,Nissan Qashqai 1.5 dCi Midnight Edition,2020,67000,1750000,6
nissan-qashqai,Nissan Qashqai,Nissan Qashqai 1.3 DIG-T Visia,2020,75000,1615000,6
nissan-qashqai,Nissan Qashqai,Nissan Qashqai 1.5 dCi Midnight Edition,2020,199000,1495000,6
nissan-qashqai,Nissan Qashqai,Nissan Qashqai 1.5 dCi Midnight Edition,2020,178000,1845000,6
nissan-qashqai,Nissan Qashqai,Nissan Qashqai 1.5 dCi Tekna,2020,80000,1760000,6
nissan-qashqai,Nissan Qashqai,Nissan Qashqai 1.5 dCi Tekna,2020,68000,1820000,6
nissan-qashqai,Nissan Qashqai,Nissan Qashqai 1.5 dCi Midnight Edition,2020,266000,1250000,6
nissan-qashqai,Nissan Qashqai,Nissan Qashqai 1.3 DIG-T Midnight Edition,2020,69000,1655000,6
nissan-qashqai,Nissan Qashqai,Nissan Qashqai 1.3 DIG-T Midnight Edition,2020,88500,1799000,6
nissan-qashqai,Nissan Qashqai,Nissan Qashqai 1.3 DIG-T Midnight Edition,2020,81000,1900000,6
nissan-qashqai,Nissan Qashqai,Nissan Qashqai 1.5 dCi Midnight Edition,2020,91000,1775000,6
nissan-qashqai,Nissan Qashqai,Nissan Qashqai 1.3 DIG-T Midnight Edition,2020,151000,1495000,6
nissan-qashqai,Nissan Qashqai,Nissan Qashqai 1.5 dCi Tekna,2020,192000,1425000,6
nissan-qashqai,Nissan Qashqai,Nissan Qashqai 1.5 dCi Visia,2020,114000,1580000,6
nissan-qashqai,Nissan Qashqai,Nissan Qashqai 1.5 dCi Tekna,2020,89500,1640000,6
nissan-qashqai,Nissan Qashqai,Nissan Qashqai 1.3 DIG-T Midnight Edition,2020,39000,1750000,6
nissan-qashqai,Nissan Qashqai,Nissan Qashqai 1.3 DIG-T Visia,2020,158000,1425000,6
nissan-qashqai,Nissan Qashqai,Nissan Qashqai 1.3 DIG-T Tekna,2020,71261,1565500,6
nissan-qashqai,Nissan Qashqai,Nissan Qashqai 1.5 dCi Sky Pack,2020,44000,2085000,6
nissan-qashqai,Nissan Qashqai,Nissan Qashqai 1.5 dCi Sky Pack,2020,67000,1699999,6
nissan-qashqai,Nissan Qashqai,Nissan Qashqai 1.3 DIG-T Midnight Edition,2020,50800,1775000,6
nissan-qashqai,Nissan Qashqai,Nissan Qashqai 1.5 dCi Midnight Edition,2020,121000,1710000,6
nissan-qashqai,Nissan Qashqai,Nissan Qashqai 1.3 DIG-T Tekna,2020,118000,1550000,6
nissan-qashqai,Nissan Qashqai,Nissan Qashqai 1.5 dCi Sky Pack,2020,145000,1570000,6
nissan-qashqai,Nissan Qashqai,Nissan Qashqai 1.5 dCi Sky Pack,2020,48000,1575000,6
nissan-qashqai,Nissan Qashqai,Nissan Qashqai 1.3 DIG-T Tekna,2020,75000,1630000,6
nissan-qashqai,Nissan Qashqai,Nissan Qashqai 1.5 dCi Sky Pack,2020,83000,1800000,6
nissan-qashqai,Nissan Qashqai,Nissan Qashqai 1.3 DIG-T Tekna,2020,81000,1519000,6
nissan-qashqai,Nissan Qashqai,Nissan Qashqai 1.5 dCi Sky Pack,2020,177000,1615000,6
nissan-qashqai,Nissan Qashqai,Nissan Qashqai 1.5 dCi Sky Pack,2020,63000,1795000,6
nissan-qashqai,Nissan Qashqai,Nissan Qashqai 1.5 dCi Tekna,2020,60000,1790000,6
nissan-qashqai,Nissan Qashqai,Nissan Qashqai 1.5 dCi Tekna,2020,180000,1429000,6
nissan-qashqai,Nissan Qashqai,Nissan Qashqai 1.5 dCi Tekna,2020,38086,1795950,6
nissan-qashqai,Nissan Qashqai,Nissan Qashqai 1.5 dCi Tekna,2020,142000,1674000,6
nissan-qashqai,Nissan Qashqai,Nissan Qashqai 1.5 dCi Tekna,2020,23500,2025000,6
nissan-qashqai,Nissan Qashqai,Nissan Qashqai 1.5 dCi Sky Pack,2020,102000,1845000,6
nissan-qashqai,Nissan Qashqai,Nissan Qashqai 1.3 DIG-T Visia,2020,140000,1399000,6
nissan-qashqai,Nissan Qashqai,Nissan Qashqai 1.5 dCi Midnight Edition,2020,66000,1928000,6
nissan-qashqai,Nissan Qashqai,Nissan Qashqai 1.3 DIG-T Tekna,2020,100000,1495000,6
nissan-qashqai,Nissan Qashqai,Nissan Qashqai 1.3 DIG-T Tekna,2020,85671,1588000,6
nissan-qashqai,Nissan Qashqai,Nissan Qashqai 1.5 dCi Sky Pack,2020,142000,1640000,6
nissan-qashqai,Nissan Qashqai,Nissan Qashqai 1.3 DIG-T Sky Pack,2020,36450,1325000,6
nissan-qashqai,Nissan Qashqai,Nissan Qashqai 1.5 dCi Sky Pack,2020,48000,1838000,6
nissan-qashqai,Nissan Qashqai,Nissan Qashqai 1.3 DIG-T Midnight Edition,2020,88000,1750000,6
nissan-qashqai,Nissan Qashqai,Nissan Qashqai 1.3 DIG-T Visia,2020,94000,1550000,6
nissan-qashqai,Nissan Qashqai,Nissan Qashqai 1.3 DIG-T Visia,2020,140000,1399000,6
nissan-qashqai,Nissan Qashqai,Nissan Qashqai 1.3 DIG-T Sky Pack,2020,179000,1495000,6
nissan-qashqai,Nissan Qashqai,Nissan Qashqai 1.3 DIG-T Sky Pack,2020,110807,1620000,6
nissan-qashqai,Nissan Qashqai,Nissan Qashqai 1.3 DIG-T Sky Pack,2020,67000,1758000,6
nissan-qashqai,Nissan Qashqai,Nissan Qashqai 1.3 DIG-T Sky Pack,2020,89884,1550000,6
nissan-qashqai,Nissan Qashqai,Nissan Qashqai 1.3 DIG-T Sky Pack,2020,100000,1629000,6
nissan-qashqai,Nissan Qashqai,Nissan Qashqai 1.3 DIG-T Sky Pack,2020,101000,1690000,6
nissan-qashqai,Nissan Qashqai,Nissan Qashqai 1.3 DIG-T Sky Pack,2020,155000,1490000,6
nissan-qashqai,Nissan Qashqai,Nissan Qashqai 1.3 DIG-T Sky Pack,2020,56000,1725000,6
nissan-qashqai,Nissan Qashqai,Nissan Qashqai 1.3 DIG-T Midnight Edition,2020,82000,1700000,6
nissan-qashqai,Nissan Qashqai,Nissan Qashqai 1.3 DIG-T Tekna,2020,74000,1600000,6
nissan-qashqai,Nissan Qashqai,Nissan Qashqai 1.3 DIG-T Sky Pack,2020,55000,1702000,6
nissan-qashqai,Nissan Qashqai,Nissan Qashqai 1.5 dCi Sky Pack,2020,107900,1755000,6
nissan-qashqai,Nissan Qashqai,Nissan Qashqai 1.5 dCi Midnight Edition,2020,115000,1740000,6
nissan-qashqai,Nissan Qashqai,Nissan Qashqai 1.3 DIG-T Tekna,2020,212000,1359000,6
nissan-qashqai,Nissan Qashqai,Nissan Qashqai 1.3 DIG-T Visia,2020,147500,1429000,6
nissan-qashqai,Nissan Qashqai,Nissan Qashqai 1.5 dCi Sky Pack,2020,73000,1760000,6
nissan-qashqai,Nissan Qashqai,Nissan Qashqai 1.5 dCi Sky Pack,2020,149000,1660000,6
nissan-qashqai,Nissan Qashqai,Nissan Qashqai 1.5 dCi Sky Pack,2020,75000,1845000,6
nissan-qashqai,Nissan Qashqai,Nissan Qashqai 1.5 dCi Sky Pack,2020,58000,1859500,6
nissan-qashqai,Nissan Qashqai,Nissan Qashqai 1.3 DIG-T Midnight Edition,2020,19865,1880000,6
nissan-qashqai,Nissan Qashqai,Nissan Qashqai 1.5 dCi Midnight Edition,2020,75548,1900000,6
nissan-qashqai,Nissan Qashqai,Nissan Qashqai 1.5 dCi Sky Pack,2020,52000,1830000,6
nissan-qashqai,Nissan Qashqai,Nissan Qashqai 1.3 DIG-T Midnight Edition,2020,91965,1630000,6
nissan-qashqai,Nissan Qashqai,Nissan Qashqai 1.5 dCi Sky Pack,2020,74500,1875000,6
nissan-qashqai,Nissan Qashqai,Nissan Qashqai 1.3 DIG-T Sky Pack,2020,86645,1645500,6
nissan-qashqai,Nissan Qashqai,Nissan Qashqai 1.3 DIG-T Sky Pack,2020,160000,1619000,6
nissan-qashqai,Nissan Qashqai,Nissan Qashqai 1.5 dCi Midnight Edition,2020,154000,1710000,6
nissan-qashqai,Nissan Qashqai,Nissan Qashqai 1.5 dCi Sky Pack,2020,86000,1850000,6
nissan-qashqai,Nissan Qashqai,Nissan Qashqai 1.3 DIG-T Sky Pack,2020,76000,1650000,6
nissan-qashqai,Nissan Qashqai,Nissan Qashqai 1.5 dCi Midnight Edition,2020,53000,1800000,6
nissan-qashqai,Nissan Qashqai,Nissan Qashqai 1.5 dCi Platinum Premium Pack,2020,154000,1750000,6
nissan-qashqai,Nissan Qashqai,Nissan Qashqai 1.3 DIG-T Sky Pack,2020,62000,1770000,6
nissan-qashqai,Nissan Qashqai,Nissan Qashqai 1.5 dCi Sky Pack,2020,124000,1750000,6
nissan-qashqai,Nissan Qashqai,Nissan Qashqai 1.5 dCi Sky Pack,2020,119000,1620000,6
nissan-qashqai,Nissan Qashqai,Nissan Qashqai 1.3 DIG-T Tekna,2020,74000,1625000,6
nissan-qashqai,Nissan Qashqai,Nissan Qashqai 1.3 DIG-T Tekna,2020,216000,1500000,6
nissan-qashqai,Nissan Qashqai,Nissan Qashqai 1.3 DIG-T Tekna,2020,79000,1600000,6
nissan-qashqai,Nissan Qashqai,Nissan Qashqai 1.3 DIG-T Midnight Edition,2020,72500,1760000,6
nissan-qashqai,Nissan Qashqai,Nissan Qashqai 1.3 DIG-T Tekna,2020,90500,1650000,6
nissan-qashqai,Nissan Qashqai,Nissan Qashqai 1.3 DIG-T Sky Pack,2020,132000,1560000,6
nissan-qashqai,Nissan Qashqai,Nissan Qashqai 1.5 dCi Midnight Edition,2020,85000,1875000,6
nissan-qashqai,Nissan Qashqai,Nissan Qashqai 1.5 dCi Tekna,2020,148000,1600000,6
nissan-qashqai,Nissan Qashqai,Nissan Qashqai 1.3 DIG-T Sky Pack Plus,2021,90000,1730000,5
nissan-qashqai,Nissan Qashqai,Nissan Qashqai 1.3 DIG-T Tekna,2021,72800,1695000,5
nissan-qashqai,Nissan Qashqai,Nissan Qashqai 1.3 DIG-T Sky Pack Plus,2021,50000,1865000,5
nissan-qashqai,Nissan Qashqai,Nissan Qashqai 1.3 DIG-T Sky Pack Plus,2021,119000,1600000,5
nissan-qashqai,Nissan Qashqai,Nissan Qashqai 1.3 DIG-T Tekna,2021,40000,1674000,5
nissan-qashqai,Nissan Qashqai,Nissan Qashqai 1.3 DIG-T Tekna,2021,21000,1820000,5
nissan-qashqai,Nissan Qashqai,Nissan Qashqai 1.3 DIG-T Sky Pack Plus,2021,129000,1670000,5
nissan-qashqai,Nissan Qashqai,Nissan Qashqai 1.3 DIG-T Sky Pack Plus,2021,44000,1765000,5
nissan-qashqai,Nissan Qashqai,Nissan Qashqai 1.3 DIG-T Tekna,2021,20000,1775000,5
nissan-qashqai,Nissan Qashqai,Nissan Qashqai 1.3 DIG-T Sky Pack Plus,2021,58000,1830000,5
nissan-qashqai,Nissan Qashqai,Nissan Qashqai 1.3 DIG-T Sky Pack,2021,59000,1940000,5
nissan-qashqai,Nissan Qashqai,Nissan Qashqai 1.3 DIG-T Sky Pack,2021,88000,1684000,5
nissan-qashqai,Nissan Qashqai,Nissan Qashqai 1.3 DIG-T Sky Pack Plus,2021,55000,1868000,5
nissan-qashqai,Nissan Qashqai,Nissan Qashqai 1.3 DIG-T Tekna,2021,56900,1829000,5
nissan-qashqai,Nissan Qashqai,Nissan Qashqai 1.3 DIG-T Sky Pack Plus,2021,49000,1820000,5
nissan-qashqai,Nissan Qashqai,Nissan Qashqai 1.3 DIG-T Sky Pack Plus,2021,132000,1650000,5
nissan-qashqai,Nissan Qashqai,Nissan Qashqai 1.3 DIG-T Sky Pack Plus,2021,83000,1695000,5
nissan-qashqai,Nissan Qashqai,Nissan Qashqai 1.3 DIG-T Tekna,2021,31000,1820000,5
nissan-qashqai,Nissan Qashqai,Nissan Qashqai 1.3 DIG-T Sky Pack Plus,2021,76000,1740000,5
nissan-qashqai,Nissan Qashqai,Nissan Qashqai 1.3 DIG-T Sky Pack,2021,57000,1975000,5
nissan-qashqai,Nissan Qashqai,Nissan Qashqai 1.3 DIG-T Tekna,2021,117000,1650000,5
nissan-qashqai,Nissan Qashqai,Nissan Qashqai 1.3 DIG-T Midnight Edition,2021,28550,1780000,5
nissan-qashqai,Nissan Qashqai,Nissan Qashqai 1.3 DIG-T Sky Pack Plus,2021,111000,1690000,5
nissan-qashqai,Nissan Qashqai,Nissan Qashqai 1.3 DIG-T Sky Pack Plus,2021,63000,1800000,5
nissan-qashqai,Nissan Qashqai,Nissan Qashqai 1.3 DIG-T Sky Pack Plus,2021,158000,1680000,5
nissan-qashqai,Nissan Qashqai,Nissan Qashqai 1.3 DIG-T Sky Pack Plus,2021,31846,1825000,5
nissan-qashqai,Nissan Qashqai,Nissan Qashqai 1.3 DIG-T Sky Pack Plus,2021,120000,1780000,5
nissan-qashqai,Nissan Qashqai,Nissan Qashqai 1.3 DIG-T Tekna,2021,142000,1670000,5
nissan-qashqai,Nissan Qashqai,Nissan Qashqai 1.3 DIG-T Sky Pack Plus,2021,80000,1725000,5
nissan-qashqai,Nissan Qashqai,Nissan Qashqai 1.3 DIG-T Sky Pack Plus,2021,38000,1890000,5
nissan-qashqai,Nissan Qashqai,Nissan Qashqai 1.3 DIG-T Sky Pack,2022,140000,1780000,4
nissan-qashqai,Nissan Qashqai,Nissan Qashqai 1.3 DIG-T Sky Pack,2022,14700,1990000,4
nissan-qashqai,Nissan Qashqai,Nissan Qashqai 1.3 DIG-T N-Design,2022,93000,1809500,4
nissan-qashqai,Nissan Qashqai,Nissan Qashqai 1.3 DIG-T N-Design,2022,98000,1879000,4
nissan-qashqai,Nissan Qashqai,Nissan Qashqai 1.5 e-Power Skypack,2022,91219,1890000,4
nissan-qashqai,Nissan Qashqai,Nissan Qashqai 1.3 DIG-T Sky Pack,2022,80000,1859999,4
nissan-qashqai,Nissan Qashqai,Nissan Qashqai 1.3 DIG-T Sky Pack,2022,38000,2098750,4
nissan-qashqai,Nissan Qashqai,Nissan Qashqai 1.5 e-Power Skypack,2022,51500,2020000,4
nissan-qashqai,Nissan Qashqai,Nissan Qashqai 1.3 DIG-T Sky Pack,2022,58000,1770000,4
nissan-qashqai,Nissan Qashqai,Nissan Qashqai 1.5 e-Power Skypack,2022,52500,2040000,4
nissan-qashqai,Nissan Qashqai,Nissan Qashqai 1.3 DIG-T Platinum Premium,2022,66000,2150000,4
nissan-qashqai,Nissan Qashqai,Nissan Qashqai 1.3 DIG-T Sky Pack,2022,61000,1939000,4
nissan-qashqai,Nissan Qashqai,Nissan Qashqai 1.3 DIG-T Platinum Premium,2022,66500,2050000,4
nissan-qashqai,Nissan Qashqai,Nissan Qashqai 1.5 e-Power Skypack,2022,96000,1890000,4
nissan-qashqai,Nissan Qashqai,Nissan Qashqai 1.3 DIG-T Platinum Premium,2022,99800,1875000,4
nissan-qashqai,Nissan Qashqai,Nissan Qashqai 1.3 DIG-T N-Design,2022,178000,1800000,4
nissan-qashqai,Nissan Qashqai,Nissan Qashqai 1.3 DIG-T Platinum Premium,2022,36000,2225000,4
nissan-qashqai,Nissan Qashqai,Nissan Qashqai 1.3 DIG-T Design Pack,2022,93000,1795000,4
nissan-qashqai,Nissan Qashqai,Nissan Qashqai 1.3 DIG-T Platinum Premium Pack,2022,37000,2300000,4
nissan-qashqai,Nissan Qashqai,Nissan Qashqai 1.3 DIG-T Tekna,2022,59000,1975000,4
nissan-qashqai,Nissan Qashqai,Nissan Qashqai 1.5 e-Power Design,2022,77500,2075000,4
nissan-qashqai,Nissan Qashqai,Nissan Qashqai 1.5 e-Power Skypack,2022,69000,1985000,4
nissan-qashqai,Nissan Qashqai,Nissan Qashqai 1.5 e-Power Skypack,2022,62000,1925000,4
nissan-qashqai,Nissan Qashqai,Nissan Qashqai 1.3 DIG-T Platinum Premium,2022,68000,1935000,4
nissan-qashqai,Nissan Qashqai,Nissan Qashqai 1.3 DIG-T Tekna,2022,157000,1669750,4
nissan-qashqai,Nissan Qashqai,Nissan Qashqai 1.3 DIG-T Platinum Premium,2022,32000,2149900,4
nissan-qashqai,Nissan Qashqai,Nissan Qashqai 1.3 DIG-T Platinum Premium,2022,58000,2064000,4
nissan-qashqai,Nissan Qashqai,Nissan Qashqai 1.3 DIG-T Platinum Premium,2022,38000,2050000,4
nissan-qashqai,Nissan Qashqai,Nissan Qashqai 1.3 DIG-T Platinum Premium,2022,46000,2075000,4
nissan-qashqai,Nissan Qashqai,Nissan Qashqai 1.3 DIG-T Design Pack,2022,48500,1959000,4
nissan-qashqai,Nissan Qashqai,Nissan Qashqai 1.3 DIG-T Sky Pack,2022,31000,2059000,4
nissan-qashqai,Nissan Qashqai,Nissan Qashqai 1.3 DIG-T Sky Pack,2022,43000,1999000,4
nissan-qashqai,Nissan Qashqai,Nissan Qashqai 1.3 DIG-T Sky Pack,2022,54000,2050000,4
nissan-qashqai,Nissan Qashqai,Nissan Qashqai 1.3 DIG-T Sky Pack,2022,102000,1960000,4
nissan-qashqai,Nissan Qashqai,Nissan Qashqai 1.3 DIG-T Sky Pack,2022,62531,1900000,4
nissan-qashqai,Nissan Qashqai,Nissan Qashqai 1.3 DIG-T Sky Pack,2022,67000,1885000,4
nissan-qashqai,Nissan Qashqai,Nissan Qashqai 1.5 e-Power Skypack,2022,89000,1995000,4
nissan-qashqai,Nissan Qashqai,Nissan Qashqai 1.3 DIG-T Platinum Premium,2022,86500,1939000,4
nissan-qashqai,Nissan Qashqai,Nissan Qashqai 1.3 DIG-T Sky Pack,2022,92000,1849000,4
nissan-qashqai,Nissan Qashqai,Nissan Qashqai 1.3 DIG-T Sky Pack,2022,23000,2010000,4
nissan-qashqai,Nissan Qashqai,Nissan Qashqai 1.3 DIG-T Sky Pack,2022,34000,2049750,4
nissan-qashqai,Nissan Qashqai,Nissan Qashqai 1.5 e-Power Skypack,2022,74200,1900000,4
nissan-qashqai,Nissan Qashqai,Nissan Qashqai 1.3 DIG-T Tekna,2022,148000,1649000,4
nissan-qashqai,Nissan Qashqai,Nissan Qashqai 1.3 DIG-T Sky Pack,2022,77000,1775000,4
nissan-qashqai,Nissan Qashqai,Nissan Qashqai 1.3 DIG-T N-Design,2022,146500,1845000,4
nissan-qashqai,Nissan Qashqai,Nissan Qashqai 1.3 DIG-T Sky Pack,2022,127000,1869000,4
nissan-qashqai,Nissan Qashqai,Nissan Qashqai 1.3 DIG-T Sky Pack,2022,46000,2085000,4
nissan-qashqai,Nissan Qashqai,Nissan Qashqai 1.3 DIG-T Sky Pack,2022,24000,2058058,4
nissan-qashqai,Nissan Qashqai,Nissan Qashqai 1.3 DIG-T Sky Pack,2022,83000,1875000,4
nissan-qashqai,Nissan Qashqai,Nissan Qashqai 1.3 DIG-T Sky Pack,2022,76000,1890000,4
nissan-qashqai,Nissan Qashqai,Nissan Qashqai 1.3 DIG-T Sky Pack,2022,68700,1989000,4
nissan-qashqai,Nissan Qashqai,Nissan Qashqai 1.3 DIG-T Sky Pack,2022,47300,1985000,4
nissan-qashqai,Nissan Qashqai,Nissan Qashqai 1.3 DIG-T Sky Pack,2022,46000,2039000,4
nissan-qashqai,Nissan Qashqai,Nissan Qashqai 1.3 DIG-T Sky Pack,2022,149000,1809000,4
nissan-qashqai,Nissan Qashqai,Nissan Qashqai 1.3 DIG-T Platinum Premium,2022,40000,1725000,4
nissan-qashqai,Nissan Qashqai,Nissan Qashqai 1.3 DIG-T Sky Pack,2022,93572,1825000,4
nissan-qashqai,Nissan Qashqai,Nissan Qashqai 1.3 DIG-T Platinum Premium,2022,108000,2050000,4
nissan-qashqai,Nissan Qashqai,Nissan Qashqai 1.3 DIG-T Sky Pack,2022,142000,1855000,4
nissan-qashqai,Nissan Qashqai,Nissan Qashqai 1.3 DIG-T Sky Pack,2022,84200,1985000,4
nissan-qashqai,Nissan Qashqai,Nissan Qashqai 1.3 DIG-T Sky Pack,2022,53500,1910000,4
nissan-qashqai,Nissan Qashqai,Nissan Qashqai 1.3 DIG-T Sky Pack,2022,94000,1885000,4
nissan-qashqai,Nissan Qashqai,Nissan Qashqai 1.3 DIG-T Platinum Premium Pack,2022,75000,2250000,4
nissan-qashqai,Nissan Qashqai,Nissan Qashqai 1.3 DIG-T Sky Pack,2022,40000,1725000,4
nissan-qashqai,Nissan Qashqai,Nissan Qashqai 1.3 DIG-T Sky Pack,2022,79500,1640000,4
nissan-qashqai,Nissan Qashqai,Nissan Qashqai 1.5 e-Power Skypack,2022,59985,2150000,4
nissan-qashqai,Nissan Qashqai,Nissan Qashqai 1.3 DIG-T Sky Pack,2022,120000,1850000,4
nissan-qashqai,Nissan Qashqai,Nissan Qashqai 1.3 DIG-T Design Pack,2022,40990,1904000,4
nissan-qashqai,Nissan Qashqai,Nissan Qashqai 1.3 DIG-T Sky Pack,2022,30000,2100000,4
nissan-qashqai,Nissan Qashqai,Nissan Qashqai 1.3 DIG-T Sky Pack,2022,113000,1850000,4
nissan-qashqai,Nissan Qashqai,Nissan Qashqai 1.3 DIG-T Sky Pack,2022,56000,2000000,4
nissan-qashqai,Nissan Qashqai,Nissan Qashqai 1.3 DIG-T Sky Pack,2022,88000,1880000,4
nissan-qashqai,Nissan Qashqai,Nissan Qashqai 1.3 DIG-T Sky Pack,2022,23000,2080000,4
nissan-qashqai,Nissan Qashqai,Nissan Qashqai 1.3 DIG-T N-Design,2022,98000,1890000,4
nissan-qashqai,Nissan Qashqai,Nissan Qashqai 1.3 DIG-T Sky Pack,2022,57000,2120000,4
nissan-qashqai,Nissan Qashqai,Nissan Qashqai 1.3 DIG-T Sky Pack,2022,220000,1650000,4
nissan-qashqai,Nissan Qashqai,Nissan Qashqai 1.3 DIG-T Sky Pack,2022,125000,1850000,4
nissan-qashqai,Nissan Qashqai,Nissan Qashqai 1.3 DIG-T Platinum Premium Pack,2022,49000,2150000,4
nissan-qashqai,Nissan Qashqai,Nissan Qashqai 1.3 DIG-T Sky Pack,2022,53000,1920000,4
nissan-qashqai,Nissan Qashqai,Nissan Qashqai 1.5 e-Power Skypack,2023,58000,2070000,3
nissan-qashqai,Nissan Qashqai,Nissan Qashqai 1.3 DIG-T Sky Pack,2023,47792,1955000,3
nissan-qashqai,Nissan Qashqai,Nissan Qashqai 1.5 e-Power Skypack,2023,44000,2060000,3
nissan-qashqai,Nissan Qashqai,Nissan Qashqai 1.3 DIG-T Design Pack,2023,17674,1930000,3
nissan-qashqai,Nissan Qashqai,Nissan Qashqai 1.3 DIG-T Design Pack,2023,56000,1840000,3
nissan-qashqai,Nissan Qashqai,Nissan Qashqai 1.3 DIG-T Design Pack,2023,194000,1699900,3
nissan-qashqai,Nissan Qashqai,Nissan Qashqai 1.3 DIG-T Design Pack,2023,31000,1929000,3
nissan-qashqai,Nissan Qashqai,Nissan Qashqai 1.5 e-Power Platinum Premium,2023,48500,2360000,3
nissan-qashqai,Nissan Qashqai,Nissan Qashqai 1.5 e-Power Platinum Premium,2023,44000,2289000,3
nissan-qashqai,Nissan Qashqai,Nissan Qashqai 1.5 e-Power Skypack,2023,25000,2225000,3
nissan-qashqai,Nissan Qashqai,Nissan Qashqai 1.5 e-Power Skypack,2023,210000,1710000,3
nissan-qashqai,Nissan Qashqai,Nissan Qashqai 1.5 e-Power Skypack,2023,41000,2200000,3
nissan-qashqai,Nissan Qashqai,Nissan Qashqai 1.5 e-Power Skypack,2023,93000,1928000,3
nissan-qashqai,Nissan Qashqai,Nissan Qashqai 1.5 e-Power Skypack,2023,85000,1948000,3
nissan-qashqai,Nissan Qashqai,Nissan Qashqai 1.5 e-Power Skypack,2023,96000,1989000,3
nissan-qashqai,Nissan Qashqai,Nissan Qashqai 1.3 DIG-T Sky Pack,2023,36000,2069000,3
nissan-qashqai,Nissan Qashqai,Nissan Qashqai 1.3 DIG-T Sky Pack,2023,109000,1879000,3
nissan-qashqai,Nissan Qashqai,Nissan Qashqai 1.3 DIG-T Sky Pack,2023,83000,1895000,3
nissan-qashqai,Nissan Qashqai,Nissan Qashqai 1.3 DIG-T Sky Pack,2023,98000,1775000,3
nissan-qashqai,Nissan Qashqai,Nissan Qashqai 1.3 DIG-T Platinum Premium Pack,2023,21500,2475000,3
nissan-qashqai,Nissan Qashqai,Nissan Qashqai 1.3 DIG-T Sky Pack,2023,70000,1857000,3
nissan-qashqai,Nissan Qashqai,Nissan Qashqai 1.3 DIG-T Sky Pack,2023,58000,2049000,3
nissan-qashqai,Nissan Qashqai,Nissan Qashqai 1.5 e-Power Skypack,2023,34000,2120000,3
nissan-qashqai,Nissan Qashqai,Nissan Qashqai 1.3 DIG-T Sky Pack,2023,46000,1999999,3
nissan-qashqai,Nissan Qashqai,Nissan Qashqai 1.3 DIG-T Platinum Premium,2023,28500,2225000,3
nissan-qashqai,Nissan Qashqai,Nissan Qashqai 1.5 e-Power Skypack,2023,55000,2050000,3
nissan-qashqai,Nissan Qashqai,Nissan Qashqai 1.5 e-Power Skypack,2023,32000,2015000,3
nissan-qashqai,Nissan Qashqai,Nissan Qashqai 1.3 DIG-T Sky Pack,2023,54000,1970000,3
nissan-qashqai,Nissan Qashqai,Nissan Qashqai 1.3 DIG-T Sky Pack,2023,89500,1770000,3
nissan-qashqai,Nissan Qashqai,Nissan Qashqai 1.5 e-Power Platinum Premium,2023,89000,2168000,3
nissan-qashqai,Nissan Qashqai,Nissan Qashqai 1.3 DIG-T Sky Pack,2023,106000,1980000,3
nissan-qashqai,Nissan Qashqai,Nissan Qashqai 1.5 e-Power Platinum Premium,2023,39000,2444000,3
nissan-qashqai,Nissan Qashqai,Nissan Qashqai 1.3 DIG-T Design Pack,2023,29000,1910000,3
nissan-qashqai,Nissan Qashqai,Nissan Qashqai 1.3 DIG-T Sky Pack,2023,54732,2050000,3
nissan-qashqai,Nissan Qashqai,Nissan Qashqai 1.5 e-Power Skypack,2023,55000,2215000,3
nissan-qashqai,Nissan Qashqai,Nissan Qashqai 1.5 e-Power Skypack,2023,49000,2125000,3
nissan-qashqai,Nissan Qashqai,Nissan Qashqai 1.3 DIG-T Platinum Premium,2023,40000,2360000,3
nissan-qashqai,Nissan Qashqai,Nissan Qashqai 1.3 DIG-T Platinum Premium,2023,15000,2440000,3
nissan-qashqai,Nissan Qashqai,Nissan Qashqai 1.3 DIG-T Sky Pack,2023,83000,1980000,3
nissan-qashqai,Nissan Qashqai,Nissan Qashqai 1.3 DIG-T Sky Pack,2023,21200,1915000,3
nissan-qashqai,Nissan Qashqai,Nissan Qashqai 1.5 e-Power Platinum Premium,2023,38500,2440000,3
nissan-qashqai,Nissan Qashqai,Nissan Qashqai 1.3 DIG-T Sky Pack,2023,95000,1889000,3
nissan-qashqai,Nissan Qashqai,Nissan Qashqai 1.3 DIG-T Sky Pack,2023,41000,2065000,3
nissan-qashqai,Nissan Qashqai,Nissan Qashqai 1.3 DIG-T Sky Pack,2023,39000,2045000,3
nissan-qashqai,Nissan Qashqai,Nissan Qashqai 1.3 DIG-T Sky Pack,2023,37500,2099000,3
nissan-qashqai,Nissan Qashqai,Nissan Qashqai 1.3 DIG-T Platinum Premium,2023,19000,2470000,3
nissan-qashqai,Nissan Qashqai,Nissan Qashqai 1.5 e-Power Platinum Premium,2023,34000,2420000,3
nissan-qashqai,Nissan Qashqai,Nissan Qashqai 1.5 e-Power Skypack,2023,6001,2275000,3
nissan-qashqai,Nissan Qashqai,Nissan Qashqai 1.5 e-Power Skypack,2023,29000,2249900,3
nissan-qashqai,Nissan Qashqai,Nissan Qashqai 1.5 e-Power Skypack,2023,37000,2220000,3
nissan-qashqai,Nissan Qashqai,Nissan Qashqai 1.5 e-Power Skypack,2023,38000,2170000,3
nissan-qashqai,Nissan Qashqai,Nissan Qashqai 1.5 e-Power Skypack,2023,26000,2200000,3
nissan-qashqai,Nissan Qashqai,Nissan Qashqai 1.5 e-Power Skypack,2023,74000,1985000,3
nissan-qashqai,Nissan Qashqai,Nissan Qashqai 1.5 e-Power Skypack,2023,27000,2150000,3
nissan-qashqai,Nissan Qashqai,Nissan Qashqai 1.5 e-Power Platinum Premium,2023,99500,2140000,3
nissan-qashqai,Nissan Qashqai,Nissan Qashqai 1.5 e-Power Skypack,2023,93000,2130000,3
nissan-qashqai,Nissan Qashqai,Nissan Qashqai 1.5 e-Power Skypack,2023,90000,2079000,3
nissan-qashqai,Nissan Qashqai,Nissan Qashqai 1.5 e-Power Skypack,2023,82000,2025000,3
nissan-qashqai,Nissan Qashqai,Nissan Qashqai 1.5 e-Power Skypack,2023,41000,1950000,3
nissan-qashqai,Nissan Qashqai,Nissan Qashqai 1.3 DIG-T Tekna,2023,65600,2335000,3
nissan-qashqai,Nissan Qashqai,Nissan Qashqai 1.3 DIG-T Platinum Premium,2023,15700,2199500,3
nissan-qashqai,Nissan Qashqai,Nissan Qashqai 1.3 DIG-T Sky Pack,2023,33700,2020000,3
nissan-qashqai,Nissan Qashqai,Nissan Qashqai 1.5 e-Power Skypack,2023,14159,2195000,3
nissan-qashqai,Nissan Qashqai,Nissan Qashqai 1.3 DIG-T Design Pack,2023,35000,1935000,3
nissan-qashqai,Nissan Qashqai,Nissan Qashqai 1.3 DIG-T Platinum Premium,2023,54000,2190000,3
nissan-qashqai,Nissan Qashqai,Nissan Qashqai 1.3 DIG-T Platinum Premium,2023,44000,2320000,3
nissan-qashqai,Nissan Qashqai,Nissan Qashqai 1.5 e-Power Skypack,2023,31350,2199000,3
nissan-qashqai,Nissan Qashqai,Nissan Qashqai 1.3 DIG-T Design Pack,2023,32311,1875000,3
nissan-qashqai,Nissan Qashqai,Nissan Qashqai 1.3 DIG-T Sky Pack,2023,48000,1950000,3
nissan-qashqai,Nissan Qashqai,Nissan Qashqai 1.3 DIG-T Sky Pack,2023,44000,2150000,3
nissan-qashqai,Nissan Qashqai,Nissan Qashqai 1.3 DIG-T Sky Pack,2023,35000,2195000,3
nissan-qashqai,Nissan Qashqai,Nissan Qashqai 1.3 DIG-T Sky Pack,2023,42000,2014999,3
nissan-qashqai,Nissan Qashqai,Nissan Qashqai 1.3 DIG-T Platinum Premium,2023,27200,2340000,3
nissan-qashqai,Nissan Qashqai,Nissan Qashqai 1.5 e-Power Skypack,2023,100000,2000000,3
nissan-qashqai,Nissan Qashqai,Nissan Qashqai 1.3 DIG-T Platinum Premium,2023,95000,2099000,3
nissan-qashqai,Nissan Qashqai,Nissan Qashqai 1.5 e-Power Skypack,2023,20000,2399000,3
nissan-qashqai,Nissan Qashqai,Nissan Qashqai 1.5 e-Power Skypack,2023,91371,1859000,3
nissan-qashqai,Nissan Qashqai,Nissan Qashqai 1.5 e-Power Skypack,2023,78000,2095000,3
nissan-qashqai,Nissan Qashqai,Nissan Qashqai 1.5 e-Power Skypack,2023,43697,2015000,3
nissan-qashqai,Nissan Qashqai,Nissan Qashqai 1.3 DIG-T Sky Pack,2023,45000,2080000,3
nissan-qashqai,Nissan Qashqai,Nissan Qashqai 1.5 e-Power Skypack,2023,52000,2100000,3
nissan-qashqai,Nissan Qashqai,Nissan Qashqai 1.3 DIG-T Sky Pack,2023,11000,2149500,3
nissan-qashqai,Nissan Qashqai,Nissan Qashqai 1.3 DIG-T Sky Pack,2023,17000,2095000,3
nissan-qashqai,Nissan Qashqai,Nissan Qashqai 1.3 DIG-T Sky Pack,2023,81000,2040000,3
nissan-qashqai,Nissan Qashqai,Nissan Qashqai 1.3 DIG-T Sky Pack,2023,53500,2069111,3
nissan-qashqai,Nissan Qashqai,Nissan Qashqai 1.3 DIG-T Sky Pack,2023,33000,2050000,3
nissan-qashqai,Nissan Qashqai,Nissan Qashqai 1.3 DIG-T Sky Pack,2023,30000,2110000,3
nissan-qashqai,Nissan Qashqai,Nissan Qashqai 1.3 DIG-T Sky Pack,2023,49000,2099950,3
nissan-qashqai,Nissan Qashqai,Nissan Qashqai 1.3 DIG-T Sky Pack,2023,36000,2069000,3
nissan-qashqai,Nissan Qashqai,Nissan Qashqai 1.3 DIG-T Sky Pack,2023,32000,2050000,3
nissan-qashqai,Nissan Qashqai,Nissan Qashqai 1.3 DIG-T Sky Pack,2023,33000,2049000,3
nissan-qashqai,Nissan Qashqai,Nissan Qashqai 1.3 DIG-T Sky Pack,2023,50000,1997500,3
nissan-qashqai,Nissan Qashqai,Nissan Qashqai 1.3 DIG-T Sky Pack,2023,75000,2000000,3
nissan-qashqai,Nissan Qashqai,Nissan Qashqai 1.3 DIG-T Sky Pack,2023,26900,1989000,3
nissan-qashqai,Nissan Qashqai,Nissan Qashqai 1.3 DIG-T Sky Pack,2023,86000,1879000,3
nissan-qashqai,Nissan Qashqai,Nissan Qashqai 1.3 DIG-T Sky Pack,2023,55000,1959000,3
nissan-qashqai,Nissan Qashqai,Nissan Qashqai 1.3 DIG-T Sky Pack,2023,77900,1975000,3
nissan-qashqai,Nissan Qashqai,Nissan Qashqai 1.3 DIG-T Design Pack,2023,38000,1925000,3
nissan-qashqai,Nissan Qashqai,Nissan Qashqai 1.5 e-Power Design,2023,70000,1875000,3
nissan-qashqai,Nissan Qashqai,Nissan Qashqai 1.5 e-Power Skypack,2023,35000,2200000,3
nissan-qashqai,Nissan Qashqai,Nissan Qashqai 1.5 e-Power Skypack,2023,86000,1979750,3
nissan-qashqai,Nissan Qashqai,Nissan Qashqai 1.5 e-Power Skypack,2023,108200,1935000,3
nissan-qashqai,Nissan Qashqai,Nissan Qashqai 1.3 DIG-T Platinum Premium,2023,86000,1985000,3
nissan-qashqai,Nissan Qashqai,Nissan Qashqai 1.3 DIG-T Sky Pack,2023,84020,1995000,3
nissan-qashqai,Nissan Qashqai,Nissan Qashqai 1.3 DIG-T Sky Pack,2023,64514,1939750,3
nissan-qashqai,Nissan Qashqai,Nissan Qashqai 1.3 DIG-T Sky Pack,2023,50000,2085000,3
nissan-qashqai,Nissan Qashqai,Nissan Qashqai 1.3 DIG-T Sky Pack,2023,32000,2150000,3
nissan-qashqai,Nissan Qashqai,Nissan Qashqai 1.3 DIG-T Sky Pack,2023,27000,2275000,3
nissan-qashqai,Nissan Qashqai,Nissan Qashqai 1.5 e-Power Skypack,2023,40000,2225000,3
nissan-qashqai,Nissan Qashqai,Nissan Qashqai 1.5 e-Power Skypack,2023,34000,2185000,3
nissan-qashqai,Nissan Qashqai,Nissan Qashqai 1.3 DIG-T Sky Pack,2023,42500,2095000,3
nissan-qashqai,Nissan Qashqai,Nissan Qashqai 1.3 DIG-T Sky Pack,2023,39700,2060000,3
nissan-qashqai,Nissan Qashqai,Nissan Qashqai 1.3 DIG-T Sky Pack,2023,37000,2010000,3
nissan-qashqai,Nissan Qashqai,Nissan Qashqai 1.3 DIG-T Sky Pack,2023,97352,1890000,3
nissan-qashqai,Nissan Qashqai,Nissan Qashqai 1.3 DIG-T Sky Pack,2023,58000,1999999,3
nissan-qashqai,Nissan Qashqai,Nissan Qashqai 1.3 DIG-T Sky Pack,2023,73500,2150000,3
nissan-qashqai,Nissan Qashqai,Nissan Qashqai 1.3 DIG-T Sky Pack,2023,41000,1995000,3
nissan-qashqai,Nissan Qashqai,Nissan Qashqai 1.5 e-Power Platinum Premium,2023,50800,2475000,3
nissan-qashqai,Nissan Qashqai,Nissan Qashqai 1.3 DIG-T Sky Pack,2023,36000,1960000,3
nissan-qashqai,Nissan Qashqai,Nissan Qashqai 1.3 DIG-T Sky Pack,2023,7500,2159500,3
nissan-qashqai,Nissan Qashqai,Nissan Qashqai 1.5 e-Power Skypack,2023,18800,2350000,3
nissan-qashqai,Nissan Qashqai,Nissan Qashqai 1.3 DIG-T Sky Pack,2023,151000,1975000,3
nissan-qashqai,Nissan Qashqai,Nissan Qashqai 1.5 e-Power Skypack,2023,57000,2400000,3
nissan-qashqai,Nissan Qashqai,Nissan Qashqai 1.3 DIG-T Sky Pack,2023,65000,1900000,3
nissan-qashqai,Nissan Qashqai,Nissan Qashqai 1.5 e-Power Skypack,2023,76000,2050000,3
nissan-qashqai,Nissan Qashqai,Nissan Qashqai 1.3 DIG-T Sky Pack,2023,26500,1949000,3
nissan-qashqai,Nissan Qashqai,Nissan Qashqai 1.3 DIG-T Sky Pack,2023,42000,2055000,3
nissan-qashqai,Nissan Qashqai,Nissan Qashqai 1.3 DIG-T Sky Pack,2023,71000,1995000,3
nissan-qashqai,Nissan Qashqai,Nissan Qashqai 1.3 DIG-T Sky Pack,2023,136000,1914999,3
nissan-qashqai,Nissan Qashqai,Nissan Qashqai 1.5 e-Power Skypack,2023,36500,2249000,3
nissan-qashqai,Nissan Qashqai,Nissan Qashqai 1.5 e-Power Skypack,2023,53500,2220000,3
nissan-qashqai,Nissan Qashqai,Nissan Qashqai 1.3 DIG-T Design Pack,2023,46000,1980000,3
nissan-qashqai,Nissan Qashqai,Nissan Qashqai 1.5 e-Power Skypack,2023,30103,2149000,3
nissan-qashqai,Nissan Qashqai,Nissan Qashqai 1.3 DIG-T Sky Pack,2023,28500,2239000,3
nissan-qashqai,Nissan Qashqai,Nissan Qashqai 1.3 DIG-T Sky Pack,2023,140000,1900000,3
nissan-qashqai,Nissan Qashqai,Nissan Qashqai 1.3 DIG-T Sky Pack,2023,35000,2465000,3
nissan-qashqai,Nissan Qashqai,Nissan Qashqai 1.3 DIG-T Sky Pack,2023,47000,2039000,3
nissan-qashqai,Nissan Qashqai,Nissan Qashqai 1.5 e-Power Skypack,2023,95733,1850000,3
nissan-qashqai,Nissan Qashqai,Nissan Qashqai 1.3 DIG-T Sky Pack,2023,54750,2065000,3
nissan-qashqai,Nissan Qashqai,Nissan Qashqai 1.5 e-Power Platinum Premium,2023,51200,2250000,3
nissan-qashqai,Nissan Qashqai,Nissan Qashqai 1.3 DIG-T Sky Pack,2024,27800,2342500,2
nissan-qashqai,Nissan Qashqai,Nissan Qashqai 1.5 e-Power Skypack,2024,17750,2750000,2
nissan-qashqai,Nissan Qashqai,Nissan Qashqai 1.3 DIG-T Platinum,2024,23200,2380000,2
nissan-qashqai,Nissan Qashqai,Nissan Qashqai 1.3 DIG-T Platinum Premium,2024,14000,2690000,2
nissan-qashqai,Nissan Qashqai,Nissan Qashqai 1.3 DIG-T Platinum,2024,29000,2320000,2
nissan-qashqai,Nissan Qashqai,Nissan Qashqai 1.5 e-Power Skypack,2024,86683,2195000,2
nissan-qashqai,Nissan Qashqai,Nissan Qashqai 1.3 DIG-T Design Pack,2024,94616,1850000,2
nissan-qashqai,Nissan Qashqai,Nissan Qashqai 1.3 DIG-T Design Pack,2024,83888,1875000,2
nissan-qashqai,Nissan Qashqai,Nissan Qashqai 1.3 DIG-T Sky Pack,2024,26500,2300000,2
nissan-qashqai,Nissan Qashqai,Nissan Qashqai 1.5 e-Power Platinum Premium,2024,31000,2425000,2
nissan-qashqai,Nissan Qashqai,Nissan Qashqai 1.5 e-Power Platinum Premium,2024,32000,2665000,2
nissan-qashqai,Nissan Qashqai,Nissan Qashqai 1.5 e-Power N-Design,2024,24000,2485000,2
nissan-qashqai,Nissan Qashqai,Nissan Qashqai 1.5 e-Power Skypack,2024,51000,2269500,2
nissan-qashqai,Nissan Qashqai,Nissan Qashqai 1.5 e-Power Platinum Premium,2024,52000,2485000,2
nissan-qashqai,Nissan Qashqai,Nissan Qashqai 1.3 DIG-T N-Connecta,2024,42300,2159000,2
nissan-qashqai,Nissan Qashqai,Nissan Qashqai 1.3 DIG-T N-Connecta,2024,35000,2275000,2
nissan-qashqai,Nissan Qashqai,Nissan Qashqai 1.5 e-Power Skypack,2024,20000,2479000,2
nissan-qashqai,Nissan Qashqai,Nissan Qashqai 1.3 DIG-T Sky Pack,2024,33500,2160000,2
nissan-qashqai,Nissan Qashqai,Nissan Qashqai 1.3 DIG-T N-Connecta,2024,33000,2149000,2
nissan-qashqai,Nissan Qashqai,Nissan Qashqai 1.3 DIG-T N-Connecta,2024,7500,2265000,2
nissan-qashqai,Nissan Qashqai,Nissan Qashqai 1.3 DIG-T Sky Pack,2024,27000,2235000,2
nissan-qashqai,Nissan Qashqai,Nissan Qashqai 1.3 DIG-T Sky Pack,2024,39000,2138000,2
nissan-qashqai,Nissan Qashqai,Nissan Qashqai 1.3 DIG-T Sky Pack,2024,24000,2210000,2
nissan-qashqai,Nissan Qashqai,Nissan Qashqai 1.3 DIG-T Platinum,2024,40000,2380000,2
nissan-qashqai,Nissan Qashqai,Nissan Qashqai 1.3 DIG-T Platinum,2024,15000,2750000,2
nissan-qashqai,Nissan Qashqai,Nissan Qashqai 1.5 e-Power Skypack,2024,6001,2625000,2
nissan-qashqai,Nissan Qashqai,Nissan Qashqai 1.5 e-Power Skypack,2024,9000,2520000,2
nissan-qashqai,Nissan Qashqai,Nissan Qashqai 1.5 e-Power N-Design,2024,19000,2925000,2
nissan-qashqai,Nissan Qashqai,Nissan Qashqai 1.5 e-Power Skypack,2024,7276,2275000,2
nissan-qashqai,Nissan Qashqai,Nissan Qashqai 1.3 DIG-T Platinum,2024,30000,2515000,2
nissan-qashqai,Nissan Qashqai,Nissan Qashqai 1.3 DIG-T N-Connecta,2024,23300,2195000,2
nissan-qashqai,Nissan Qashqai,Nissan Qashqai 1.3 DIG-T Sky Pack,2024,19700,2382000,2
nissan-qashqai,Nissan Qashqai,Nissan Qashqai 1.3 DIG-T Platinum,2024,22000,2425000,2
nissan-qashqai,Nissan Qashqai,Nissan Qashqai 1.5 e-Power N-Design,2024,16088,2655950,2
nissan-qashqai,Nissan Qashqai,Nissan Qashqai 1.5 e-Power N-Design,2024,17000,2565000,2
nissan-qashqai,Nissan Qashqai,Nissan Qashqai 1.3 DIG-T Sky Pack,2024,35000,2080000,2
nissan-qashqai,Nissan Qashqai,Nissan Qashqai 1.3 DIG-T Sky Pack,2024,38000,2200000,2
nissan-qashqai,Nissan Qashqai,Nissan Qashqai 1.5 e-Power N-Design,2024,24000,2569000,2
nissan-qashqai,Nissan Qashqai,Nissan Qashqai 1.3 DIG-T Platinum Premium,2024,14000,2625000,2
nissan-qashqai,Nissan Qashqai,Nissan Qashqai 1.3 DIG-T Platinum Premium,2024,52500,2235000,2
nissan-qashqai,Nissan Qashqai,Nissan Qashqai 1.5 e-Power Skypack,2024,18000,2610000,2
nissan-qashqai,Nissan Qashqai,Nissan Qashqai 1.5 e-Power Platinum Premium,2024,32750,2599750,2
nissan-qashqai,Nissan Qashqai,Nissan Qashqai 1.5 e-Power N-Design,2024,33089,2458000,2
nissan-qashqai,Nissan Qashqai,Nissan Qashqai 1.5 e-Power Skypack,2024,25000,2570000,2
nissan-qashqai,Nissan Qashqai,Nissan Qashqai 1.5 e-Power Skypack,2024,42686,2250000,2
nissan-qashqai,Nissan Qashqai,Nissan Qashqai 1.5 e-Power Platinum Premium,2024,50000,2470000,2
nissan-qashqai,Nissan Qashqai,Nissan Qashqai 1.3 DIG-T Platinum,2024,6001,2430000,2
nissan-qashqai,Nissan Qashqai,Nissan Qashqai 1.3 DIG-T N-Connecta,2024,18500,2300000,2
nissan-qashqai,Nissan Qashqai,Nissan Qashqai 1.3 DIG-T Sky Pack,2024,43600,2190000,2
nissan-qashqai,Nissan Qashqai,Nissan Qashqai 1.3 DIG-T Sky Pack,2024,24000,2255000,2
nissan-qashqai,Nissan Qashqai,Nissan Qashqai 1.3 DIG-T Sky Pack,2024,28000,2175000,2
nissan-qashqai,Nissan Qashqai,Nissan Qashqai 1.3 DIG-T Platinum,2024,22000,2500000,2
nissan-qashqai,Nissan Qashqai,Nissan Qashqai 1.5 e-Power Platinum Premium,2024,25000,2695000,2
nissan-qashqai,Nissan Qashqai,Nissan Qashqai 1.3 DIG-T Platinum,2024,14000,2560000,2
nissan-qashqai,Nissan Qashqai,Nissan Qashqai 1.3 DIG-T Design Pack,2024,9250,2085000,2
nissan-qashqai,Nissan Qashqai,Nissan Qashqai 1.3 DIG-T Sky Pack,2024,8000,2300000,2
nissan-qashqai,Nissan Qashqai,Nissan Qashqai 1.3 DIG-T Sky Pack,2024,8000,2299000,2
nissan-qashqai,Nissan Qashqai,Nissan Qashqai 1.3 DIG-T Sky Pack,2024,12500,2255000,2
nissan-qashqai,Nissan Qashqai,Nissan Qashqai 1.3 DIG-T Sky Pack,2024,27000,2250000,2
nissan-qashqai,Nissan Qashqai,Nissan Qashqai 1.3 DIG-T Sky Pack,2024,51000,2135000,2
nissan-qashqai,Nissan Qashqai,Nissan Qashqai 1.3 DIG-T Sky Pack,2024,88300,1995000,2
nissan-qashqai,Nissan Qashqai,Nissan Qashqai 1.3 DIG-T Sky Pack,2024,113000,1899950,2
nissan-qashqai,Nissan Qashqai,Nissan Qashqai 1.3 DIG-T Sky Pack,2024,10000,2360000,2
nissan-qashqai,Nissan Qashqai,Nissan Qashqai 1.3 DIG-T Sky Pack,2024,29500,2300000,2
nissan-qashqai,Nissan Qashqai,Nissan Qashqai 1.3 DIG-T Platinum Premium,2024,28000,2699750,2
nissan-qashqai,Nissan Qashqai,Nissan Qashqai 1.3 DIG-T Sky Pack,2024,7000,2295000,2
nissan-qashqai,Nissan Qashqai,Nissan Qashqai 1.3 DIG-T Platinum Premium,2024,47600,2480000,2
nissan-qashqai,Nissan Qashqai,Nissan Qashqai 1.5 e-Power Skypack,2024,25000,2395000,2
nissan-qashqai,Nissan Qashqai,Nissan Qashqai 1.3 DIG-T Sky Pack,2024,9000,2345000,2
nissan-qashqai,Nissan Qashqai,Nissan Qashqai 1.5 e-Power Skypack,2024,66000,2395000,2
nissan-qashqai,Nissan Qashqai,Nissan Qashqai 1.3 DIG-T Design Pack,2024,20000,2130000,2
nissan-qashqai,Nissan Qashqai,Nissan Qashqai 1.5 e-Power Skypack,2024,30100,2450000,2
nissan-qashqai,Nissan Qashqai,Nissan Qashqai 1.3 DIG-T Platinum,2024,29296,2415000,2
nissan-qashqai,Nissan Qashqai,Nissan Qashqai 1.3 DIG-T N-Connecta,2024,17000,2268000,2
nissan-qashqai,Nissan Qashqai,Nissan Qashqai 1.3 DIG-T Sky Pack,2024,19500,2250000,2
nissan-qashqai,Nissan Qashqai,Nissan Qashqai 1.3 DIG-T Sky Pack,2024,63353,2160000,2
nissan-qashqai,Nissan Qashqai,Nissan Qashqai 1.3 DIG-T N-Connecta,2024,11500,1975000,2
nissan-qashqai,Nissan Qashqai,Nissan Qashqai 1.3 DIG-T N-Connecta,2024,40000,2200000,2
nissan-qashqai,Nissan Qashqai,Nissan Qashqai 1.3 DIG-T Platinum Premium,2024,19000,2629000,2
nissan-qashqai,Nissan Qashqai,Nissan Qashqai 1.5 e-Power N-Design,2024,10000,2599000,2
nissan-qashqai,Nissan Qashqai,Nissan Qashqai 1.3 DIG-T Sky Pack,2024,9000,2425000,2
nissan-qashqai,Nissan Qashqai,Nissan Qashqai 1.3 DIG-T Sky Pack,2024,27000,2220000,2
nissan-qashqai,Nissan Qashqai,Nissan Qashqai 1.3 DIG-T Sky Pack,2024,15000,2420000,2
nissan-qashqai,Nissan Qashqai,Nissan Qashqai 1.5 e-Power Platinum Premium,2024,26000,2750000,2
nissan-qashqai,Nissan Qashqai,Nissan Qashqai 1.5 e-Power N-Design,2024,10000,2920000,2
nissan-qashqai,Nissan Qashqai,Nissan Qashqai 1.5 e-Power N-Design,2024,7815,2700000,2
nissan-qashqai,Nissan Qashqai,Nissan Qashqai 1.5 e-Power Platinum,2024,27000,2850000,2
nissan-qashqai,Nissan Qashqai,Nissan Qashqai 1.3 DIG-T Sky Pack,2024,10000,2100000,2
nissan-qashqai,Nissan Qashqai,Nissan Qashqai 1.3 DIG-T Sky Pack,2024,17000,2399900,2
nissan-qashqai,Nissan Qashqai,Nissan Qashqai 1.5 e-Power Skypack,2024,31000,2650000,2
nissan-qashqai,Nissan Qashqai,Nissan Qashqai 1.5 e-Power N-Design,2024,19000,2657500,2
nissan-qashqai,Nissan Qashqai,Nissan Qashqai 1.3 DIG-T Sky Pack,2024,24726,2150000,2
nissan-qashqai,Nissan Qashqai,Nissan Qashqai 1.5 e-Power Platinum Premium,2024,17100,2674000,2
nissan-qashqai,Nissan Qashqai,Nissan Qashqai 1.5 e-Power Skypack,2024,32800,2450000,2
nissan-qashqai,Nissan Qashqai,Nissan Qashqai 1.3 DIG-T Design Pack,2024,13000,2100000,2
nissan-qashqai,Nissan Qashqai,Nissan Qashqai 1.3 DIG-T Platinum,2024,42000,2395000,2
nissan-qashqai,Nissan Qashqai,Nissan Qashqai 1.3 DIG-T Sky Pack,2024,19000,2199000,2
nissan-qashqai,Nissan Qashqai,Nissan Qashqai 1.5 e-Power Platinum Premium,2024,61500,2450000,2
nissan-qashqai,Nissan Qashqai,Nissan Qashqai 1.3 DIG-T Platinum,2024,23000,2540000,2
nissan-qashqai,Nissan Qashqai,Nissan Qashqai 1.5 e-Power Skypack,2024,21500,2450000,2
nissan-qashqai,Nissan Qashqai,Nissan Qashqai 1.5 e-Power Platinum,2024,7100,2650000,2
nissan-qashqai,Nissan Qashqai,Nissan Qashqai 1.3 DIG-T Sky Pack,2024,12600,2420000,2
nissan-qashqai,Nissan Qashqai,Nissan Qashqai 1.5 e-Power Skypack,2024,30000,2599000,2
nissan-qashqai,Nissan Qashqai,Nissan Qashqai 1.5 e-Power Skypack,2024,26000,2350000,2
nissan-qashqai,Nissan Qashqai,Nissan Qashqai 1.3 DIG-T Platinum,2024,34000,2550000,2
nissan-qashqai,Nissan Qashqai,Nissan Qashqai 1.3 DIG-T Sky Pack,2024,19800,2425000,2
nissan-qashqai,Nissan Qashqai,Nissan Qashqai 1.3 DIG-T Sky Pack,2024,8750,2300000,2
nissan-qashqai,Nissan Qashqai,Nissan Qashqai 1.3 DIG-T N-Design,2024,16500,2275000,2
nissan-qashqai,Nissan Qashqai,Nissan Qashqai 1.3 DIG-T Sky Pack,2024,8500,2370000,2
nissan-qashqai,Nissan Qashqai,Nissan Qashqai 1.3 DIG-T Sky Pack,2024,13500,2390000,2
nissan-qashqai,Nissan Qashqai,Nissan Qashqai 1.5 e-Power N-Design,2024,26000,2595000,2
nissan-qashqai,Nissan Qashqai,Nissan Qashqai 1.3 DIG-T N-Connecta,2024,8500,2350000,2
nissan-qashqai,Nissan Qashqai,Nissan Qashqai 1.3 DIG-T Sky Pack,2024,10550,2450000,2
nissan-qashqai,Nissan Qashqai,Nissan Qashqai 1.3 DIG-T Sky Pack,2025,10100,2410000,1
nissan-qashqai,Nissan Qashqai,Nissan Qashqai 1.3 DIG-T Platinum,2025,34866,2465000,1
nissan-qashqai,Nissan Qashqai,Nissan Qashqai 1.3 DIG-T Platinum,2025,34468,2460000,1
nissan-qashqai,Nissan Qashqai,Nissan Qashqai 1.3 DIG-T Platinum,2025,30703,2465000,1
nissan-qashqai,Nissan Qashqai,Nissan Qashqai 1.3 DIG-T Platinum,2025,30212,2470000,1
nissan-qashqai,Nissan Qashqai,Nissan Qashqai 1.3 DIG-T Platinum,2025,30723,2495000,1
nissan-qashqai,Nissan Qashqai,Nissan Qashqai 1.3 DIG-T Platinum,2025,17162,2490000,1
nissan-qashqai,Nissan Qashqai,Nissan Qashqai 1.3 DIG-T Sky Pack,2025,17000,2290000,1
nissan-qashqai,Nissan Qashqai,Nissan Qashqai 1.3 DIG-T Platinum,2025,21725,2549990,1
nissan-qashqai,Nissan Qashqai,Nissan Qashqai 1.3 DIG-T Platinum,2025,22000,2559750,1
nissan-qashqai,Nissan Qashqai,Nissan Qashqai 1.3 DIG-T Platinum,2025,44000,2580000,1
nissan-qashqai,Nissan Qashqai,Nissan Qashqai 1.5 e-Power Skypack,2025,10150,2700000,1
nissan-qashqai,Nissan Qashqai,Nissan Qashqai 1.3 DIG-T Sky Pack,2025,15000,2305000,1
nissan-qashqai,Nissan Qashqai,Nissan Qashqai 1.3 DIG-T Sky Pack,2025,7500,2590000,1
nissan-qashqai,Nissan Qashqai,Nissan Qashqai 1.3 DIG-T Sky Pack,2025,13000,2389000,1
nissan-qashqai,Nissan Qashqai,Nissan Qashqai 1.3 DIG-T Platinum,2025,24470,2549950,1
nissan-qashqai,Nissan Qashqai,Nissan Qashqai 1.3 DIG-T Design Pack,2025,14000,2025000,1
nissan-qashqai,Nissan Qashqai,Nissan Qashqai 1.3 DIG-T Design Pack,2025,7600,2079000,1
nissan-qashqai,Nissan Qashqai,Nissan Qashqai 1.3 DIG-T Sky Pack,2025,13000,2375000,1
nissan-qashqai,Nissan Qashqai,Nissan Qashqai 1.3 DIG-T Sky Pack,2025,22900,2299900,1
nissan-qashqai,Nissan Qashqai,Nissan Qashqai 1.3 DIG-T Sky Pack,2025,39000,2249000,1
nissan-qashqai,Nissan Qashqai,Nissan Qashqai 1.3 DIG-T Sky Pack,2025,52000,2199000,1
nissan-qashqai,Nissan Qashqai,Nissan Qashqai 1.3 DIG-T Sky Pack,2025,11000,2495000,1
nissan-qashqai,Nissan Qashqai,Nissan Qashqai 1.3 DIG-T Sky Pack,2025,18000,2500000,1
nissan-qashqai,Nissan Qashqai,Nissan Qashqai 1.3 DIG-T Design Pack,2025,10800,2140000,1
nissan-qashqai,Nissan Qashqai,Nissan Qashqai 1.3 DIG-T Platinum Premium,2025,6001,2669000,1
nissan-qashqai,Nissan Qashqai,Nissan Qashqai 1.3 DIG-T Platinum Premium,2025,6001,2669000,1
nissan-qashqai,Nissan Qashqai,Nissan Qashqai 1.3 DIG-T Platinum Premium,2025,19000,2720000,1
nissan-qashqai,Nissan Qashqai,Nissan Qashqai 1.3 DIG-T Platinum Premium,2025,16000,2720000,1
nissan-qashqai,Nissan Qashqai,Nissan Qashqai 1.3 DIG-T Platinum Premium,2025,13000,2598750,1
nissan-qashqai,Nissan Qashqai,Nissan Qashqai 1.3 DIG-T Platinum,2025,25000,2615000,1
nissan-qashqai,Nissan Qashqai,Nissan Qashqai 1.3 DIG-T Design Pack,2025,6001,2159000,1
nissan-qashqai,Nissan Qashqai,Nissan Qashqai 1.3 DIG-T Design Pack,2025,38000,2065000,1
nissan-qashqai,Nissan Qashqai,Nissan Qashqai 1.3 DIG-T Sky Pack,2025,43000,2369900,1
nissan-qashqai,Nissan Qashqai,Nissan Qashqai 1.5 e-Power Skypack,2025,9700,2665000,1
nissan-qashqai,Nissan Qashqai,Nissan Qashqai 1.3 DIG-T Platinum Premium,2025,28000,2799750,1
nissan-qashqai,Nissan Qashqai,Nissan Qashqai 1.3 DIG-T Platinum,2025,30512,2525950,1
nissan-qashqai,Nissan Qashqai,Nissan Qashqai 1.3 DIG-T Platinum,2025,29676,2525950,1
nissan-qashqai,Nissan Qashqai,Nissan Qashqai 1.3 DIG-T Design Pack,2025,9600,2090000,1
nissan-qashqai,Nissan Qashqai,Nissan Qashqai 1.3 DIG-T Platinum Premium,2025,14709,2625000,1
nissan-qashqai,Nissan Qashqai,Nissan Qashqai 1.3 DIG-T Sky Pack,2025,14800,2325000,1
nissan-qashqai,Nissan Qashqai,Nissan Qashqai 1.3 DIG-T Platinum,2025,23694,2479000,1
nissan-qashqai,Nissan Qashqai,Nissan Qashqai 1.3 DIG-T Platinum,2025,35000,2499950,1
nissan-qashqai,Nissan Qashqai,Nissan Qashqai 1.3 DIG-T Platinum,2025,37000,2445000,1
nissan-qashqai,Nissan Qashqai,Nissan Qashqai 1.3 DIG-T Platinum Premium,2025,7000,2679000,1
nissan-qashqai,Nissan Qashqai,Nissan Qashqai 1.3 DIG-T Platinum Premium,2025,6001,2669000,1
nissan-qashqai,Nissan Qashqai,Nissan Qashqai 1.3 DIG-T Platinum Premium,2025,6001,2669000,1
nissan-qashqai,Nissan Qashqai,Nissan Qashqai 1.3 DIG-T Platinum Premium,2025,12000,2799750,1
nissan-qashqai,Nissan Qashqai,Nissan Qashqai 1.3 DIG-T Platinum,2025,38000,2600000,1
nissan-qashqai,Nissan Qashqai,Nissan Qashqai 1.3 DIG-T Platinum,2025,44000,2615000,1
nissan-qashqai,Nissan Qashqai,Nissan Qashqai 1.3 DIG-T Design Pack,2025,8792,2070000,1
nissan-qashqai,Nissan Qashqai,Nissan Qashqai 1.3 DIG-T Sky Pack,2025,42000,2222000,1
nissan-qashqai,Nissan Qashqai,Nissan Qashqai 1.3 DIG-T Sky Pack,2025,40000,2199000,1
nissan-qashqai,Nissan Qashqai,Nissan Qashqai 1.3 DIG-T Sky Pack,2025,19500,2310000,1
nissan-qashqai,Nissan Qashqai,Nissan Qashqai 1.3 DIG-T Sky Pack,2025,25000,2250000,1
nissan-qashqai,Nissan Qashqai,Nissan Qashqai 1.3 DIG-T Platinum,2025,32000,2430000,1
nissan-qashqai,Nissan Qashqai,Nissan Qashqai 1.3 DIG-T Platinum Premium,2025,9000,2895000,1
nissan-qashqai,Nissan Qashqai,Nissan Qashqai 1.3 DIG-T Platinum,2025,31500,2590000,1
nissan-qashqai,Nissan Qashqai,Nissan Qashqai 1.3 DIG-T Platinum,2025,36500,2590000,1
nissan-qashqai,Nissan Qashqai,Nissan Qashqai 1.5 e-Power Skypack,2025,20000,2690000,1
nissan-qashqai,Nissan Qashqai,Nissan Qashqai 1.3 DIG-T Sky Pack,2025,20000,2365000,1
nissan-qashqai,Nissan Qashqai,Nissan Qashqai 1.3 DIG-T Design Pack,2025,9463,2185000,1
nissan-qashqai,Nissan Qashqai,Nissan Qashqai 1.3 DIG-T Design Pack,2025,24000,1995000,1
nissan-qashqai,Nissan Qashqai,Nissan Qashqai 1.3 DIG-T Design Pack,2025,30000,2125000,1
nissan-qashqai,Nissan Qashqai,Nissan Qashqai 1.3 DIG-T Platinum,2025,29500,2469000,1
nissan-qashqai,Nissan Qashqai,Nissan Qashqai 1.3 DIG-T Platinum,2025,33910,2540000,1
nissan-qashqai,Nissan Qashqai,Nissan Qashqai 1.3 DIG-T Sky Pack,2025,12000,2305000,1
nissan-qashqai,Nissan Qashqai,Nissan Qashqai 1.3 DIG-T Design Pack,2025,6200,2080000,1
nissan-qashqai,Nissan Qashqai,Nissan Qashqai 1.3 DIG-T Design Pack,2025,6001,2200000,1
nissan-qashqai,Nissan Qashqai,Nissan Qashqai 1.3 DIG-T Design Pack,2025,8900,2125000,1
nissan-qashqai,Nissan Qashqai,Nissan Qashqai 1.3 DIG-T Design Pack,2025,25000,1999999,1
nissan-qashqai,Nissan Qashqai,Nissan Qashqai 1.3 DIG-T Design Pack,2025,15000,2088000,1
nissan-qashqai,Nissan Qashqai,Nissan Qashqai 1.3 DIG-T Platinum Premium,2025,6006,2925000,1
nissan-qashqai,Nissan Qashqai,Nissan Qashqai 1.3 DIG-T Platinum,2025,13500,2595000,1
nissan-qashqai,Nissan Qashqai,Nissan Qashqai 1.3 DIG-T Platinum,2025,21000,2520000,1
nissan-qashqai,Nissan Qashqai,Nissan Qashqai 1.3 DIG-T Platinum,2025,6001,2699000,1
nissan-qashqai,Nissan Qashqai,Nissan Qashqai 1.3 DIG-T Platinum,2025,39000,2585000,1
nissan-qashqai,Nissan Qashqai,Nissan Qashqai 1.3 DIG-T Sky Pack,2025,10638,2369000,1
nissan-qashqai,Nissan Qashqai,Nissan Qashqai 1.5 e-Power Platinum Premium,2025,14200,3089000,1
nissan-qashqai,Nissan Qashqai,Nissan Qashqai 1.3 DIG-T Sky Pack,2025,15000,2310000,1
nissan-qashqai,Nissan Qashqai,Nissan Qashqai 1.3 DIG-T Sky Pack,2025,6500,2490000,1
nissan-qashqai,Nissan Qashqai,Nissan Qashqai 1.3 DIG-T Sky Pack,2025,8700,1990000,1
nissan-qashqai,Nissan Qashqai,Nissan Qashqai 1.3 DIG-T Design Pack,2025,11000,2050000,1
nissan-qashqai,Nissan Qashqai,Nissan Qashqai 1.3 DIG-T Platinum,2025,39600,2415000,1
nissan-qashqai,Nissan Qashqai,Nissan Qashqai 1.3 DIG-T Platinum Premium,2025,15000,2715000,1
nissan-qashqai,Nissan Qashqai,Nissan Qashqai 1.3 DIG-T Design Pack,2025,6001,2125000,1
nissan-qashqai,Nissan Qashqai,Nissan Qashqai 1.3 DIG-T N-Connecta,2025,6001,2219000,1
nissan-qashqai,Nissan Qashqai,Nissan Qashqai 1.3 DIG-T Sky Pack,2025,19500,2429000,1
nissan-qashqai,Nissan Qashqai,Nissan Qashqai 1.3 DIG-T Sky Pack,2025,6300,2512900,1
nissan-qashqai,Nissan Qashqai,Nissan Qashqai 1.3 DIG-T Sky Pack,2025,6001,2420000,1
nissan-qashqai,Nissan Qashqai,Nissan Qashqai 1.3 DIG-T Sky Pack,2025,18000,2395000,1
nissan-qashqai,Nissan Qashqai,Nissan Qashqai 1.3 DIG-T Sky Pack,2025,19000,2319000,1
nissan-qashqai,Nissan Qashqai,Nissan Qashqai 1.3 DIG-T Sky Pack,2025,6010,2369750,1
nissan-qashqai,Nissan Qashqai,Nissan Qashqai 1.3 DIG-T Sky Pack,2025,7800,2360000,1
nissan-qashqai,Nissan Qashqai,Nissan Qashqai 1.3 DIG-T Sky Pack,2025,8000,2350000,1
nissan-qashqai,Nissan Qashqai,Nissan Qashqai 1.3 DIG-T Sky Pack,2025,10000,2349000,1
nissan-qashqai,Nissan Qashqai,Nissan Qashqai 1.3 DIG-T Sky Pack,2025,22000,2228500,1
nissan-qashqai,Nissan Qashqai,Nissan Qashqai 1.3 DIG-T Sky Pack,2025,32900,2230000,1
nissan-qashqai,Nissan Qashqai,Nissan Qashqai 1.3 DIG-T Sky Pack,2025,18000,2295000,1
nissan-qashqai,Nissan Qashqai,Nissan Qashqai 1.3 DIG-T Sky Pack,2025,42000,2198000,1
nissan-qashqai,Nissan Qashqai,Nissan Qashqai 1.3 DIG-T Design Pack,2025,6100,2225000,1
nissan-qashqai,Nissan Qashqai,Nissan Qashqai 1.3 DIG-T Design Pack,2025,12000,1815000,1
nissan-qashqai,Nissan Qashqai,Nissan Qashqai 1.3 DIG-T Platinum,2025,22500,2595000,1
nissan-qashqai,Nissan Qashqai,Nissan Qashqai 1.3 DIG-T Sky Pack,2025,6025,2850000,1
nissan-qashqai,Nissan Qashqai,Nissan Qashqai 1.3 DIG-T Sky Pack,2025,6250,2390000,1
nissan-qashqai,Nissan Qashqai,Nissan Qashqai 1.3 DIG-T Platinum,2025,32000,2550000,1
nissan-qashqai,Nissan Qashqai,Nissan Qashqai 1.3 DIG-T Design Pack,2025,9200,2150000,1
nissan-qashqai,Nissan Qashqai,Nissan Qashqai 1.3 DIG-T Sky Pack,2025,6900,2500000,1
nissan-qashqai,Nissan Qashqai,Nissan Qashqai 1.3 DIG-T Platinum,2025,36000,2650000,1
nissan-qashqai,Nissan Qashqai,Nissan Qashqai 1.3 DIG-T Sky Pack,2025,30000,2239000,1
nissan-qashqai,Nissan Qashqai,Nissan Qashqai 1.3 DIG-T Sky Pack,2025,6001,2795000,1
nissan-qashqai,Nissan Qashqai,Nissan Qashqai 1.3 DIG-T Sky Pack,2025,6001,2580000,1
nissan-qashqai,Nissan Qashqai,Nissan Qashqai 1.3 DIG-T Design Pack,2025,8150,2025000,1
nissan-qashqai,Nissan Qashqai,Nissan Qashqai 1.5 e-Power Platinum,2025,22500,2875000,1
nissan-qashqai,Nissan Qashqai,Nissan Qashqai 1.3 DIG-T Sky Pack,2025,6001,2500000,1
nissan-qashqai,Nissan Qashqai,Nissan Qashqai 1.3 DIG-T Platinum,2025,32000,2525000,1
nissan-qashqai,Nissan Qashqai,Nissan Qashqai 1.3 DIG-T Sky Pack,2025,17000,2375000,1
nissan-qashqai,Nissan Qashqai,Nissan Qashqai 1.3 DIG-T Sky Pack,2025,20000,2468750,1
nissan-qashqai,Nissan Qashqai,Nissan Qashqai 1.3 DIG-T Design Pack,2025,6250,2095000,1
nissan-qashqai,Nissan Qashqai,Nissan Qashqai 1.3 DIG-T Sky Pack,2025,6750,2355000,1
nissan-qashqai,Nissan Qashqai,Nissan Qashqai 1.3 DIG-T Sky Pack,2025,6001,2365000,1
nissan-qashqai,Nissan Qashqai,Nissan Qashqai 1.3 DIG-T Design Pack,2025,10000,2090000,1
nissan-qashqai,Nissan Qashqai,Nissan Qashqai 1.3 DIG-T Sky Pack,2025,22000,2389000,1
nissan-qashqai,Nissan Qashqai,Nissan Qashqai 1.3 DIG-T Sky Pack,2025,38000,2375000,1
nissan-qashqai,Nissan Qashqai,Nissan Qashqai 1.3 DIG-T Platinum,2025,33000,2100000,1
nissan-qashqai,Nissan Qashqai,Nissan Qashqai 1.3 DIG-T Sky Pack,2025,11700,2450000,1
nissan-qashqai,Nissan Qashqai,Nissan Qashqai 1.3 DIG-T Sky Pack,2025,31000,2290000,1
nissan-qashqai,Nissan Qashqai,Nissan Qashqai 1.3 DIG-T Sky Pack,2025,20039,2365000,1
nissan-qashqai,Nissan Qashqai,Nissan Qashqai 1.3 DIG-T Platinum,2025,29800,2485000,1
nissan-qashqai,Nissan Qashqai,Nissan Qashqai 1.3 DIG-T Sky Pack,2025,50850,2265000,1
nissan-qashqai,Nissan Qashqai,Nissan Qashqai 1.3 DIG-T Sky Pack,2025,8660,2469000,1
nissan-qashqai,Nissan Qashqai,Nissan Qashqai 1.3 DIG-T Sky Pack,2025,19800,2469500,1
nissan-qashqai,Nissan Qashqai,Nissan Qashqai 1.3 DIG-T Design Pack,2025,6001,2161000,1
nissan-qashqai,Nissan Qashqai,Nissan Qashqai 1.3 DIG-T Sky Pack,2025,35450,2305000,1
nissan-qashqai,Nissan Qashqai,Nissan Qashqai 1.3 DIG-T Sky Pack,2025,39000,2299000,1
nissan-qashqai,Nissan Qashqai,Nissan Qashqai 1.3 DIG-T Platinum,2025,32502,2490000,1
nissan-qashqai,Nissan Qashqai,Nissan Qashqai 1.3 DIG-T Sky Pack,2025,8900,2385000,1
nissan-qashqai,Nissan Qashqai,Nissan Qashqai 1.3 DIG-T Design Pack,2025,10400,2085000,1
nissan-qashqai,Nissan Qashqai,Nissan Qashqai 1.3 DIG-T Sky Pack,2025,6001,2558000,1
nissan-qashqai,Nissan Qashqai,Nissan Qashqai 1.3 DIG-T Sky Pack,2025,6001,2580000,1
nissan-qashqai,Nissan Qashqai,Nissan Qashqai 1.3 DIG-T Design Pack,2025,6001,2125000,1
nissan-qashqai,Nissan Qashqai,Nissan Qashqai 1.3 DIG-T Sky Pack,2025,12000,2350000,1
nissan-qashqai,Nissan Qashqai,Nissan Qashqai 1.3 DIG-T Design Pack,2025,10000,2120000,1
nissan-qashqai,Nissan Qashqai,Nissan Qashqai 1.3 DIG-T Sky Pack,2025,6005,2950000,1
nissan-qashqai,Nissan Qashqai,Nissan Qashqai 1.3 DIG-T Design Pack,2025,7500,2150000,1
nissan-qashqai,Nissan Qashqai,Nissan Qashqai 1.3 DIG-T Platinum Premium Pack,2025,8766,2845000,1
nissan-qashqai,Nissan Qashqai,Nissan Qashqai 1.3 DIG-T Platinum,2025,24000,2475000,1
nissan-qashqai,Nissan Qashqai,Nissan Qashqai 1.3 DIG-T Platinum,2025,6001,2620000,1
nissan-qashqai,Nissan Qashqai,Nissan Qashqai 1.3 DIG-T Sky Pack,2026,6001,2365000,0
nissan-qashqai,Nissan Qashqai,Nissan Qashqai 1.3 DIG-T Sky Pack,2026,6100,2650000,0
opel-mokka,Opel Mokka,Opel Mokka 1.6 CDTI Cosmo,2016,103000,1159750,10
opel-mokka,Opel Mokka,Opel Mokka 1.6 CDTI Enjoy,2016,152000,1095000,10
opel-mokka,Opel Mokka,Opel Mokka 1.6 CDTI Cosmo,2016,215000,899000,10
opel-mokka,Opel Mokka,Opel Mokka 1.4 Cosmo,2016,104850,1050000,10
opel-mokka,Opel Mokka,Opel Mokka 1.6 Enjoy,2016,97000,1000000,10
opel-mokka,Opel Mokka,Opel Mokka 1.6 CDTI Cosmo,2016,166399,1105000,10
opel-mokka,Opel Mokka,Opel Mokka 1.6 CDTI Cosmo,2016,204000,1050000,10
opel-mokka,Opel Mokka,Opel Mokka 1.6 CDTI Cosmo,2016,165000,1080000,10
opel-mokka,Opel Mokka,Opel Mokka 1.4 Enjoy,2016,140000,1050000,10
opel-mokka,Opel Mokka,Opel Mokka 1.4 Enjoy,2016,145000,1035000,10
opel-mokka,Opel Mokka,Opel Mokka 1.6 CDTI Cosmo,2016,240000,899750,10
opel-mokka,Opel Mokka,Opel Mokka 1.6 Enjoy,2016,134000,955000,10
opel-mokka,Opel Mokka,Opel Mokka 1.6 CDTI Enjoy,2016,155000,1150000,10
opel-mokka,Opel Mokka,Opel Mokka 1.4 Enjoy,2016,66200,1075000,10
opel-mokka,Opel Mokka,Opel Mokka 1.4 Enjoy,2016,78000,1180000,10
opel-mokka,Opel Mokka,Opel Mokka 1.6 Enjoy,2016,175000,935000,10
opel-mokka,Opel Mokka,Opel Mokka 1.4 Enjoy,2016,102500,955000,10
opel-mokka,Opel Mokka,Opel Mokka 1.6 Enjoy,2016,190000,850000,10
opel-mokka,Opel Mokka,Opel Mokka 1.6 CDTI Enjoy,2016,152000,935000,10
opel-mokka,Opel Mokka,Opel Mokka 1.4 Enjoy,2016,135120,1040000,10
opel-mokka,Opel Mokka,Opel Mokka 1.6 CDTI Cosmo,2016,167000,1025000,10
opel-mokka,Opel Mokka,Opel Mokka 1.6 CDTI Cosmo,2016,123000,1090000,10
opel-mokka,Opel Mokka,Opel Mokka 1.6 CDTI Enjoy,2016,82000,1210000,10
opel-mokka,Opel Mokka,Opel Mokka 1.6 CDTI Cosmo,2016,117000,1195000,10
opel-mokka,Opel Mokka,Opel Mokka 1.6 CDTI Enjoy,2016,150000,1070000,10
opel-mokka,Opel Mokka,Opel Mokka 1.6 CDTI Enjoy,2016,62200,1119850,10
opel-mokka,Opel Mokka,Opel Mokka 1.6 CDTI Cosmo,2016,130000,1079900,10
opel-mokka,Opel Mokka,Opel Mokka 1.6 CDTI Enjoy,2016,112000,888000,10
opel-mokka,Opel Mokka,Opel Mokka 1.6 CDTI Cosmo,2016,202000,965000,10
opel-mokka,Opel Mokka,Opel Mokka 1.6 CDTI Enjoy,2016,153000,1099900,10
opel-mokka,Opel Mokka,Opel Mokka 1.6 CDTI Cosmo,2016,160000,1089000,10
opel-mokka,Opel Mokka,Opel Mokka 1.6 Enjoy,2016,126881,980000,10
opel-mokka,Opel Mokka,Opel Mokka 1.6 CDTI Cosmo,2016,122000,1050000,10
opel-mokka,Opel Mokka,Opel Mokka 1.6 CDTI Enjoy,2016,101000,1175000,10
opel-mokka,Opel Mokka,Opel Mokka 1.6 CDTI Cosmo,2016,163000,970000,10
opel-mokka,Opel Mokka,Opel Mokka 1.4 Enjoy,2016,92000,1070000,10
opel-mokka,Opel Mokka,Opel Mokka 1.6 CDTI Enjoy,2016,104000,1149000,10
opel-mokka,Opel Mokka,Opel Mokka 1.6 CDTI Cosmo,2016,75650,1299000,10
opel-mokka,Opel Mokka,Opel Mokka 1.6 CDTI Enjoy,2016,232000,979500,10
opel-mokka,Opel Mokka,Opel Mokka 1.6 CDTI Cosmo,2016,68000,1119000,10
opel-mokka,Opel Mokka,Opel Mokka 1.6 CDTI Cosmo,2016,146000,1140000,10
opel-mokka,Opel Mokka,Opel Mokka 1.6 CDTI Cosmo,2016,137500,1250000,10
opel-mokka,Opel Mokka,Opel Mokka 1.6 CDTI Cosmo,2016,187000,1050000,10
opel-mokka,Opel Mokka,Opel Mokka 1.6 CDTI Cosmo,2016,101000,1069900,10
opel-mokka,Opel Mokka,Opel Mokka 1.6 CDTI Enjoy,2016,220000,950000,10
opel-mokka,Opel Mokka,Opel Mokka 1.4 Cosmo,2016,90000,1250000,10
opel-mokka,Opel Mokka,Opel Mokka 1.6 CDTI Cosmo,2016,225000,1050000,10
opel-mokka,Opel Mokka,Opel Mokka 1.6 Enjoy,2016,190000,900000,10
opel-mokka,Opel Mokka,Opel Mokka 1.6 Enjoy,2016,112000,1050000,10
opel-mokka,Opel Mokka,Opel Mokka 1.6 Enjoy,2016,143000,839000,10
opel-mokka,Opel Mokka,Opel Mokka 1.6 CDTI Cosmo,2016,115000,1165000,10
opel-mokka,Opel Mokka,Opel Mokka 1.6 CDTI Enjoy,2016,74000,1220000,10
opel-mokka,Opel Mokka,Opel Mokka 1.6 CDTI Enjoy,2016,127000,990000,10
opel-mokka,Opel Mokka,Opel Mokka 1.6 CDTI Cosmo,2016,120000,1175000,10
opel-mokka,Opel Mokka,Opel Mokka 1.6 CDTI Enjoy,2016,208000,935000,10
opel-mokka,Opel Mokka,Opel Mokka 1.6 CDTI Cosmo,2016,130000,1165000,10
opel-mokka,Opel Mokka,Opel Mokka 1.6 CDTI Enjoy,2016,80000,1150000,10
opel-mokka,Opel Mokka,Opel Mokka 1.4 Enjoy,2016,115000,1080000,10
opel-mokka,Opel Mokka,Opel Mokka 1.6 Enjoy,2017,55000,1260000,9
opel-mokka,Opel Mokka,Opel Mokka 1.2 T GS,2021,60000,1469000,5
opel-mokka,Opel Mokka,Opel Mokka 1.2 T Ultimate,2021,41506,1399000,5
opel-mokka,Opel Mokka,Opel Mokka 1.2 T Elegance,2021,99000,1420000,5
opel-mokka,Opel Mokka,Opel Mokka 1.2 T Elegance,2021,50000,1430000,5
opel-mokka,Opel Mokka,Opel Mokka 1.2 T Elegance,2021,31000,1419000,5
opel-mokka,Opel Mokka,Opel Mokka 1.2 T Elegance,2021,120000,1349550,5
opel-mokka,Opel Mokka,Opel Mokka 1.2 T Elegance,2021,59000,1365000,5
opel-mokka,Opel Mokka,Opel Mokka 1.2 T Elegance,2021,104000,1425000,5
opel-mokka,Opel Mokka,Opel Mokka 1.2 T Elegance,2021,63500,1367500,5
opel-mokka,Opel Mokka,Opel Mokka 1.2 T GS Line,2021,87000,1410000,5
opel-mokka,Opel Mokka,Opel Mokka 1.2 T GS Line,2021,42000,1455000,5
opel-mokka,Opel Mokka,Opel Mokka 1.2 T Elegance,2021,108000,1420000,5
opel-mokka,Opel Mokka,Opel Mokka 1.2 T Ultimate,2021,55000,1464000,5
opel-mokka,Opel Mokka,Opel Mokka 1.2 T Elegance,2021,53000,1469500,5
opel-mokka,Opel Mokka,Opel Mokka 1.2 T Ultimate,2021,58000,1475000,5
opel-mokka,Opel Mokka,Opel Mokka 1.2 T Ultimate,2021,36500,1555000,5
opel-mokka,Opel Mokka,Opel Mokka 1.2 T Elegance,2021,56000,1395000,5
opel-mokka,Opel Mokka,Opel Mokka 1.2 T Elegance,2021,73000,1420000,5
opel-mokka,Opel Mokka,Opel Mokka 1.2 T Elegance,2021,69500,1470000,5
opel-mokka,Opel Mokka,Opel Mokka 1.2 T Ultimate,2021,53000,1485000,5
opel-mokka,Opel Mokka,Opel Mokka 1.2 T GS Line,2021,61000,1500000,5
opel-mokka,Opel Mokka,Opel Mokka 1.2 T Elegance,2021,116000,1400000,5
opel-mokka,Opel Mokka,Opel Mokka 1.2 T Ultimate,2021,57000,1475000,5
opel-mokka,Opel Mokka,Opel Mokka 1.2 T GS Line,2021,55000,1520000,5
opel-mokka,Opel Mokka,Opel Mokka 1.2 T Ultimate,2021,58000,1460000,5
opel-mokka,Opel Mokka,Opel Mokka 1.2 T Ultimate,2021,119000,1460000,5
opel-mokka,Opel Mokka,Opel Mokka 1.2 T Elegance,2021,62000,1450000,5
opel-mokka,Opel Mokka,Opel Mokka 1.2 T Elegance,2021,22300,1435000,5
opel-mokka,Opel Mokka,Opel Mokka 1.2 T Ultimate,2021,66000,1550000,5
opel-mokka,Opel Mokka,Opel Mokka 1.2 T GS Line,2021,87000,1520000,5
opel-mokka,Opel Mokka,Opel Mokka 1.2 T Ultimate,2021,49000,1425000,5
opel-mokka,Opel Mokka,Opel Mokka 1.2 T Elegance,2021,44500,1420000,5
opel-mokka,Opel Mokka,Opel Mokka 1.2 T Elegance,2021,40000,1425000,5
opel-mokka,Opel Mokka,Opel Mokka 1.2 T GS Line,2022,72300,1450000,4
opel-mokka,Opel Mokka,Opel Mokka 1.2 T GS,2022,36000,1589000,4
opel-mokka,Opel Mokka,Opel Mokka 1.2 T GS,2022,65000,1469000,4
opel-mokka,Opel Mokka,Opel Mokka 1.2 T GS,2022,45900,1479000,4
opel-mokka,Opel Mokka,Opel Mokka 1.2 T GS,2022,98000,1390000,4
opel-mokka,Opel Mokka,Opel Mokka 1.2 T GS,2022,48000,1439000,4
opel-mokka,Opel Mokka,Opel Mokka 1.2 T Ultimate,2022,57000,1515000,4
opel-mokka,Opel Mokka,Opel Mokka 1.2 T GS,2022,47500,1505000,4
opel-mokka,Opel Mokka,Opel Mokka 1.2 T GS Line,2022,74000,1364000,4
opel-mokka,Opel Mokka,Opel Mokka 1.2 T GS,2022,150000,1350000,4
opel-mokka,Opel Mokka,Opel Mokka 1.2 T Elegance,2022,30000,1500000,4
opel-mokka,Opel Mokka,Opel Mokka 1.2 T Elegance,2022,14000,1509000,4
opel-mokka,Opel Mokka,Opel Mokka 1.2 T Elegance,2022,61000,1410000,4
opel-mokka,Opel Mokka,Opel Mokka 1.2 T Elegance,2022,93000,1418000,4
opel-mokka,Opel Mokka,Opel Mokka 1.2 T Elegance,2022,82986,1388000,4
opel-mokka,Opel Mokka,Opel Mokka 1.2 T Ultimate,2022,89000,1550000,4
opel-mokka,Opel Mokka,Opel Mokka 1.2 T GS,2022,105400,1415000,4
opel-mokka,Opel Mokka,Opel Mokka 1.2 T Elegance,2022,49850,1455000,4
opel-mokka,Opel Mokka,Opel Mokka 1.2 T GS,2022,33724,1594900,4
opel-mokka,Opel Mokka,Opel Mokka 1.2 T GS Line,2022,23500,1500000,4
opel-mokka,Opel Mokka,Opel Mokka 1.2 T Elegance,2022,82000,1415000,4
opel-mokka,Opel Mokka,Opel Mokka 1.2 T GS Line,2022,37000,1495000,4
opel-mokka,Opel Mokka,Opel Mokka 1.2 T GS Line,2022,156000,1355000,4
opel-mokka,Opel Mokka,Opel Mokka 1.2 T GS Line,2022,45800,1490000,4
opel-mokka,Opel Mokka,Opel Mokka 1.2 T Elegance,2022,52000,1459000,4
opel-mokka,Opel Mokka,Opel Mokka 1.2 T Ultimate,2022,56500,1599900,4
opel-mokka,Opel Mokka,Opel Mokka 1.2 T Ultimate,2022,50700,1598500,4
opel-mokka,Opel Mokka,Opel Mokka 1.2 T Ultimate,2022,44000,1525000,4
opel-mokka,Opel Mokka,Opel Mokka 1.2 T Ultimate,2022,53000,1485000,4
opel-mokka,Opel Mokka,Opel Mokka 1.2 T Ultimate,2022,49000,1429750,4
opel-mokka,Opel Mokka,Opel Mokka 1.2 T GS Line,2022,77000,1475000,4
opel-mokka,Opel Mokka,Opel Mokka 1.2 T Elegance,2022,60000,1520000,4
opel-mokka,Opel Mokka,Opel Mokka 1.2 T Elegance,2022,91639,1278500,4
opel-mokka,Opel Mokka,Opel Mokka 1.2 T GS,2022,59000,1495000,4
opel-mokka,Opel Mokka,Opel Mokka 1.2 T Elegance,2022,79000,1419500,4
opel-mokka,Opel Mokka,Opel Mokka 1.2 T GS,2022,69000,1495000,4
opel-mokka,Opel Mokka,Opel Mokka 1.2 T GS,2022,10250,1540000,4
opel-mokka,Opel Mokka,Opel Mokka 1.2 T GS Line,2022,52000,1349000,4
opel-mokka,Opel Mokka,Opel Mokka 1.2 T GS Line,2022,64000,1460000,4
opel-mokka,Opel Mokka,Opel Mokka 1.2 T Elegance,2022,67500,1450000,4
opel-mokka,Opel Mokka,Opel Mokka 1.2 T Elegance,2022,102000,1395000,4
opel-mokka,Opel Mokka,Opel Mokka 1.2 T GS Line,2022,89000,1410000,4
opel-mokka,Opel Mokka,Opel Mokka 1.2 T Ultimate,2022,66000,1459750,4
opel-mokka,Opel Mokka,Opel Mokka 1.2 T Ultimate,2022,42500,1595500,4
opel-mokka,Opel Mokka,Opel Mokka 1.2 T GS Line,2022,95000,1335000,4
opel-mokka,Opel Mokka,Opel Mokka 1.2 T Elegance,2022,73600,1410000,4
opel-mokka,Opel Mokka,Opel Mokka 1.2 T Elegance,2022,54000,1430000,4
opel-mokka,Opel Mokka,Opel Mokka 1.2 T GS Line,2022,29000,1529000,4
opel-mokka,Opel Mokka,Opel Mokka 1.2 T GS,2022,28500,1470000,4
opel-mokka,Opel Mokka,Opel Mokka 1.2 T Ultimate,2022,42484,1505000,4
opel-mokka,Opel Mokka,Opel Mokka 1.2 T GS,2022,42000,1620000,4
opel-mokka,Opel Mokka,Opel Mokka 1.2 T Elegance,2022,43000,1515000,4
opel-mokka,Opel Mokka,Opel Mokka 1.2 T Elegance,2022,42000,1470000,4
opel-mokka,Opel Mokka,Opel Mokka 1.2 T Ultimate,2022,76000,1385000,4
opel-mokka,Opel Mokka,Opel Mokka 1.2 T GS Line,2022,120500,1395000,4
opel-mokka,Opel Mokka,Opel Mokka 1.2 T GS,2022,43000,1550000,4
opel-mokka,Opel Mokka,Opel Mokka 1.2 T Ultimate,2022,47500,1465000,4
opel-mokka,Opel Mokka,Opel Mokka 1.2 T GS,2022,51000,1480000,4
opel-mokka,Opel Mokka,Opel Mokka 1.2 T Elegance,2022,16000,1580000,4
opel-mokka,Opel Mokka,Opel Mokka 1.2 T Ultimate,2022,37000,1590000,4
opel-mokka,Opel Mokka,Opel Mokka 1.2 T GS Line,2022,115000,1469000,4
opel-mokka,Opel Mokka,Opel Mokka 1.2 T Elegance,2022,63000,1430000,4
opel-mokka,Opel Mokka,Opel Mokka 1.2 T Elegance,2022,60000,1430000,4
opel-mokka,Opel Mokka,Opel Mokka 1.2 T Ultimate,2022,19100,1625000,4
opel-mokka,Opel Mokka,Opel Mokka 1.2 T Elegance,2022,98000,1425000,4
opel-mokka,Opel Mokka,Opel Mokka 1.2 T GS Line,2022,97000,1415000,4
opel-mokka,Opel Mokka,Opel Mokka 1.2 T Ultimate,2022,64000,1505000,4
opel-mokka,Opel Mokka,Opel Mokka 1.2 T Elegance,2022,48000,1415000,4
opel-mokka,Opel Mokka,Opel Mokka 1.2 T GS,2022,49000,1475000,4
opel-mokka,Opel Mokka,Opel Mokka 1.2 T Elegance,2022,53500,1549000,4
opel-mokka,Opel Mokka,Opel Mokka 1.2 T GS Line,2022,46500,1550000,4
opel-mokka,Opel Mokka,Opel Mokka 1.2 T Ultimate,2022,24000,1600000,4
opel-mokka,Opel Mokka,Opel Mokka 1.2 T GS Line,2022,63800,1457000,4
opel-mokka,Opel Mokka,Opel Mokka 1.2 T GS Line,2022,46700,1550000,4
opel-mokka,Opel Mokka,Opel Mokka 1.2 T GS Line,2022,66500,1390000,4
opel-mokka,Opel Mokka,Opel Mokka 1.2 T Elegance,2022,57000,1390000,4
opel-mokka,Opel Mokka,Opel Mokka 1.2 T Elegance,2022,47000,1435000,4
opel-mokka,Opel Mokka,Opel Mokka 1.2 T Elegance,2022,58000,1460000,4
opel-mokka,Opel Mokka,Opel Mokka 1.2 T Elegance,2022,85000,1435000,4
opel-mokka,Opel Mokka,Opel Mokka 1.2 T Elegance,2022,50000,1430000,4
opel-mokka,Opel Mokka,Opel Mokka 1.2 T GS,2022,103400,1450000,4
opel-mokka,Opel Mokka,Opel Mokka 1.2 T GS,2022,56000,1280000,4
opel-mokka,Opel Mokka,Opel Mokka 1.2 T Elegance,2022,78000,1379500,4
opel-mokka,Opel Mokka,Opel Mokka 1.2 T Elegance,2022,15000,1475000,4
opel-mokka,Opel Mokka,Opel Mokka 1.2 T Ultimate,2023,41400,1510000,3
opel-mokka,Opel Mokka,Opel Mokka 1.2 T Elegance,2023,51000,1450000,3
opel-mokka,Opel Mokka,Opel Mokka 1.2 T Elegance,2023,27000,1470000,3
opel-mokka,Opel Mokka,Opel Mokka 1.2 T Elegance,2023,40133,1600000,3
opel-mokka,Opel Mokka,Opel Mokka 1.2 T GS,2023,40000,1550000,3
opel-mokka,Opel Mokka,Opel Mokka 1.2 T GS,2023,44000,1570000,3
opel-mokka,Opel Mokka,Opel Mokka 1.2 T GS,2023,8600,1605000,3
opel-mokka,Opel Mokka,Opel Mokka 1.2 T GS,2023,51790,1559000,3
opel-mokka,Opel Mokka,Opel Mokka 1.2 T GS,2023,32000,1550000,3
opel-mokka,Opel Mokka,Opel Mokka 1.2 T GS,2023,42000,1545000,3
opel-mokka,Opel Mokka,Opel Mokka 1.2 T GS,2023,46000,1515000,3
opel-mokka,Opel Mokka,Opel Mokka 1.2 T GS,2023,29000,1530000,3
opel-mokka,Opel Mokka,Opel Mokka 1.2 T GS,2023,32000,1529000,3
opel-mokka,Opel Mokka,Opel Mokka 1.2 T GS,2023,52000,1519000,3
opel-mokka,Opel Mokka,Opel Mokka 1.2 T GS,2023,59000,1500000,3
opel-mokka,Opel Mokka,Opel Mokka 1.2 T GS,2023,44000,1485000,3
opel-mokka,Opel Mokka,Opel Mokka 1.2 T GS,2023,85000,1499950,3
opel-mokka,Opel Mokka,Opel Mokka 1.2 T GS,2023,56000,1449500,3
opel-mokka,Opel Mokka,Opel Mokka 1.2 T GS,2023,65000,1485000,3
opel-mokka,Opel Mokka,Opel Mokka 1.2 T GS,2023,55500,1475000,3
opel-mokka,Opel Mokka,Opel Mokka 1.2 T GS,2023,40000,1479999,3
opel-mokka,Opel Mokka,Opel Mokka 1.2 T GS,2023,75500,1465000,3
opel-mokka,Opel Mokka,Opel Mokka 1.2 T GS,2023,69000,1339000,3
opel-mokka,Opel Mokka,Opel Mokka 1.2 T GS,2023,75000,1295000,3
opel-mokka,Opel Mokka,Opel Mokka 1.2 T Ultimate,2023,14000,1625000,3
opel-mokka,Opel Mokka,Opel Mokka 1.2 T GS,2023,47000,1509000,3
opel-mokka,Opel Mokka,Opel Mokka 1.2 T GS,2023,37000,1475000,3
opel-mokka,Opel Mokka,Opel Mokka 1.2 T Ultimate,2023,33000,1719900,3
opel-mokka,Opel Mokka,Opel Mokka 1.2 T Elegance,2023,13000,1569000,3
opel-mokka,Opel Mokka,Opel Mokka 1.2 T Elegance,2023,10900,1577950,3
opel-mokka,Opel Mokka,Opel Mokka 1.2 T Elegance,2023,13500,1570000,3
opel-mokka,Opel Mokka,Opel Mokka 1.2 T Elegance,2023,40000,1585000,3
opel-mokka,Opel Mokka,Opel Mokka 1.2 T Elegance,2023,10500,1565000,3
opel-mokka,Opel Mokka,Opel Mokka 1.2 T Elegance,2023,35473,1549000,3
opel-mokka,Opel Mokka,Opel Mokka 1.2 T Elegance,2023,38000,1569000,3
opel-mokka,Opel Mokka,Opel Mokka 1.2 T Elegance,2023,10107,1545000,3
opel-mokka,Opel Mokka,Opel Mokka 1.2 T Elegance,2023,44000,1519023,3
opel-mokka,Opel Mokka,Opel Mokka 1.2 T Elegance,2023,68000,1530000,3
opel-mokka,Opel Mokka,Opel Mokka 1.2 T Elegance,2023,49000,1480000,3
opel-mokka,Opel Mokka,Opel Mokka 1.2 T Elegance,2023,38500,1489000,3
opel-mokka,Opel Mokka,Opel Mokka 1.2 T Elegance,2023,47000,1475000,3
opel-mokka,Opel Mokka,Opel Mokka 1.2 T Elegance,2023,28500,1470000,3
opel-mokka,Opel Mokka,Opel Mokka 1.2 T Elegance,2023,75000,1439500,3
opel-mokka,Opel Mokka,Opel Mokka 1.2 T Elegance,2023,46499,1419000,3
opel-mokka,Opel Mokka,Opel Mokka 1.2 T Elegance,2023,37000,1425000,3
opel-mokka,Opel Mokka,Opel Mokka 1.2 T Elegance,2023,86981,1445000,3
opel-mokka,Opel Mokka,Opel Mokka 1.2 T Elegance,2023,83000,1370000,3
opel-mokka,Opel Mokka,Opel Mokka 1.2 T Elegance,2023,85926,1430000,3
opel-mokka,Opel Mokka,Opel Mokka 1.2 T Elegance,2023,80000,1429000,3
opel-mokka,Opel Mokka,Opel Mokka 1.2 T Elegance,2023,90000,1399950,3
opel-mokka,Opel Mokka,Opel Mokka 1.2 T Elegance,2023,85000,1415000,3
opel-mokka,Opel Mokka,Opel Mokka 1.2 T Elegance,2023,98283,1415000,3
opel-mokka,Opel Mokka,Opel Mokka 1.2 T Elegance,2023,75000,1415000,3
opel-mokka,Opel Mokka,Opel Mokka 1.2 T Elegance,2023,53300,1367500,3
opel-mokka,Opel Mokka,Opel Mokka 1.2 T Elegance,2023,53000,1385000,3
opel-mokka,Opel Mokka,Opel Mokka 1.2 T GS,2023,50000,1475000,3
opel-mokka,Opel Mokka,Opel Mokka 1.2 T GS,2023,32500,1530000,3
opel-mokka,Opel Mokka,Opel Mokka 1.2 T Ultimate,2023,63000,1600000,3
opel-mokka,Opel Mokka,Opel Mokka 1.2 T Elegance,2023,41000,1450000,3
opel-mokka,Opel Mokka,Opel Mokka 1.2 T Elegance,2023,33000,1475000,3
opel-mokka,Opel Mokka,Opel Mokka 1.2 T GS,2023,24000,1550000,3
opel-mokka,Opel Mokka,Opel Mokka 1.2 T Elegance,2023,41000,1438000,3
opel-mokka,Opel Mokka,Opel Mokka 1.2 T GS,2023,53500,1485000,3
opel-mokka,Opel Mokka,Opel Mokka 1.2 T Elegance,2023,48000,1519000,3
opel-mokka,Opel Mokka,Opel Mokka 1.2 T Elegance,2023,38000,1559950,3
opel-mokka,Opel Mokka,Opel Mokka 1.2 T Elegance,2023,54500,1430000,3
opel-mokka,Opel Mokka,Opel Mokka 1.2 T Elegance,2023,50508,1450000,3
opel-mokka,Opel Mokka,Opel Mokka 1.2 T GS,2023,39000,1560000,3
opel-mokka,Opel Mokka,Opel Mokka 1.2 T Elegance,2023,53000,1395000,3
opel-mokka,Opel Mokka,Opel Mokka 1.2 T Ultimate,2023,27000,1600000,3
opel-mokka,Opel Mokka,Opel Mokka 1.2 T Ultimate,2023,96000,1430000,3
opel-mokka,Opel Mokka,Opel Mokka 1.2 T Elegance,2023,77000,1375000,3
opel-mokka,Opel Mokka,Opel Mokka 1.2 T GS,2023,53000,1490850,3
opel-mokka,Opel Mokka,Opel Mokka 1.2 T Elegance,2023,33000,1415000,3
opel-mokka,Opel Mokka,Opel Mokka 1.2 T Ultimate,2023,26600,1565000,3
opel-mokka,Opel Mokka,Opel Mokka 1.2 T GS,2023,56000,1448000,3
opel-mokka,Opel Mokka,Opel Mokka 1.2 T Elegance,2023,74000,1600000,3
opel-mokka,Opel Mokka,Opel Mokka 1.2 T Ultimate,2023,56000,1463000,3
opel-mokka,Opel Mokka,Opel Mokka 1.2 T Elegance,2023,46000,1529000,3
opel-mokka,Opel Mokka,Opel Mokka 1.2 T GS,2023,73500,1425000,3
opel-mokka,Opel Mokka,Opel Mokka 1.2 T GS,2023,32000,1645000,3
opel-mokka,Opel Mokka,Opel Mokka 1.2 T Elegance,2023,82000,1479000,3
opel-mokka,Opel Mokka,Opel Mokka 1.2 T GS,2023,98000,1485000,3
opel-mokka,Opel Mokka,Opel Mokka 1.2 T Elegance,2023,80196,1449000,3
opel-mokka,Opel Mokka,Opel Mokka 1.2 T Elegance,2023,22000,1510000,3
opel-mokka,Opel Mokka,Opel Mokka 1.2 T GS,2023,35000,1560000,3
opel-mokka,Opel Mokka,Opel Mokka 1.2 T Elegance,2023,23000,1500000,3
opel-mokka,Opel Mokka,Opel Mokka 1.2 T Elegance,2023,102028,1329000,3
opel-mokka,Opel Mokka,Opel Mokka 1.2 T GS,2023,47979,1650000,3
opel-mokka,Opel Mokka,Opel Mokka 1.2 T GS,2023,25000,1574000,3
opel-mokka,Opel Mokka,Opel Mokka 1.2 T Elegance,2023,50250,1275000,3
opel-mokka,Opel Mokka,Opel Mokka 1.2 T Elegance,2023,17000,1545000,3
opel-mokka,Opel Mokka,Opel Mokka 1.2 T Elegance,2023,24000,1495000,3
opel-mokka,Opel Mokka,Opel Mokka 1.2 T Elegance,2023,32500,1510000,3
opel-mokka,Opel Mokka,Opel Mokka 1.2 T Elegance,2023,38500,1486500,3
opel-mokka,Opel Mokka,Opel Mokka 1.2 T Elegance,2023,34000,1520000,3
opel-mokka,Opel Mokka,Opel Mokka 1.2 T GS,2023,27900,1569000,3
opel-mokka,Opel Mokka,Opel Mokka 1.2 T Elegance,2023,21600,1620000,3
opel-mokka,Opel Mokka,Opel Mokka 1.2 T Elegance,2023,37500,1485000,3
opel-mokka,Opel Mokka,Opel Mokka 1.2 T GS,2023,47000,1590000,3
opel-mokka,Opel Mokka,Opel Mokka 1.2 T Elegance,2023,22800,1599999,3
opel-mokka,Opel Mokka,Opel Mokka 1.2 T Elegance,2023,26000,1445000,3
opel-mokka,Opel Mokka,Opel Mokka 1.2 T GS,2023,40000,1450000,3
opel-mokka,Opel Mokka,Opel Mokka 1.2 T GS,2023,73000,1495000,3
opel-mokka,Opel Mokka,Opel Mokka 1.2 T GS,2023,57000,1545000,3
opel-mokka,Opel Mokka,Opel Mokka 1.2 T Elegance,2023,26000,1575000,3
opel-mokka,Opel Mokka,Opel Mokka 1.2 T Elegance,2023,43000,1535000,3
opel-mokka,Opel Mokka,Opel Mokka 1.2 T GS,2023,21896,1685000,3
opel-mokka,Opel Mokka,Opel Mokka 1.2 T Ultimate,2023,40000,1550000,3
opel-mokka,Opel Mokka,Opel Mokka 1.2 T GS,2023,52000,1570000,3
opel-mokka,Opel Mokka,Opel Mokka 1.2 T Ultimate,2023,27300,1620000,3
opel-mokka,Opel Mokka,Opel Mokka 1.2 T GS,2023,72050,1465000,3
opel-mokka,Opel Mokka,Opel Mokka 1.2 T GS,2023,43000,1510000,3
opel-mokka,Opel Mokka,Opel Mokka 1.2 T GS,2023,23000,1575000,3
opel-mokka,Opel Mokka,Opel Mokka 1.2 T GS,2023,32000,1463000,3
opel-mokka,Opel Mokka,Opel Mokka 1.2 T GS,2023,50000,1570000,3
opel-mokka,Opel Mokka,Opel Mokka 1.2 T Ultimate,2023,23500,1675000,3
opel-mokka,Opel Mokka,Opel Mokka 1.2 T GS,2023,16000,1710000,3
opel-mokka,Opel Mokka,Opel Mokka 1.2 T Elegance,2023,26000,1581000,3
opel-mokka,Opel Mokka,Opel Mokka 1.2 T Elegance,2023,80000,1350000,3
opel-mokka,Opel Mokka,Opel Mokka 1.2 T Ultimate,2023,48000,1630000,3
opel-mokka,Opel Mokka,Opel Mokka 1.2 T Ultimate,2024,27000,1665000,2
opel-mokka,Opel Mokka,Opel Mokka 1.2 T Edition,2024,55000,1424000,2
opel-mokka,Opel Mokka,Opel Mokka 1.2 T Edition,2024,16000,1485000,2
opel-mokka,Opel Mokka,Opel Mokka 1.2 T GS,2024,6001,1685000,2
opel-mokka,Opel Mokka,Opel Mokka 1.2 T GS,2024,29500,1635000,2
opel-mokka,Opel Mokka,Opel Mokka 1.2 T GS,2024,12000,1620000,2
opel-mokka,Opel Mokka,Opel Mokka 1.2 T GS,2024,22000,1625000,2
opel-mokka,Opel Mokka,Opel Mokka 1.2 T GS,2024,12568,1619000,2
opel-mokka,Opel Mokka,Opel Mokka 1.2 T GS,2024,26000,1609900,2
opel-mokka,Opel Mokka,Opel Mokka 1.2 T GS,2024,40000,1595000,2
opel-mokka,Opel Mokka,Opel Mokka 1.2 T GS,2024,32500,1610900,2
opel-mokka,Opel Mokka,Opel Mokka 1.2 T GS,2024,32000,1609000,2
opel-mokka,Opel Mokka,Opel Mokka 1.2 T GS,2024,35900,1515000,2
opel-mokka,Opel Mokka,Opel Mokka 1.2 T GS,2024,31000,1595000,2
opel-mokka,Opel Mokka,Opel Mokka 1.2 T GS,2024,22000,1595000,2
opel-mokka,Opel Mokka,Opel Mokka 1.2 T GS,2024,17335,1565000,2
opel-mokka,Opel Mokka,Opel Mokka 1.2 T GS,2024,64000,1499999,2
opel-mokka,Opel Mokka,Opel Mokka 1.2 T GS,2024,20000,1515000,2
opel-mokka,Opel Mokka,Opel Mokka 1.2 T GS,2024,31000,1545000,2
opel-mokka,Opel Mokka,Opel Mokka 1.2 T GS,2024,42000,1509000,2
opel-mokka,Opel Mokka,Opel Mokka 1.2 T Ultimate,2024,37000,1625000,2
opel-mokka,Opel Mokka,Opel Mokka 1.2 T Edition,2024,72500,1480000,2
opel-mokka,Opel Mokka,Opel Mokka 1.2 T Edition,2024,37063,1425000,2
opel-mokka,Opel Mokka,Opel Mokka 1.2 T Edition,2024,19500,1445000,2
opel-mokka,Opel Mokka,Opel Mokka 1.2 T GS,2024,50000,1590000,2
opel-mokka,Opel Mokka,Opel Mokka 1.2 T GS,2024,25000,1660000,2
opel-mokka,Opel Mokka,Opel Mokka 1.2 T Edition,2024,34000,1485750,2
opel-mokka,Opel Mokka,Opel Mokka 1.2 T Ultimate,2024,31000,1695000,2
opel-mokka,Opel Mokka,Opel Mokka 1.2 T Edition,2024,30000,1525000,2
opel-mokka,Opel Mokka,Opel Mokka 1.2 T GS,2024,9000,1765000,2
opel-mokka,Opel Mokka,Opel Mokka 1.2 T Edition,2024,29000,1519999,2
opel-mokka,Opel Mokka,Opel Mokka 1.2 T Edition,2024,34000,1424000,2
opel-mokka,Opel Mokka,Opel Mokka 1.2 T Edition,2024,56000,1464000,2
opel-mokka,Opel Mokka,Opel Mokka 1.2 T Edition,2024,33300,1759900,2
opel-mokka,Opel Mokka,Opel Mokka 1.2 T Ultimate,2024,6001,1725000,2
opel-mokka,Opel Mokka,Opel Mokka 1.2 T Ultimate,2024,40000,1659000,2
opel-mokka,Opel Mokka,Opel Mokka 1.2 T Edition,2024,34000,1600000,2
opel-mokka,Opel Mokka,Opel Mokka 1.2 T GS,2024,6001,1750000,2
opel-mokka,Opel Mokka,Opel Mokka 1.2 T Edition,2024,60000,1475000,2
opel-mokka,Opel Mokka,Opel Mokka 1.2 T Edition,2024,65000,1459000,2
opel-mokka,Opel Mokka,Opel Mokka 1.2 T Edition,2024,56000,1464900,2
opel-mokka,Opel Mokka,Opel Mokka 1.2 T Edition,2024,26804,1599900,2
opel-mokka,Opel Mokka,Opel Mokka 1.2 T GS,2024,28000,1605000,2
opel-mokka,Opel Mokka,Opel Mokka 1.2 T Ultimate,2024,21000,1479000,2
opel-mokka,Opel Mokka,Opel Mokka 1.2 T GS,2024,28000,1575000,2
opel-mokka,Opel Mokka,Opel Mokka 1.2 T GS,2024,23017,1670000,2
opel-mokka,Opel Mokka,Opel Mokka 1.2 T Edition,2024,8500,1615000,2
opel-mokka,Opel Mokka,Opel Mokka 1.2 T Elegance,2024,27000,1380000,2
opel-mokka,Opel Mokka,Opel Mokka 1.2 T Edition,2024,49900,1549000,2
opel-mokka,Opel Mokka,Opel Mokka 1.2 T Edition,2024,34480,1519900,2
opel-mokka,Opel Mokka,Opel Mokka 1.2 T Edition,2024,25000,1596500,2
opel-mokka,Opel Mokka,Opel Mokka 1.2 T GS,2024,15000,1690000,2
opel-mokka,Opel Mokka,Opel Mokka 1.2 T Edition,2024,30820,1440000,2
opel-mokka,Opel Mokka,Opel Mokka 1.2 T GS,2024,55500,1515000,2
opel-mokka,Opel Mokka,Opel Mokka 1.2 T Edition,2024,61000,1490000,2
opel-mokka,Opel Mokka,Opel Mokka 1.2 T Edition,2024,38297,1790000,2
opel-mokka,Opel Mokka,Opel Mokka 1.2 T GS,2024,14379,1675000,2
opel-mokka,Opel Mokka,Opel Mokka 1.2 T Edition,2024,23000,1690000,2
opel-mokka,Opel Mokka,Opel Mokka 1.2 T Ultimate,2024,11000,1630000,2
opel-mokka,Opel Mokka,Opel Mokka 1.2 T GS,2024,38000,1600000,2
opel-mokka,Opel Mokka,Opel Mokka 1.2 T GS,2024,25500,1640000,2
opel-mokka,Opel Mokka,Opel Mokka 1.2 T Edition,2024,116000,1525000,2
opel-mokka,Opel Mokka,Opel Mokka 1.2 T GS,2024,30000,1630000,2
opel-mokka,Opel Mokka,Opel Mokka 1.2 T Edition,2024,41500,1560000,2
opel-mokka,Opel Mokka,Opel Mokka 1.2 T GS,2024,26000,1570000,2
opel-mokka,Opel Mokka,Opel Mokka 1.2 T Edition,2024,49950,1535000,2
opel-mokka,Opel Mokka,Opel Mokka 1.2 T Ultimate,2024,23500,1585000,2
opel-mokka,Opel Mokka,Opel Mokka 1.2 T GS,2024,8900,1700000,2
opel-mokka,Opel Mokka,Opel Mokka 1.2 T GS,2024,25000,1670000,2
opel-mokka,Opel Mokka,Opel Mokka 1.2 T Edition,2024,29000,1455000,2
opel-mokka,Opel Mokka,Opel Mokka 1.2 T Edition,2024,35000,1441000,2
opel-mokka,Opel Mokka,Opel Mokka 1.2 T Edition,2024,70000,1425000,2
opel-mokka,Opel Mokka,Opel Mokka 1.2 T Edition,2024,13000,1600000,2
opel-mokka,Opel Mokka,Opel Mokka 1.2 T GS,2024,30029,1400000,2
opel-mokka,Opel Mokka,Opel Mokka 1.2 T Edition,2024,14400,1550000,2
opel-mokka,Opel Mokka,Opel Mokka 1.2 T GS,2024,6001,1800000,2
opel-mokka,Opel Mokka,Opel Mokka 1.2 T Edition,2024,12200,1650000,2
opel-mokka,Opel Mokka,Opel Mokka 1.2 T GS,2024,14000,1710000,2
opel-mokka,Opel Mokka,Opel Mokka 1.2 T GS,2024,30300,1625000,2
opel-mokka,Opel Mokka,Opel Mokka 1.2 T Ultimate,2024,20000,1720000,2
opel-mokka,Opel Mokka,Opel Mokka 1.2 T GS,2025,6005,1875000,1
opel-mokka,Opel Mokka,Opel Mokka 1.2 T Edition,2025,6400,1585000,1
opel-mokka,Opel Mokka,Opel Mokka 1.2 T GS,2025,13900,1700000,1
opel-mokka,Opel Mokka,Opel Mokka 1.2 T GS,2025,15000,1770000,1
opel-mokka,Opel Mokka,Opel Mokka 1.2 T GS,2025,30500,1680000,1
opel-mokka,Opel Mokka,Opel Mokka 1.2 T GS,2025,30000,1640000,1
opel-mokka,Opel Mokka,Opel Mokka 1.2 T GS,2025,20000,1645000,1
opel-mokka,Opel Mokka,Opel Mokka 1.2 T GS,2025,16500,1625000,1
opel-mokka,Opel Mokka,Opel Mokka 1.2 T GS,2025,6917,1899000,1
opel-mokka,Opel Mokka,Opel Mokka 1.2 T GS,2025,12320,1599500,1
opel-mokka,Opel Mokka,Opel Mokka 1.2 T Edition,2025,58000,1460000,1
opel-mokka,Opel Mokka,Opel Mokka 1.2 T Edition,2025,46000,1495000,1
opel-mokka,Opel Mokka,Opel Mokka 1.2 T Edition,2025,27000,1535750,1
opel-mokka,Opel Mokka,Opel Mokka 1.2 T Edition,2025,35500,1509000,1
opel-mokka,Opel Mokka,Opel Mokka 1.2 T Edition,2025,43570,1490000,1
opel-mokka,Opel Mokka,Opel Mokka 1.2 T Edition,2025,6001,1670000,1
opel-mokka,Opel Mokka,Opel Mokka 1.2 T Edition,2025,11500,1799000,1
opel-mokka,Opel Mokka,Opel Mokka 1.2 T Edition,2025,34000,1600000,1
opel-mokka,Opel Mokka,Opel Mokka 1.2 T Edition,2025,19857,1594650,1
opel-mokka,Opel Mokka,Opel Mokka 1.2 T GS,2025,11000,1650000,1
opel-mokka,Opel Mokka,Opel Mokka 1.2 T Edition,2025,37428,1582650,1
opel-mokka,Opel Mokka,Opel Mokka 1.2 T Edition,2025,39000,1499000,1
opel-mokka,Opel Mokka,Opel Mokka 1.2 T GS,2025,6050,1860000,1
opel-mokka,Opel Mokka,Opel Mokka 1.2 T GS,2025,6001,1855000,1
opel-mokka,Opel Mokka,Opel Mokka 1.2 T Edition,2025,8000,1740000,1
opel-mokka,Opel Mokka,Opel Mokka 1.2 T GS,2025,11300,1715000,1
opel-mokka,Opel Mokka,Opel Mokka 1.2 T Edition,2025,26000,1587000,1
opel-mokka,Opel Mokka,Opel Mokka 1.2 T Edition,2025,20000,1614900,1
opel-mokka,Opel Mokka,Opel Mokka 1.2 T Edition,2025,43000,1589000,1
opel-mokka,Opel Mokka,Opel Mokka 1.2 T Edition,2025,15000,1535000,1
opel-mokka,Opel Mokka,Opel Mokka 1.2 T Edition,2025,45000,1535000,1
opel-mokka,Opel Mokka,Opel Mokka 1.2 T Edition,2025,41000,1529750,1
opel-mokka,Opel Mokka,Opel Mokka 1.2 T Edition,2025,40500,1499000,1
opel-mokka,Opel Mokka,Opel Mokka 1.2 T Edition,2025,10900,1600000,1
opel-mokka,Opel Mokka,Opel Mokka 1.2 T GS,2025,12000,1750000,1
opel-mokka,Opel Mokka,Opel Mokka 1.2 T Edition,2025,27000,1620000,1
opel-mokka,Opel Mokka,Opel Mokka 1.2 T Edition,2025,46926,1519000,1
opel-mokka,Opel Mokka,Opel Mokka 1.2 T Edition,2025,51000,1499000,1
opel-mokka,Opel Mokka,Opel Mokka 1.2 T Edition,2025,19500,1548000,1
opel-mokka,Opel Mokka,Opel Mokka 1.2 T Edition,2025,6001,1749000,1
opel-mokka,Opel Mokka,Opel Mokka 1.2 T Edition,2025,25000,1750000,1
opel-mokka,Opel Mokka,Opel Mokka 1.2 T Edition,2025,30000,1567500,1
opel-mokka,Opel Mokka,Opel Mokka 1.2 T GS,2025,6001,1790000,1
opel-mokka,Opel Mokka,Opel Mokka 1.2 T Edition,2025,15000,1590000,1
opel-mokka,Opel Mokka,Opel Mokka 1.2 T GS,2025,6001,1799000,1
opel-mokka,Opel Mokka,Opel Mokka 1.2 T GS,2025,18650,1680000,1
opel-mokka,Opel Mokka,Opel Mokka 1.2 T Edition,2025,37000,1555000,1
opel-mokka,Opel Mokka,Opel Mokka 1.2 T GS,2025,10000,1850000,1
opel-mokka,Opel Mokka,Opel Mokka 1.2 T GS,2025,16200,1685000,1
opel-mokka,Opel Mokka,Opel Mokka 1.2 T Edition,2025,15000,1725000,1
opel-mokka,Opel Mokka,Opel Mokka 1.2 T Edition,2025,53185,1469000,1
opel-mokka,Opel Mokka,Opel Mokka 1.2 T GS,2025,9750,1800000,1
opel-mokka,Opel Mokka,Opel Mokka 1.2 T GS,2025,18500,1630000,1
opel-mokka,Opel Mokka,Opel Mokka 1.2 T GS,2025,18000,1730000,1
opel-mokka,Opel Mokka,Opel Mokka 1.2 T GS,2025,19100,1650000,1
opel-mokka,Opel Mokka,Opel Mokka 1.2 T Edition,2025,20000,1650000,1
opel-mokka,Opel Mokka,Opel Mokka 1.2 T GS,2025,12500,1880000,1
opel-mokka,Opel Mokka,Opel Mokka 1.2 T GS,2025,6001,1850000,1
opel-mokka,Opel Mokka,Opel Mokka 1.2 T Edition,2025,24500,1585000,1
opel-mokka,Opel Mokka,Opel Mokka 1.2 T GS,2025,6465,1850000,1
opel-mokka,Opel Mokka,Opel Mokka 1.2 T Edition,2025,6001,1680000,1
opel-mokka,Opel Mokka,Opel Mokka 1.2 T GS,2026,6001,1995000,0
peugeot-3008,Peugeot 3008,Peugeot 3008 1.6 BlueHDi Allure,2016,84000,1675000,10
peugeot-3008,Peugeot 3008,Peugeot 3008 1.6 BlueHDi Active,2016,127000,1475000,10
peugeot-3008,Peugeot 3008,Peugeot 3008 1.2 PureTech Active,2016,136000,1150000,10
peugeot-3008,Peugeot 3008,Peugeot 3008 1.6 BlueHDi Allure,2016,120000,1250000,10
peugeot-3008,Peugeot 3008,Peugeot 3008 1.6 BlueHDi Active,2016,127000,1475000,10
peugeot-3008,Peugeot 3008,Peugeot 3008 1.6 BlueHDi Allure Elegance,2016,137000,1535000,10
peugeot-3008,Peugeot 3008,Peugeot 3008 1.6 BlueHDi Allure Elegance,2016,70000,1725000,10
peugeot-3008,Peugeot 3008,Peugeot 3008 1.6 BlueHDi GT Line,2016,148000,1495000,10
peugeot-3008,Peugeot 3008,Peugeot 3008 1.6 BlueHDi Allure,2016,185000,1100000,10
peugeot-3008,Peugeot 3008,Peugeot 3008 1.6 THP GT Line,2016,161943,1490000,10
peugeot-3008,Peugeot 3008,Peugeot 3008 1.6 BlueHDi Active,2016,97000,1520000,10
peugeot-3008,Peugeot 3008,Peugeot 3008 1.6 BlueHDi Allure Elegance,2016,178000,1520000,10
peugeot-3008,Peugeot 3008,Peugeot 3008 1.6 BlueHDi Allure,2016,136000,1240000,10
peugeot-3008,Peugeot 3008,Peugeot 3008 1.6 BlueHDi GT Line,2016,165000,1520000,10
peugeot-3008,Peugeot 3008,Peugeot 3008 1.6 BlueHDi Allure Elegance,2016,114000,1635000,10
peugeot-3008,Peugeot 3008,Peugeot 3008 1.6 BlueHDi Allure,2016,110000,1659023,10
peugeot-3008,Peugeot 3008,Peugeot 3008 1.6 THP GT Line,2016,155000,1560000,10
peugeot-3008,Peugeot 3008,Peugeot 3008 1.6 BlueHDi GT Line,2016,138000,1679000,10
peugeot-3008,Peugeot 3008,Peugeot 3008 1.6 THP GT Line,2016,122000,1649000,10
peugeot-3008,Peugeot 3008,Peugeot 3008 1.6 BlueHDi Active,2016,289000,1135000,10
peugeot-3008,Peugeot 3008,Peugeot 3008 1.6 BlueHDi Allure Elegance,2016,140000,1649900,10
peugeot-3008,Peugeot 3008,Peugeot 3008 1.6 BlueHDi Active,2016,84000,1569000,10
peugeot-3008,Peugeot 3008,Peugeot 3008 1.6 BlueHDi Allure Elegance,2016,134000,1569000,10
peugeot-3008,Peugeot 3008,Peugeot 3008 1.6 BlueHDi Allure Elegance,2016,176000,1550000,10
peugeot-3008,Peugeot 3008,Peugeot 3008 1.6 BlueHDi GT Line,2016,157000,1590000,10
peugeot-3008,Peugeot 3008,Peugeot 3008 1.6 BlueHDi GT Line,2016,229000,1390000,10
peugeot-3008,Peugeot 3008,Peugeot 3008 1.6 BlueHDi Allure Elegance,2016,94500,1630000,10
peugeot-3008,Peugeot 3008,Peugeot 3008 1.6 BlueHDi Allure Elegance,2016,196000,1415000,10
peugeot-3008,Peugeot 3008,Peugeot 3008 1.6 BlueHDi Allure,2016,141000,1645000,10
peugeot-3008,Peugeot 3008,Peugeot 3008 1.6 BlueHDi Active,2016,190000,1340000,10
peugeot-3008,Peugeot 3008,Peugeot 3008 1.6 BlueHDi Allure,2016,236500,1450000,10
peugeot-3008,Peugeot 3008,Peugeot 3008 1.6 THP GT Line,2016,77000,1670000,10
peugeot-3008,Peugeot 3008,Peugeot 3008 1.6 BlueHDi Allure,2016,106000,1729000,10
peugeot-3008,Peugeot 3008,Peugeot 3008 1.6 BlueHDi Allure Elegance,2016,196000,1500000,10
peugeot-3008,Peugeot 3008,Peugeot 3008 1.6 BlueHDi GT Line,2016,175000,1555000,10
peugeot-3008,Peugeot 3008,Peugeot 3008 1.6 BlueHDi Allure Elegance,2016,157000,1500000,10
peugeot-3008,Peugeot 3008,Peugeot 3008 1.6 BlueHDi Allure,2016,90000,1500000,10
peugeot-3008,Peugeot 3008,Peugeot 3008 1.6 BlueHDi Active,2016,108000,1430000,10
peugeot-3008,Peugeot 3008,Peugeot 3008 1.6 BlueHDi Active,2016,192000,1315000,10
peugeot-3008,Peugeot 3008,Peugeot 3008 1.6 BlueHDi Allure,2016,97000,1685000,10
peugeot-3008,Peugeot 3008,Peugeot 3008 1.6 BlueHDi Allure Elegance,2016,156000,1750000,10
peugeot-3008,Peugeot 3008,Peugeot 3008 1.6 BlueHDi Allure Elegance,2016,167000,1550000,10
peugeot-3008,Peugeot 3008,Peugeot 3008 1.6 BlueHDi Allure Elegance,2016,190000,1800000,10
peugeot-3008,Peugeot 3008,Peugeot 3008 1.6 BlueHDi Allure Elegance,2016,129000,1700000,10
peugeot-3008,Peugeot 3008,Peugeot 3008 1.6 BlueHDi Active,2016,95000,1355000,10
peugeot-3008,Peugeot 3008,Peugeot 3008 1.6 BlueHDi Allure Elegance,2016,167000,1490000,10
peugeot-3008,Peugeot 3008,Peugeot 3008 1.6 BlueHDi Active,2016,90000,1465000,10
peugeot-3008,Peugeot 3008,Peugeot 3008 1.6 BlueHDi Allure Elegance,2017,93000,1682000,9
peugeot-3008,Peugeot 3008,Peugeot 3008 1.6 THP GT Line,2017,70700,1765000,9
peugeot-3008,Peugeot 3008,Peugeot 3008 1.2 PureTech Allure,2017,124000,1438750,9
peugeot-3008,Peugeot 3008,Peugeot 3008 1.6 BlueHDi Active,2017,202000,1200000,9
peugeot-3008,Peugeot 3008,Peugeot 3008 1.6 BlueHDi Allure Elegance,2017,179500,1360000,9
peugeot-3008,Peugeot 3008,Peugeot 3008 1.6 BlueHDi Allure Elegance,2017,220179,1475000,9
peugeot-3008,Peugeot 3008,Peugeot 3008 1.6 BlueHDi Allure Elegance,2017,162000,1399999,9
peugeot-3008,Peugeot 3008,Peugeot 3008 1.6 BlueHDi Allure Elegance,2017,85000,1655000,9
peugeot-3008,Peugeot 3008,Peugeot 3008 1.6 BlueHDi Allure Elegance,2017,88000,1625000,9
peugeot-3008,Peugeot 3008,Peugeot 3008 1.6 BlueHDi Allure Elegance,2017,207000,1375000,9
peugeot-3008,Peugeot 3008,Peugeot 3008 1.6 BlueHDi Active Sport Pack,2017,199985,1265000,9
peugeot-3008,Peugeot 3008,Peugeot 3008 1.6 BlueHDi GT Line,2017,146000,1740000,9
peugeot-3008,Peugeot 3008,Peugeot 3008 1.6 BlueHDi Allure Elegance,2017,88000,1775000,9
peugeot-3008,Peugeot 3008,Peugeot 3008 1.6 THP GT Line,2017,127000,1595000,9
peugeot-3008,Peugeot 3008,Peugeot 3008 1.6 BlueHDi Active,2017,130000,1418000,9
peugeot-3008,Peugeot 3008,Peugeot 3008 1.6 BlueHDi Allure Elegance,2017,109600,1640000,9
peugeot-3008,Peugeot 3008,Peugeot 3008 1.6 BlueHDi Allure Elegance,2017,158000,1600000,9
peugeot-3008,Peugeot 3008,Peugeot 3008 1.6 BlueHDi Allure Elegance,2017,137500,1620000,9
peugeot-3008,Peugeot 3008,Peugeot 3008 1.2 PureTech Active,2017,52500,1435000,9
peugeot-3008,Peugeot 3008,Peugeot 3008 1.6 BlueHDi Active Sport Pack,2017,186000,1350000,9
peugeot-3008,Peugeot 3008,Peugeot 3008 1.6 BlueHDi Active Sport Pack,2017,175000,1415000,9
peugeot-3008,Peugeot 3008,Peugeot 3008 1.6 BlueHDi Allure,2017,167800,1650000,9
peugeot-3008,Peugeot 3008,Peugeot 3008 1.6 BlueHDi Allure Elegance,2017,179000,1615000,9
peugeot-3008,Peugeot 3008,Peugeot 3008 1.6 BlueHDi Allure Elegance,2017,128000,1600000,9
peugeot-3008,Peugeot 3008,Peugeot 3008 1.2 PureTech Active,2017,144000,1195000,9
peugeot-3008,Peugeot 3008,Peugeot 3008 1.6 BlueHDi Active,2017,177000,1375000,9
peugeot-3008,Peugeot 3008,Peugeot 3008 1.6 BlueHDi GT Line,2017,177000,1560000,9
peugeot-3008,Peugeot 3008,Peugeot 3008 1.6 BlueHDi Allure,2017,163000,1519000,9
peugeot-3008,Peugeot 3008,Peugeot 3008 1.6 BlueHDi Active Sport Pack,2017,162000,1495000,9
peugeot-3008,Peugeot 3008,Peugeot 3008 1.6 BlueHDi GT Line,2017,257000,1438000,9
peugeot-3008,Peugeot 3008,Peugeot 3008 1.6 BlueHDi Active,2017,116000,1379500,9
peugeot-3008,Peugeot 3008,Peugeot 3008 1.6 BlueHDi GT Line,2017,103521,1660000,9
peugeot-3008,Peugeot 3008,Peugeot 3008 1.6 BlueHDi Allure Elegance,2017,135000,1665000,9
peugeot-3008,Peugeot 3008,Peugeot 3008 1.2 PureTech Active,2017,121000,1280000,9
peugeot-3008,Peugeot 3008,Peugeot 3008 1.6 BlueHDi Active Sport Pack,2017,164000,1365000,9
peugeot-3008,Peugeot 3008,Peugeot 3008 1.6 BlueHDi GT Line,2017,229000,1469000,9
peugeot-3008,Peugeot 3008,Peugeot 3008 1.6 BlueHDi GT Line,2017,137000,1565950,9
peugeot-3008,Peugeot 3008,Peugeot 3008 1.6 BlueHDi Allure Elegance,2017,146000,1760000,9
peugeot-3008,Peugeot 3008,Peugeot 3008 1.6 BlueHDi Active,2017,123000,1460000,9
peugeot-3008,Peugeot 3008,Peugeot 3008 1.6 BlueHDi Active,2017,159000,1390000,9
peugeot-3008,Peugeot 3008,Peugeot 3008 1.6 BlueHDi GT Line,2017,109000,1720000,9
peugeot-3008,Peugeot 3008,Peugeot 3008 1.6 BlueHDi Active,2017,185000,1275000,9
peugeot-3008,Peugeot 3008,Peugeot 3008 1.6 BlueHDi GT Line,2017,77000,1625000,9
peugeot-3008,Peugeot 3008,Peugeot 3008 1.6 BlueHDi Allure,2017,113000,1596250,9
peugeot-3008,Peugeot 3008,Peugeot 3008 1.6 BlueHDi Active,2017,335000,1140000,9
peugeot-3008,Peugeot 3008,Peugeot 3008 1.6 BlueHDi Active,2017,138600,1389000,9
peugeot-3008,Peugeot 3008,Peugeot 3008 1.6 BlueHDi GT Line,2017,165000,1575000,9
peugeot-3008,Peugeot 3008,Peugeot 3008 1.6 BlueHDi Allure Elegance,2017,87500,1660000,9
peugeot-3008,Peugeot 3008,Peugeot 3008 1.6 BlueHDi Allure,2017,118000,1700000,9
peugeot-3008,Peugeot 3008,Peugeot 3008 1.6 BlueHDi GT Line,2017,140000,1750000,9
peugeot-3008,Peugeot 3008,Peugeot 3008 1.6 BlueHDi Active Sport Pack,2017,190000,1380000,9
peugeot-3008,Peugeot 3008,Peugeot 3008 1.6 BlueHDi GT Line,2017,173000,1665000,9
peugeot-3008,Peugeot 3008,Peugeot 3008 1.6 BlueHDi GT Line,2017,173000,1665000,9
peugeot-3008,Peugeot 3008,Peugeot 3008 1.6 BlueHDi Active,2017,123500,1465000,9
peugeot-3008,Peugeot 3008,Peugeot 3008 1.6 BlueHDi Allure,2017,117000,1850000,9
peugeot-3008,Peugeot 3008,Peugeot 3008 1.6 BlueHDi GT Line,2017,174000,1650000,9
peugeot-3008,Peugeot 3008,Peugeot 3008 1.6 BlueHDi Active Sport Pack,2017,153000,1375000,9
peugeot-3008,Peugeot 3008,Peugeot 3008 1.6 BlueHDi GT Line,2017,95000,1790000,9
peugeot-3008,Peugeot 3008,Peugeot 3008 1.6 BlueHDi Allure Elegance,2017,132000,1647500,9
peugeot-3008,Peugeot 3008,Peugeot 3008 1.6 BlueHDi GT Line,2017,68200,1850000,9
peugeot-3008,Peugeot 3008,Peugeot 3008 1.6 BlueHDi GT Line,2017,153500,1650000,9
peugeot-3008,Peugeot 3008,Peugeot 3008 1.6 BlueHDi Allure Elegance,2017,193000,1500000,9
peugeot-3008,Peugeot 3008,Peugeot 3008 1.6 BlueHDi Active,2017,201000,1330000,9
peugeot-3008,Peugeot 3008,Peugeot 3008 1.6 BlueHDi Active Sport Pack,2017,65000,1650000,9
peugeot-3008,Peugeot 3008,Peugeot 3008 1.6 BlueHDi Active,2017,195000,1449750,9
peugeot-3008,Peugeot 3008,Peugeot 3008 1.6 BlueHDi Active,2017,195000,1399750,9
peugeot-3008,Peugeot 3008,Peugeot 3008 1.2 PureTech Active,2017,94000,1530000,9
peugeot-3008,Peugeot 3008,Peugeot 3008 1.6 BlueHDi Allure,2017,60000,1709900,9
peugeot-3008,Peugeot 3008,Peugeot 3008 1.6 BlueHDi Allure,2017,167580,1550000,9
peugeot-3008,Peugeot 3008,Peugeot 3008 1.2 PureTech Active,2017,125500,1250000,9
peugeot-3008,Peugeot 3008,Peugeot 3008 1.6 BlueHDi Allure,2017,145000,1635000,9
peugeot-3008,Peugeot 3008,Peugeot 3008 1.6 BlueHDi Active Sport Pack,2017,81000,1489000,9
peugeot-3008,Peugeot 3008,Peugeot 3008 1.6 BlueHDi GT Line,2017,183000,1575000,9
peugeot-3008,Peugeot 3008,Peugeot 3008 1.6 BlueHDi Allure Elegance,2017,137000,1675000,9
peugeot-3008,Peugeot 3008,Peugeot 3008 1.6 BlueHDi Active,2017,202000,1330000,9
peugeot-3008,Peugeot 3008,Peugeot 3008 1.6 BlueHDi GT Line,2017,100000,1740000,9
peugeot-3008,Peugeot 3008,Peugeot 3008 1.2 PureTech Active,2017,149000,1515000,9
peugeot-3008,Peugeot 3008,Peugeot 3008 1.6 BlueHDi GT Line,2017,95000,1870000,9
peugeot-3008,Peugeot 3008,Peugeot 3008 1.2 PureTech Active,2017,112000,1500000,9
peugeot-3008,Peugeot 3008,Peugeot 3008 1.6 BlueHDi Allure Elegance,2017,170000,1175000,9
peugeot-3008,Peugeot 3008,Peugeot 3008 1.6 BlueHDi Active,2017,92000,1280000,9
peugeot-3008,Peugeot 3008,Peugeot 3008 1.6 BlueHDi Allure Elegance,2017,195000,1575000,9
peugeot-3008,Peugeot 3008,Peugeot 3008 1.6 BlueHDi Allure Elegance,2017,138000,1670000,9
peugeot-3008,Peugeot 3008,Peugeot 3008 1.6 BlueHDi Allure Elegance,2017,124000,1630000,9
peugeot-3008,Peugeot 3008,Peugeot 3008 1.6 BlueHDi GT Line,2017,95000,1825000,9
peugeot-3008,Peugeot 3008,Peugeot 3008 1.6 BlueHDi Active,2017,158000,1350000,9
peugeot-3008,Peugeot 3008,Peugeot 3008 1.6 BlueHDi GT Line,2017,137557,1715000,9
peugeot-3008,Peugeot 3008,Peugeot 3008 1.6 BlueHDi Active,2017,159000,1400000,9
peugeot-3008,Peugeot 3008,Peugeot 3008 1.6 BlueHDi Active Sport Pack,2017,170000,1360000,9
peugeot-3008,Peugeot 3008,Peugeot 3008 1.6 BlueHDi GT Line,2017,264000,1170000,9
peugeot-3008,Peugeot 3008,Peugeot 3008 1.6 BlueHDi Allure Elegance,2017,156000,1545000,9
peugeot-3008,Peugeot 3008,Peugeot 3008 1.6 BlueHDi Active,2017,72000,1530000,9
peugeot-3008,Peugeot 3008,Peugeot 3008 1.6 BlueHDi Allure Elegance,2017,97000,1720000,9
peugeot-3008,Peugeot 3008,Peugeot 3008 1.2 PureTech Active,2017,90000,1525000,9
peugeot-3008,Peugeot 3008,Peugeot 3008 1.6 BlueHDi Allure Elegance,2017,200000,1472500,9
peugeot-3008,Peugeot 3008,Peugeot 3008 1.6 BlueHDi Active Sport Pack,2017,160000,1520000,9
peugeot-3008,Peugeot 3008,Peugeot 3008 1.6 BlueHDi Active Sport Pack,2017,193000,1290000,9
peugeot-3008,Peugeot 3008,Peugeot 3008 1.6 BlueHDi GT Line,2017,77000,1770000,9
peugeot-3008,Peugeot 3008,Peugeot 3008 1.6 BlueHDi GT Line,2017,180000,1600000,9
peugeot-3008,Peugeot 3008,Peugeot 3008 1.6 BlueHDi Active Sport Pack,2017,121000,1415000,9
peugeot-3008,Peugeot 3008,Peugeot 3008 1.6 BlueHDi Active Sport Pack,2017,142000,1450000,9
peugeot-3008,Peugeot 3008,Peugeot 3008 1.6 BlueHDi Active Prime Edition,2018,155000,1415000,8
peugeot-3008,Peugeot 3008,Peugeot 3008 1.5 BlueHDI Active Prime Edition,2018,92000,1750000,8
peugeot-3008,Peugeot 3008,Peugeot 3008 1.6 BlueHDi Active,2018,69000,1589000,8
peugeot-3008,Peugeot 3008,Peugeot 3008 1.6 BlueHDi Allure Elegance,2018,172000,1590000,8
peugeot-3008,Peugeot 3008,Peugeot 3008 1.6 BlueHDi Active,2018,153000,1430000,8
peugeot-3008,Peugeot 3008,Peugeot 3008 1.6 BlueHDi Allure Elegance,2018,103700,1530000,8
peugeot-3008,Peugeot 3008,Peugeot 3008 1.6 BlueHDi Active,2018,111000,1540000,8
peugeot-3008,Peugeot 3008,Peugeot 3008 1.6 BlueHDi Active Prime Edition,2018,126700,1690000,8
peugeot-3008,Peugeot 3008,Peugeot 3008 1.6 BlueHDi Active SkyPack,2018,169000,1415000,8
peugeot-3008,Peugeot 3008,Peugeot 3008 1.6 BlueHDi Active Prime Edition,2018,108500,1679000,8
peugeot-3008,Peugeot 3008,Peugeot 3008 1.6 BlueHDi Active,2018,121959,1499000,8
peugeot-3008,Peugeot 3008,Peugeot 3008 1.6 BlueHDi Active,2018,190000,1350000,8
peugeot-3008,Peugeot 3008,Peugeot 3008 1.6 BlueHDi Active Prime Edition,2018,149000,1520000,8
peugeot-3008,Peugeot 3008,Peugeot 3008 1.6 BlueHDi Active Prime Edition,2018,173000,1640000,8
peugeot-3008,Peugeot 3008,Peugeot 3008 1.6 BlueHDi Active Sport Pack,2018,225000,1249000,8
peugeot-3008,Peugeot 3008,Peugeot 3008 1.6 BlueHDi GT Line,2018,114000,1895000,8
peugeot-3008,Peugeot 3008,Peugeot 3008 1.6 BlueHDi Active Prime Edition,2018,105000,1575000,8
peugeot-3008,Peugeot 3008,Peugeot 3008 1.6 BlueHDi Allure Elegance,2018,131000,1679000,8
peugeot-3008,Peugeot 3008,Peugeot 3008 1.5 BlueHDI Active SkyPack,2018,115000,1600000,8
peugeot-3008,Peugeot 3008,Peugeot 3008 1.5 BlueHDI Active SkyPack,2018,114000,1645000,8
peugeot-3008,Peugeot 3008,Peugeot 3008 1.6 BlueHDi Active Sport Pack,2018,187000,1435000,8
peugeot-3008,Peugeot 3008,Peugeot 3008 1.6 BlueHDi Active,2018,151521,1380000,8
peugeot-3008,Peugeot 3008,Peugeot 3008 1.6 BlueHDi Active SkyPack,2018,173000,1525500,8
peugeot-3008,Peugeot 3008,Peugeot 3008 1.6 BlueHDi GT Line,2018,90000,1856000,8
peugeot-3008,Peugeot 3008,Peugeot 3008 1.5 BlueHDI Active SkyPack,2018,99000,1615000,8
peugeot-3008,Peugeot 3008,Peugeot 3008 1.6 BlueHDi Active,2018,150000,1490000,8
peugeot-3008,Peugeot 3008,Peugeot 3008 1.6 BlueHDi GT Line,2018,1420000,1650000,8
peugeot-3008,Peugeot 3008,Peugeot 3008 1.6 BlueHDi Active Prime Edition,2018,78800,1750000,8
peugeot-3008,Peugeot 3008,Peugeot 3008 1.6 BlueHDi Active Prime Edition,2018,137000,1658850,8
peugeot-3008,Peugeot 3008,Peugeot 3008 1.6 BlueHDi Allure Elegance,2018,69500,1815000,8
peugeot-3008,Peugeot 3008,Peugeot 3008 1.5 BlueHDI Active SkyPack,2018,98000,1659000,8
peugeot-3008,Peugeot 3008,Peugeot 3008 1.6 BlueHDi Active SkyPack,2018,147000,1525000,8
peugeot-3008,Peugeot 3008,Peugeot 3008 1.6 BlueHDi GT Line,2018,143000,1669000,8
peugeot-3008,Peugeot 3008,Peugeot 3008 1.6 BlueHDi Active Prime Edition,2018,169000,1615000,8
peugeot-3008,Peugeot 3008,Peugeot 3008 1.6 BlueHDi Active Sport Pack,2018,155000,1470000,8
peugeot-3008,Peugeot 3008,Peugeot 3008 1.6 BlueHDi GT Line,2018,114000,1900000,8
peugeot-3008,Peugeot 3008,Peugeot 3008 1.6 BlueHDi Active,2018,173000,1315000,8
peugeot-3008,Peugeot 3008,Peugeot 3008 1.6 BlueHDi Allure Elegance,2018,239000,1365000,8
peugeot-3008,Peugeot 3008,Peugeot 3008 1.5 BlueHDI Active Prime Edition,2018,110000,1625000,8
peugeot-3008,Peugeot 3008,Peugeot 3008 1.2 PureTech Active,2018,113000,1365000,8
peugeot-3008,Peugeot 3008,Peugeot 3008 1.6 BlueHDi Active SkyPack,2018,124000,1575000,8
peugeot-3008,Peugeot 3008,Peugeot 3008 1.6 BlueHDi Active,2018,100840,1340000,8
peugeot-3008,Peugeot 3008,Peugeot 3008 1.6 BlueHDi GT Line,2018,176000,1569000,8
peugeot-3008,Peugeot 3008,Peugeot 3008 1.6 BlueHDi Allure Elegance,2018,189000,1495000,8
peugeot-3008,Peugeot 3008,Peugeot 3008 1.5 BlueHDI Active Prime Edition,2018,59000,1799000,8
peugeot-3008,Peugeot 3008,Peugeot 3008 1.6 BlueHDi GT Line,2018,142000,1600000,8
peugeot-3008,Peugeot 3008,Peugeot 3008 1.6 BlueHDi Active Sport Pack,2018,195000,1550000,8
peugeot-3008,Peugeot 3008,Peugeot 3008 1.6 BlueHDi Active SkyPack,2018,183000,1429000,8
peugeot-3008,Peugeot 3008,Peugeot 3008 1.6 BlueHDi Active SkyPack,2018,94477,1520000,8
peugeot-3008,Peugeot 3008,Peugeot 3008 1.6 BlueHDi GT Line,2018,159500,1649000,8
peugeot-3008,Peugeot 3008,Peugeot 3008 1.6 BlueHDi Active,2018,160000,1455000,8
peugeot-3008,Peugeot 3008,Peugeot 3008 1.6 BlueHDi Active Sport Pack,2018,185000,1320000,8
peugeot-3008,Peugeot 3008,Peugeot 3008 1.6 BlueHDi GT Line,2018,144000,1677250,8
peugeot-3008,Peugeot 3008,Peugeot 3008 1.6 BlueHDi Active SkyPack,2018,149000,1465000,8
peugeot-3008,Peugeot 3008,Peugeot 3008 1.6 BlueHDi Active Prime Edition,2018,137000,1585000,8
peugeot-3008,Peugeot 3008,Peugeot 3008 1.6 BlueHDi Active Prime Edition,2018,152000,1600000,8
peugeot-3008,Peugeot 3008,Peugeot 3008 1.6 BlueHDi Active SkyPack,2018,140000,1500000,8
peugeot-3008,Peugeot 3008,Peugeot 3008 1.6 BlueHDi Active Sport Pack,2018,108000,1550000,8
peugeot-3008,Peugeot 3008,Peugeot 3008 1.6 BlueHDi Active Prime Edition,2018,105000,1750000,8
peugeot-3008,Peugeot 3008,Peugeot 3008 1.6 BlueHDi Active Prime Edition,2018,145000,1570000,8
peugeot-3008,Peugeot 3008,Peugeot 3008 1.6 BlueHDi GT Line,2018,210000,1450000,8
peugeot-3008,Peugeot 3008,Peugeot 3008 1.6 BlueHDi Active,2018,215000,1490000,8
peugeot-3008,Peugeot 3008,Peugeot 3008 1.6 BlueHDi Active Prime Edition,2018,149200,1585000,8
peugeot-3008,Peugeot 3008,Peugeot 3008 1.6 BlueHDi Allure Elegance,2018,97000,1850000,8
peugeot-3008,Peugeot 3008,Peugeot 3008 1.2 PureTech Active Prime Edition,2018,85000,1540000,8
peugeot-3008,Peugeot 3008,Peugeot 3008 1.6 BlueHDi Active,2018,60000,1625000,8
peugeot-3008,Peugeot 3008,Peugeot 3008 1.6 BlueHDi Active Sport Pack,2018,153500,1489900,8
peugeot-3008,Peugeot 3008,Peugeot 3008 1.6 BlueHDi Active Prime Edition,2018,80000,1699000,8
peugeot-3008,Peugeot 3008,Peugeot 3008 1.6 BlueHDi Active SkyPack,2018,130000,1610000,8
peugeot-3008,Peugeot 3008,Peugeot 3008 1.5 BlueHDI Active Prime Edition,2018,79999,1775000,8
peugeot-3008,Peugeot 3008,Peugeot 3008 1.5 BlueHDI Active Prime Edition,2018,49900,1820000,8
peugeot-3008,Peugeot 3008,Peugeot 3008 1.6 BlueHDi Active SkyPack,2018,30000,1600000,8
peugeot-3008,Peugeot 3008,Peugeot 3008 1.5 BlueHDI Active Prime Edition,2018,120000,1675000,8
peugeot-3008,Peugeot 3008,Peugeot 3008 1.6 BlueHDi Active SkyPack,2018,119000,1505000,8
peugeot-3008,Peugeot 3008,Peugeot 3008 1.6 BlueHDi Active Sport Pack,2018,187850,1449000,8
peugeot-3008,Peugeot 3008,Peugeot 3008 1.6 BlueHDi Active,2018,106000,1559000,8
peugeot-3008,Peugeot 3008,Peugeot 3008 1.6 BlueHDi Active,2018,90600,1430000,8
peugeot-3008,Peugeot 3008,Peugeot 3008 1.6 BlueHDi Active Sport Pack,2018,137500,1510000,8
peugeot-3008,Peugeot 3008,Peugeot 3008 1.6 BlueHDi GT Line,2018,120000,1749900,8
peugeot-3008,Peugeot 3008,Peugeot 3008 1.6 BlueHDi Active Sport Pack,2018,107000,1490000,8
peugeot-3008,Peugeot 3008,Peugeot 3008 1.6 BlueHDi Allure,2018,164000,1595000,8
peugeot-3008,Peugeot 3008,Peugeot 3008 1.5 BlueHDI Active Prime Edition,2018,56900,1799000,8
peugeot-3008,Peugeot 3008,Peugeot 3008 1.6 BlueHDi Active Prime Edition,2018,150000,1540000,8
peugeot-3008,Peugeot 3008,Peugeot 3008 1.6 BlueHDi Active Prime Edition,2018,100300,1700000,8
peugeot-3008,Peugeot 3008,Peugeot 3008 1.6 BlueHDi Active SkyPack,2018,78000,1655000,8
peugeot-3008,Peugeot 3008,Peugeot 3008 1.6 BlueHDi Allure,2018,133000,1735000,8
peugeot-3008,Peugeot 3008,Peugeot 3008 1.6 BlueHDi Allure Elegance,2018,74000,1765000,8
peugeot-3008,Peugeot 3008,Peugeot 3008 1.6 BlueHDi Allure,2018,140000,1649000,8
peugeot-3008,Peugeot 3008,Peugeot 3008 1.6 BlueHDi Allure Elegance,2018,192500,1610000,8
peugeot-3008,Peugeot 3008,Peugeot 3008 1.6 BlueHDi Active SkyPack,2018,133000,1530000,8
peugeot-3008,Peugeot 3008,Peugeot 3008 1.6 BlueHDi Active Prime Edition,2018,135000,1650000,8
peugeot-3008,Peugeot 3008,Peugeot 3008 1.6 BlueHDi Active Prime Edition,2018,138000,1550000,8
peugeot-3008,Peugeot 3008,Peugeot 3008 1.6 BlueHDi Active SkyPack,2018,209000,1350000,8
peugeot-3008,Peugeot 3008,Peugeot 3008 1.6 BlueHDi GT Line,2018,96000,1850000,8
peugeot-3008,Peugeot 3008,Peugeot 3008 1.6 BlueHDi Active,2018,116000,1555000,8
peugeot-3008,Peugeot 3008,Peugeot 3008 1.6 BlueHDi Allure,2018,191000,1500000,8
peugeot-3008,Peugeot 3008,Peugeot 3008 1.6 BlueHDi Active Prime Edition,2018,149000,1280000,8
peugeot-3008,Peugeot 3008,Peugeot 3008 1.6 BlueHDi Active Sport Pack,2018,195000,1324500,8
peugeot-3008,Peugeot 3008,Peugeot 3008 1.6 BlueHDi Allure Elegance,2018,164500,1535000,8
peugeot-3008,Peugeot 3008,Peugeot 3008 1.6 BlueHDi Active SkyPack,2018,141000,1505000,8
peugeot-3008,Peugeot 3008,Peugeot 3008 1.5 BlueHDI Active Prime Edition,2018,56850,1895000,8
peugeot-3008,Peugeot 3008,Peugeot 3008 1.6 BlueHDi Active Sport Pack,2018,108000,1525000,8
peugeot-3008,Peugeot 3008,Peugeot 3008 1.6 BlueHDi Active SkyPack,2018,149000,1514750,8
peugeot-3008,Peugeot 3008,Peugeot 3008 1.6 BlueHDi Active Prime Edition,2018,225000,1350000,8
peugeot-3008,Peugeot 3008,Peugeot 3008 1.6 BlueHDi Active Sport Pack,2018,103950,1700000,8
peugeot-3008,Peugeot 3008,Peugeot 3008 1.6 BlueHDi Active SkyPack,2018,185000,1550000,8
peugeot-3008,Peugeot 3008,Peugeot 3008 1.6 BlueHDi GT Line,2018,220000,1569000,8
peugeot-3008,Peugeot 3008,Peugeot 3008 1.6 BlueHDi Active SkyPack,2018,197000,1625000,8
peugeot-3008,Peugeot 3008,Peugeot 3008 1.6 BlueHDi Active Prime Edition,2018,53000,1675000,8
peugeot-3008,Peugeot 3008,Peugeot 3008 1.6 BlueHDi Active,2018,103000,1550000,8
peugeot-3008,Peugeot 3008,Peugeot 3008 1.6 BlueHDi GT Line,2018,140000,1855500,8
peugeot-3008,Peugeot 3008,Peugeot 3008 1.6 BlueHDi Active,2018,105500,1550000,8
peugeot-3008,Peugeot 3008,Peugeot 3008 1.6 BlueHDi Active,2018,140000,1589000,8
peugeot-3008,Peugeot 3008,Peugeot 3008 1.5 BlueHDI Allure Selection,2019,63000,1879000,7
peugeot-3008,Peugeot 3008,Peugeot 3008 1.5 BlueHDI GT Line,2019,90000,1820000,7
peugeot-3008,Peugeot 3008,Peugeot 3008 1.5 BlueHDI Active Life Sky Pack,2019,90000,1620000,7
peugeot-3008,Peugeot 3008,Peugeot 3008 1.5 BlueHDI Active Life Prime Edition,2019,77000,1689000,7
peugeot-3008,Peugeot 3008,Peugeot 3008 1.5 BlueHDI Active Life Prime Edition,2019,77000,1745000,7
peugeot-3008,Peugeot 3008,Peugeot 3008 1.6 BlueHDi Active SkyPack,2019,55000,1760000,7
peugeot-3008,Peugeot 3008,Peugeot 3008 1.5 BlueHDI Allure Selection,2019,147500,1725000,7
peugeot-3008,Peugeot 3008,Peugeot 3008 1.5 BlueHDI Allure Selection,2019,140500,1640000,7
peugeot-3008,Peugeot 3008,Peugeot 3008 1.5 BlueHDI Active Life Prime Edition,2019,129000,1585000,7
peugeot-3008,Peugeot 3008,Peugeot 3008 1.6 PureTech Active Prime Edition,2019,83600,1850000,7
peugeot-3008,Peugeot 3008,Peugeot 3008 1.5 BlueHDI Active Life Prime Edition,2019,71000,1650000,7
peugeot-3008,Peugeot 3008,Peugeot 3008 1.5 BlueHDI Allure Selection,2019,102500,1650000,7
peugeot-3008,Peugeot 3008,Peugeot 3008 1.5 BlueHDI Active Prime Edition,2019,123000,1665053,7
peugeot-3008,Peugeot 3008,Peugeot 3008 1.5 BlueHDI GT Line,2019,142000,1740000,7
peugeot-3008,Peugeot 3008,Peugeot 3008 1.5 BlueHDI GT Line,2019,119000,1735000,7
peugeot-3008,Peugeot 3008,Peugeot 3008 1.5 BlueHDI GT Line,2019,92000,1799500,7
peugeot-3008,Peugeot 3008,Peugeot 3008 1.5 BlueHDI Allure Selection,2019,117000,1675000,7
peugeot-3008,Peugeot 3008,Peugeot 3008 1.5 BlueHDI Active Life Sky Pack,2019,86000,1430000,7
peugeot-3008,Peugeot 3008,Peugeot 3008 1.5 BlueHDI Active Life Prime Edition,2019,122000,1580000,7
peugeot-3008,Peugeot 3008,Peugeot 3008 1.5 BlueHDI Active Prime Edition,2019,135000,1695555,7
peugeot-3008,Peugeot 3008,Peugeot 3008 1.5 BlueHDI Allure Selection,2019,136000,1720000,7
peugeot-3008,Peugeot 3008,Peugeot 3008 1.5 BlueHDI Active Prime Edition,2019,160000,1450000,7
peugeot-3008,Peugeot 3008,Peugeot 3008 1.5 BlueHDI GT Line,2019,65000,1900000,7
peugeot-3008,Peugeot 3008,Peugeot 3008 1.5 BlueHDI GT Line,2019,219000,1530000,7
peugeot-3008,Peugeot 3008,Peugeot 3008 1.5 BlueHDI Allure Selection,2019,64400,1830000,7
peugeot-3008,Peugeot 3008,Peugeot 3008 1.5 BlueHDI Allure Selection,2019,63434,1890000,7
peugeot-3008,Peugeot 3008,Peugeot 3008 1.6 PureTech Active Prime Edition,2019,102000,1565000,7
peugeot-3008,Peugeot 3008,Peugeot 3008 1.5 BlueHDI Active Life Prime Edition,2019,33000,1945000,7
peugeot-3008,Peugeot 3008,Peugeot 3008 1.5 BlueHDI Allure Selection,2019,123700,1820000,7
peugeot-3008,Peugeot 3008,Peugeot 3008 1.6 PureTech Active Prime Edition,2019,73000,1710000,7
peugeot-3008,Peugeot 3008,Peugeot 3008 1.5 BlueHDI Active Prime Edition,2019,172000,1530000,7
peugeot-3008,Peugeot 3008,Peugeot 3008 1.5 BlueHDI Active Prime Edition,2019,216500,1510000,7
peugeot-3008,Peugeot 3008,Peugeot 3008 1.5 BlueHDI Active Prime Edition,2019,66000,1810000,7
peugeot-3008,Peugeot 3008,Peugeot 3008 1.5 BlueHDI Active Sport Pack,2019,179000,1375000,7
peugeot-3008,Peugeot 3008,Peugeot 3008 1.5 BlueHDI Allure Selection,2019,88000,1800000,7
peugeot-3008,Peugeot 3008,Peugeot 3008 1.5 BlueHDI Active Life Sky Pack,2019,54000,1739900,7
peugeot-3008,Peugeot 3008,Peugeot 3008 1.5 BlueHDI Allure Selection,2019,144000,1639000,7
peugeot-3008,Peugeot 3008,Peugeot 3008 1.5 BlueHDI Active Life Prime Edition,2019,102000,1685000,7
peugeot-3008,Peugeot 3008,Peugeot 3008 1.5 BlueHDI Active Life Sky Pack,2019,191000,1850000,7
peugeot-3008,Peugeot 3008,Peugeot 3008 1.5 BlueHDI Active Life Sky Pack,2019,50000,1719000,7
peugeot-3008,Peugeot 3008,Peugeot 3008 1.5 BlueHDI Active Prime Edition,2019,180000,1399750,7
peugeot-3008,Peugeot 3008,Peugeot 3008 1.5 BlueHDI Active Prime Edition,2019,65500,1765000,7
peugeot-3008,Peugeot 3008,Peugeot 3008 1.5 BlueHDI Active SkyPack,2019,131000,1690000,7
peugeot-3008,Peugeot 3008,Peugeot 3008 1.5 BlueHDI Allure Selection,2019,115000,1779000,7
peugeot-3008,Peugeot 3008,Peugeot 3008 1.5 BlueHDI Active SkyPack,2019,210000,1415000,7
peugeot-3008,Peugeot 3008,Peugeot 3008 1.5 BlueHDI Active Life Sky Pack,2019,90000,1694750,7
peugeot-3008,Peugeot 3008,Peugeot 3008 1.5 BlueHDI GT Line,2019,152000,1665000,7
peugeot-3008,Peugeot 3008,Peugeot 3008 1.5 BlueHDI Active Sport Pack,2019,226000,1475000,7
peugeot-3008,Peugeot 3008,Peugeot 3008 1.5 BlueHDI Allure Selection,2019,155000,1750000,7
peugeot-3008,Peugeot 3008,Peugeot 3008 1.5 BlueHDI Active Life Sky Pack,2019,112000,1675000,7
peugeot-3008,Peugeot 3008,Peugeot 3008 1.5 BlueHDI Active Prime Edition,2019,117000,1710000,7
peugeot-3008,Peugeot 3008,Peugeot 3008 1.6 THP Active Prime Drive Edition,2019,119500,1645000,7
peugeot-3008,Peugeot 3008,Peugeot 3008 1.5 BlueHDI Active Life Prime Edition,2019,44380,1749750,7
peugeot-3008,Peugeot 3008,Peugeot 3008 1.6 PureTech Active Prime Edition,2019,140000,1460000,7
peugeot-3008,Peugeot 3008,Peugeot 3008 1.6 PureTech Active Prime Edition,2019,94000,1595000,7
peugeot-3008,Peugeot 3008,Peugeot 3008 1.5 BlueHDI Active SkyPack,2019,175000,1535000,7
peugeot-3008,Peugeot 3008,Peugeot 3008 1.5 BlueHDI Allure Selection,2019,120000,1649950,7
peugeot-3008,Peugeot 3008,Peugeot 3008 1.5 BlueHDI Allure Selection,2019,65000,1879000,7
peugeot-3008,Peugeot 3008,Peugeot 3008 1.5 BlueHDI Active Life Sport Pack,2019,99400,1575000,7
peugeot-3008,Peugeot 3008,Peugeot 3008 1.6 PureTech Active Prime Edition,2019,72000,1649000,7
peugeot-3008,Peugeot 3008,Peugeot 3008 1.5 BlueHDI GT Line,2019,57000,1870000,7
peugeot-3008,Peugeot 3008,Peugeot 3008 1.5 BlueHDI Active Prime Edition,2019,140000,1658750,7
peugeot-3008,Peugeot 3008,Peugeot 3008 1.5 BlueHDI Active Life Prime Edition,2019,137000,1700000,7
peugeot-3008,Peugeot 3008,Peugeot 3008 1.5 BlueHDI Active Life Sky Pack,2019,110000,1720000,7
peugeot-3008,Peugeot 3008,Peugeot 3008 1.5 BlueHDI GT Line,2019,160000,1695000,7
peugeot-3008,Peugeot 3008,Peugeot 3008 1.5 BlueHDI Active Life Sky Pack,2019,190000,1415000,7
peugeot-3008,Peugeot 3008,Peugeot 3008 1.5 BlueHDI Active Sport Pack,2019,134000,1590000,7
peugeot-3008,Peugeot 3008,Peugeot 3008 1.5 BlueHDI Allure Selection,2019,96500,1650000,7
peugeot-3008,Peugeot 3008,Peugeot 3008 1.5 BlueHDI Active Prime Edition,2019,134000,1595000,7
peugeot-3008,Peugeot 3008,Peugeot 3008 1.5 BlueHDI Active Prime Edition,2019,92940,1775000,7
peugeot-3008,Peugeot 3008,Peugeot 3008 1.5 BlueHDI Active Prime Edition,2019,129000,1615000,7
peugeot-3008,Peugeot 3008,Peugeot 3008 1.5 BlueHDI GT Line,2019,130000,1745000,7
peugeot-3008,Peugeot 3008,Peugeot 3008 1.5 BlueHDI Active Life Sky Pack,2019,124000,1605000,7
peugeot-3008,Peugeot 3008,Peugeot 3008 1.5 BlueHDI Active Life Sky Pack,2019,192000,1460000,7
peugeot-3008,Peugeot 3008,Peugeot 3008 1.5 BlueHDI Active Prime Edition,2019,100500,1700000,7
peugeot-3008,Peugeot 3008,Peugeot 3008 1.5 BlueHDI Active Prime Edition,2019,70500,1780000,7
peugeot-3008,Peugeot 3008,Peugeot 3008 1.6 PureTech Active Prime Edition,2019,197000,1450000,7
peugeot-3008,Peugeot 3008,Peugeot 3008 1.5 BlueHDI Active Prime Edition,2019,118500,1685000,7
peugeot-3008,Peugeot 3008,Peugeot 3008 1.5 BlueHDI Active Life Sky Pack,2019,89956,1685000,7
peugeot-3008,Peugeot 3008,Peugeot 3008 1.5 BlueHDI Active Life Sky Pack,2019,151000,1520000,7
peugeot-3008,Peugeot 3008,Peugeot 3008 1.5 BlueHDI Active Prime Edition,2019,86000,1625000,7
peugeot-3008,Peugeot 3008,Peugeot 3008 1.5 BlueHDI GT Line,2019,114500,1810000,7
peugeot-3008,Peugeot 3008,Peugeot 3008 1.5 BlueHDI Active Life Prime Edition,2019,127000,1605000,7
peugeot-3008,Peugeot 3008,Peugeot 3008 1.5 BlueHDI Active Life Sport Pack,2019,178000,1405000,7
peugeot-3008,Peugeot 3008,Peugeot 3008 1.5 BlueHDI Active Life Prime Edition,2019,133500,1890000,7
peugeot-3008,Peugeot 3008,Peugeot 3008 1.5 BlueHDI Active Prime Edition,2019,93000,1670000,7
peugeot-3008,Peugeot 3008,Peugeot 3008 1.5 BlueHDI Active SkyPack,2019,161500,1580000,7
peugeot-3008,Peugeot 3008,Peugeot 3008 1.5 BlueHDI Active SkyPack,2019,106000,1605000,7
peugeot-3008,Peugeot 3008,Peugeot 3008 1.5 BlueHDI Active Prime Edition,2019,138000,1690000,7
peugeot-3008,Peugeot 3008,Peugeot 3008 1.5 BlueHDI Active Life Prime Edition,2019,96799,1675000,7
peugeot-3008,Peugeot 3008,Peugeot 3008 1.5 BlueHDI Active Prime Edition,2019,99900,1750000,7
peugeot-3008,Peugeot 3008,Peugeot 3008 1.5 BlueHDI Active Life Sky Pack,2019,100000,1700000,7
peugeot-3008,Peugeot 3008,Peugeot 3008 1.2 PureTech Active Prime Edition,2019,67000,1620000,7
peugeot-3008,Peugeot 3008,Peugeot 3008 1.5 BlueHDI Active Prime Edition,2019,83500,1685000,7
peugeot-3008,Peugeot 3008,Peugeot 3008 1.5 BlueHDI Active Life Prime Edition,2019,102000,1655000,7
peugeot-3008,Peugeot 3008,Peugeot 3008 1.5 BlueHDI Active Life Sky Pack,2019,55000,1760000,7
peugeot-3008,Peugeot 3008,Peugeot 3008 1.5 BlueHDI Active Prime Edition,2019,106000,1670000,7
peugeot-3008,Peugeot 3008,Peugeot 3008 1.5 BlueHDI GT Line,2019,378000,1549000,7
peugeot-3008,Peugeot 3008,Peugeot 3008 1.5 BlueHDI Allure Selection,2019,190000,1690000,7
peugeot-3008,Peugeot 3008,Peugeot 3008 1.5 BlueHDI Active Prime Edition,2019,82000,1775000,7
peugeot-3008,Peugeot 3008,Peugeot 3008 1.5 BlueHDI Allure Selection,2019,104000,1785000,7
peugeot-3008,Peugeot 3008,Peugeot 3008 1.5 BlueHDI Allure Selection,2019,155000,1645000,7
peugeot-3008,Peugeot 3008,Peugeot 3008 1.5 BlueHDI Active Prime Edition,2019,186000,1365000,7
peugeot-3008,Peugeot 3008,Peugeot 3008 1.5 BlueHDI Active Life Sky Pack,2019,157000,1625000,7
peugeot-3008,Peugeot 3008,Peugeot 3008 1.5 BlueHDI Active Prime Edition,2019,79500,1785000,7
peugeot-3008,Peugeot 3008,Peugeot 3008 1.5 BlueHDI Active Life Sky Pack,2019,152000,1540000,7
peugeot-3008,Peugeot 3008,Peugeot 3008 1.5 BlueHDI Active SkyPack,2019,108000,1700000,7
peugeot-3008,Peugeot 3008,Peugeot 3008 1.5 BlueHDI Active Life Sky Pack,2019,96000,1760000,7
peugeot-3008,Peugeot 3008,Peugeot 3008 1.5 BlueHDI GT Line,2019,50000,1905000,7
peugeot-3008,Peugeot 3008,Peugeot 3008 1.5 BlueHDI Active Prime Edition,2019,80000,1695000,7
peugeot-3008,Peugeot 3008,Peugeot 3008 1.5 BlueHDI Active Life Prime Edition,2019,76850,1695000,7
peugeot-3008,Peugeot 3008,Peugeot 3008 1.5 BlueHDI GT Line,2019,125000,1520000,7
peugeot-3008,Peugeot 3008,Peugeot 3008 1.2 PureTech Active Prime Edition,2019,60500,1670000,7
peugeot-3008,Peugeot 3008,Peugeot 3008 1.5 BlueHDI Active Life Prime Edition,2019,107000,1695000,7
peugeot-3008,Peugeot 3008,Peugeot 3008 1.5 BlueHDI Active Life Prime Edition,2019,90000,1650000,7
peugeot-3008,Peugeot 3008,Peugeot 3008 1.5 BlueHDI Active SkyPack,2019,159000,1520000,7
peugeot-3008,Peugeot 3008,Peugeot 3008 1.5 BlueHDI Active Prime Edition,2019,76000,1760000,7
peugeot-3008,Peugeot 3008,Peugeot 3008 1.5 BlueHDI Active Life Sky Pack,2019,72500,1790000,7
peugeot-3008,Peugeot 3008,Peugeot 3008 1.5 BlueHDI Active Prime Edition,2019,144400,1595000,7
peugeot-3008,Peugeot 3008,Peugeot 3008 1.5 BlueHDI Allure Selection,2019,60607,1875000,7
peugeot-3008,Peugeot 3008,Peugeot 3008 1.5 BlueHDI GT Line,2019,145000,1625000,7
peugeot-3008,Peugeot 3008,Peugeot 3008 1.5 BlueHDI Active SkyPack,2019,123000,1680000,7
peugeot-3008,Peugeot 3008,Peugeot 3008 1.5 BlueHDI Active Prime Edition,2019,110000,1715000,7
peugeot-3008,Peugeot 3008,Peugeot 3008 1.5 BlueHDI Allure Selection,2019,158000,1550000,7
peugeot-3008,Peugeot 3008,Peugeot 3008 1.5 BlueHDI Allure Selection,2019,71000,1880000,7
peugeot-3008,Peugeot 3008,Peugeot 3008 1.5 BlueHDI Allure Selection,2019,178500,1610000,7
peugeot-3008,Peugeot 3008,Peugeot 3008 1.5 BlueHDI Active Life Sky Pack,2019,77000,1750000,7
peugeot-3008,Peugeot 3008,Peugeot 3008 1.5 BlueHDI Active Sport Pack,2019,252000,1575000,7
peugeot-3008,Peugeot 3008,Peugeot 3008 1.5 BlueHDI Allure Selection,2019,99000,1699999,7
peugeot-3008,Peugeot 3008,Peugeot 3008 1.5 BlueHDI Active Prime Edition,2019,114000,1735000,7
peugeot-3008,Peugeot 3008,Peugeot 3008 1.5 BlueHDI Active Life Prime Edition,2019,164000,1590000,7
peugeot-3008,Peugeot 3008,Peugeot 3008 1.5 BlueHDI Active Prime Edition,2019,231300,1450000,7
peugeot-3008,Peugeot 3008,Peugeot 3008 1.5 BlueHDI Allure Selection,2019,44000,1935000,7
peugeot-3008,Peugeot 3008,Peugeot 3008 1.5 BlueHDI Active SkyPack,2019,114000,1849000,7
peugeot-3008,Peugeot 3008,Peugeot 3008 1.6 THP Active Prime Drive Edition,2019,10500,1995000,7
peugeot-3008,Peugeot 3008,Peugeot 3008 1.5 BlueHDI Active SkyPack,2019,88035,1675000,7
peugeot-3008,Peugeot 3008,Peugeot 3008 1.5 BlueHDI Active Life Sky Pack,2019,210000,1590000,7
peugeot-3008,Peugeot 3008,Peugeot 3008 1.5 BlueHDI Active Life Sky Pack,2019,83500,1780000,7
peugeot-3008,Peugeot 3008,Peugeot 3008 1.5 BlueHDI Active SkyPack,2019,78000,1800000,7
peugeot-3008,Peugeot 3008,Peugeot 3008 1.2 PureTech Active Prime Edition,2020,109000,1615000,6
peugeot-3008,Peugeot 3008,Peugeot 3008 1.5 BlueHDI GT Line,2020,70000,1950000,6
peugeot-3008,Peugeot 3008,Peugeot 3008 1.6 PureTech Allure,2020,44000,1860000,6
peugeot-3008,Peugeot 3008,Peugeot 3008 1.5 BlueHDI GT Line,2020,163000,1815000,6
peugeot-3008,Peugeot 3008,Peugeot 3008 1.5 BlueHDI Active Prime,2020,93000,1789500,6
peugeot-3008,Peugeot 3008,Peugeot 3008 1.2 PureTech Allure Dynamic,2020,65000,1529500,6
peugeot-3008,Peugeot 3008,Peugeot 3008 1.5 BlueHDI Active Life Sky Pack,2020,165000,1469750,6
peugeot-3008,Peugeot 3008,Peugeot 3008 1.5 BlueHDI Active Life Sky Pack,2020,214000,1480000,6
peugeot-3008,Peugeot 3008,Peugeot 3008 1.5 BlueHDI Active Life Sky Pack,2020,108000,1700000,6
peugeot-3008,Peugeot 3008,Peugeot 3008 1.5 BlueHDI Active Life Prime Edition,2020,112000,1658750,6
peugeot-3008,Peugeot 3008,Peugeot 3008 1.5 BlueHDI Allure Selection,2020,104000,1789000,6
peugeot-3008,Peugeot 3008,Peugeot 3008 1.5 BlueHDI Active Life Prime Edition,2020,155000,1420000,6
peugeot-3008,Peugeot 3008,Peugeot 3008 1.2 PureTech GT Line,2020,50000,1800000,6
peugeot-3008,Peugeot 3008,Peugeot 3008 1.6 PureTech Allure,2020,78528,1739500,6
peugeot-3008,Peugeot 3008,Peugeot 3008 1.5 BlueHDI Active Life Sport Pack,2020,119000,1480000,6
peugeot-3008,Peugeot 3008,Peugeot 3008 1.5 BlueHDI GT Line Dynamic,2020,129000,1725000,6
peugeot-3008,Peugeot 3008,Peugeot 3008 1.5 BlueHDI GT Line,2020,44000,1995000,6
peugeot-3008,Peugeot 3008,Peugeot 3008 1.5 BlueHDI Allure Selection,2020,103000,1790000,6
peugeot-3008,Peugeot 3008,Peugeot 3008 1.5 BlueHDI Active Life Sky Pack,2020,130000,1620000,6
peugeot-3008,Peugeot 3008,Peugeot 3008 1.5 BlueHDI Allure Selection,2020,45000,1899000,6
peugeot-3008,Peugeot 3008,Peugeot 3008 1.5 BlueHDI Active Prime,2020,174530,1590000,6
peugeot-3008,Peugeot 3008,Peugeot 3008 1.2 PureTech GT Line Dynamic,2020,100000,1500000,6
peugeot-3008,Peugeot 3008,Peugeot 3008 1.5 BlueHDI GT Line,2020,82000,1825000,6
peugeot-3008,Peugeot 3008,Peugeot 3008 1.5 BlueHDI GT,2020,121619,1950000,6
peugeot-3008,Peugeot 3008,Peugeot 3008 1.5 BlueHDI GT Line Dynamic,2020,21000,1895000,6
peugeot-3008,Peugeot 3008,Peugeot 3008 1.5 BlueHDI Allure Selection,2020,110000,1789000,6
peugeot-3008,Peugeot 3008,Peugeot 3008 1.5 BlueHDI Active Life Prime Edition,2020,88000,1760000,6
peugeot-3008,Peugeot 3008,Peugeot 3008 1.5 BlueHDI Active Life Prime Edition,2020,181000,1499500,6
peugeot-3008,Peugeot 3008,Peugeot 3008 1.5 BlueHDI Active Life Prime Edition,2020,170000,1649000,6
peugeot-3008,Peugeot 3008,Peugeot 3008 1.5 BlueHDI Active Life Prime Edition,2020,85000,1685000,6
peugeot-3008,Peugeot 3008,Peugeot 3008 1.5 BlueHDI Active Life Sport Pack,2020,160000,1540000,6
peugeot-3008,Peugeot 3008,Peugeot 3008 1.5 BlueHDI Active Life Sky Pack,2020,112000,1675000,6
peugeot-3008,Peugeot 3008,Peugeot 3008 1.5 BlueHDI Active Life Sky Pack,2020,129800,1649000,6
peugeot-3008,Peugeot 3008,Peugeot 3008 1.5 BlueHDI Active Life Prime Edition,2020,66000,1799000,6
peugeot-3008,Peugeot 3008,Peugeot 3008 1.5 BlueHDI Allure Dynamic,2020,103000,1750000,6
peugeot-3008,Peugeot 3008,Peugeot 3008 1.5 BlueHDI Active Life Prime Edition,2020,190000,1525000,6
peugeot-3008,Peugeot 3008,Peugeot 3008 1.5 BlueHDI Allure,2020,92000,1899000,6
peugeot-3008,Peugeot 3008,Peugeot 3008 1.5 BlueHDI Active Life Sky Pack,2020,169849,1475000,6
peugeot-3008,Peugeot 3008,Peugeot 3008 1.5 BlueHDI GT Line,2020,73000,1915000,6
peugeot-3008,Peugeot 3008,Peugeot 3008 1.5 BlueHDI Active Prime,2020,130000,1515000,6
peugeot-3008,Peugeot 3008,Peugeot 3008 1.5 BlueHDI Allure,2020,76000,1915000,6
peugeot-3008,Peugeot 3008,Peugeot 3008 1.5 BlueHDI GT,2020,125000,2015000,6
peugeot-3008,Peugeot 3008,Peugeot 3008 1.5 BlueHDI GT,2020,120000,2085000,6
peugeot-3008,Peugeot 3008,Peugeot 3008 1.6 THP Active Prime Edition,2020,69501,1769900,6
peugeot-3008,Peugeot 3008,Peugeot 3008 1.6 PureTech Allure,2020,77300,1785000,6
peugeot-3008,Peugeot 3008,Peugeot 3008 1.2 PureTech Active Dynamic,2020,117000,1435000,6
peugeot-3008,Peugeot 3008,Peugeot 3008 1.2 PureTech Active Dynamic,2020,140000,1485000,6
peugeot-3008,Peugeot 3008,Peugeot 3008 1.5 BlueHDI Active Prime,2020,86000,1795000,6
peugeot-3008,Peugeot 3008,Peugeot 3008 1.5 BlueHDI Active Life Sky Pack,2020,122000,1650000,6
peugeot-3008,Peugeot 3008,Peugeot 3008 1.5 BlueHDI Active Prime,2020,80000,1710000,6
peugeot-3008,Peugeot 3008,Peugeot 3008 1.5 BlueHDI Active Life Sky Pack,2020,104000,1629000,6
peugeot-3008,Peugeot 3008,Peugeot 3008 1.2 PureTech Allure Dynamic,2020,107606,1448000,6
peugeot-3008,Peugeot 3008,Peugeot 3008 1.5 BlueHDI Active Life Sky Pack,2020,119000,1635000,6
peugeot-3008,Peugeot 3008,Peugeot 3008 1.5 BlueHDI Active Life Prime Edition,2020,67000,1810000,6
peugeot-3008,Peugeot 3008,Peugeot 3008 1.6 PureTech Active Prime Edition,2020,98000,1585000,6
peugeot-3008,Peugeot 3008,Peugeot 3008 1.5 BlueHDI GT Line,2020,106000,1849000,6
peugeot-3008,Peugeot 3008,Peugeot 3008 1.5 BlueHDI GT Line Dynamic,2020,130000,1800000,6
peugeot-3008,Peugeot 3008,Peugeot 3008 1.5 BlueHDI Allure Dynamic,2020,144653,1625000,6
peugeot-3008,Peugeot 3008,Peugeot 3008 1.5 BlueHDI Active Life Prime Edition,2020,97500,1510000,6
peugeot-3008,Peugeot 3008,Peugeot 3008 1.5 BlueHDI Active Life Sport Pack,2020,160000,1419000,6
peugeot-3008,Peugeot 3008,Peugeot 3008 1.5 BlueHDI Active Life Sky Pack,2020,101000,1639750,6
peugeot-3008,Peugeot 3008,Peugeot 3008 1.5 BlueHDI Active Life Prime Edition,2020,115000,1665000,6
peugeot-3008,Peugeot 3008,Peugeot 3008 1.5 BlueHDI GT Line,2020,106000,1849000,6
peugeot-3008,Peugeot 3008,Peugeot 3008 1.5 BlueHDI Allure Selection,2020,109000,1765000,6
peugeot-3008,Peugeot 3008,Peugeot 3008 1.5 BlueHDI Allure,2020,72500,1970000,6
peugeot-3008,Peugeot 3008,Peugeot 3008 1.5 BlueHDI Active Life Prime Edition,2020,115000,1630000,6
peugeot-3008,Peugeot 3008,Peugeot 3008 1.5 BlueHDI Active Life Prime Edition,2020,174000,1799000,6
peugeot-3008,Peugeot 3008,Peugeot 3008 1.5 BlueHDI Active Life Prime Edition,2020,86000,1770000,6
peugeot-3008,Peugeot 3008,Peugeot 3008 1.6 PureTech Allure,2020,95000,1750000,6
peugeot-3008,Peugeot 3008,Peugeot 3008 1.5 BlueHDI Allure Selection,2020,90000,1679000,6
peugeot-3008,Peugeot 3008,Peugeot 3008 1.5 BlueHDI Allure,2020,156300,1860000,6
peugeot-3008,Peugeot 3008,Peugeot 3008 1.5 BlueHDI Active Life Sky Pack,2020,51574,1808000,6
peugeot-3008,Peugeot 3008,Peugeot 3008 1.5 BlueHDI Active Life Sport Pack,2020,103000,1790000,6
peugeot-3008,Peugeot 3008,Peugeot 3008 1.5 BlueHDI GT Line,2020,136000,1795000,6
peugeot-3008,Peugeot 3008,Peugeot 3008 1.6 PureTech Allure,2020,80000,1870499,6
peugeot-3008,Peugeot 3008,Peugeot 3008 1.5 BlueHDI Active Life Prime Edition,2020,99800,1445000,6
peugeot-3008,Peugeot 3008,Peugeot 3008 1.5 BlueHDI GT Line,2020,119220,1840000,6
peugeot-3008,Peugeot 3008,Peugeot 3008 1.5 BlueHDI Active Life Sky Pack,2020,100000,1690000,6
peugeot-3008,Peugeot 3008,Peugeot 3008 1.2 PureTech Active Prime Edition,2020,22000,1795000,6
peugeot-3008,Peugeot 3008,Peugeot 3008 1.5 BlueHDI Allure Dynamic,2020,61715,1785000,6
peugeot-3008,Peugeot 3008,Peugeot 3008 1.5 BlueHDI Active Life Sky Pack,2020,87000,1714000,6
peugeot-3008,Peugeot 3008,Peugeot 3008 1.5 BlueHDI Allure Dynamic,2020,95300,1645000,6
peugeot-3008,Peugeot 3008,Peugeot 3008 1.5 BlueHDI Active Life Sky Pack,2020,114500,1550000,6
peugeot-3008,Peugeot 3008,Peugeot 3008 1.5 BlueHDI Active Life Prime Edition,2020,80000,1665000,6
peugeot-3008,Peugeot 3008,Peugeot 3008 1.5 BlueHDI Active Life Prime Edition,2020,90555,1649000,6
peugeot-3008,Peugeot 3008,Peugeot 3008 1.5 BlueHDI Active Life Sky Pack,2020,152230,1690000,6
peugeot-3008,Peugeot 3008,Peugeot 3008 1.5 BlueHDI Allure Selection,2020,101874,1720000,6
peugeot-3008,Peugeot 3008,Peugeot 3008 1.2 PureTech Active Prime Edition,2020,90000,1635750,6
peugeot-3008,Peugeot 3008,Peugeot 3008 1.5 BlueHDI Active Life Prime Edition,2020,155000,1500000,6
peugeot-3008,Peugeot 3008,Peugeot 3008 1.2 PureTech GT Line,2020,57000,1687000,6
peugeot-3008,Peugeot 3008,Peugeot 3008 1.5 BlueHDI Active Life Sky Pack,2020,112000,1599500,6
peugeot-3008,Peugeot 3008,Peugeot 3008 1.2 PureTech Allure Dynamic,2020,79000,1498850,6
peugeot-3008,Peugeot 3008,Peugeot 3008 1.5 BlueHDI Active Life Prime Edition,2020,94000,1679000,6
peugeot-3008,Peugeot 3008,Peugeot 3008 1.2 PureTech GT Line,2020,188000,1550000,6
peugeot-3008,Peugeot 3008,Peugeot 3008 1.5 BlueHDI GT Line,2020,150000,1790000,6
peugeot-3008,Peugeot 3008,Peugeot 3008 1.6 PureTech Allure,2020,74000,1979750,6
peugeot-3008,Peugeot 3008,Peugeot 3008 1.2 PureTech Active Prime Edition,2020,82000,1625000,6
peugeot-3008,Peugeot 3008,Peugeot 3008 1.5 BlueHDI Active Life Sky Pack,2020,156000,1578750,6
peugeot-3008,Peugeot 3008,Peugeot 3008 1.6 PureTech Allure,2020,75000,2050000,6
peugeot-3008,Peugeot 3008,Peugeot 3008 1.5 BlueHDI GT Line,2020,60000,1980000,6
peugeot-3008,Peugeot 3008,Peugeot 3008 1.2 PureTech GT Line,2020,87000,1650000,6
peugeot-3008,Peugeot 3008,Peugeot 3008 1.2 PureTech Active Dynamic,2020,76000,1560000,6
peugeot-3008,Peugeot 3008,Peugeot 3008 1.5 BlueHDI Active Life Sky Pack,2020,84700,1875000,6
peugeot-3008,Peugeot 3008,Peugeot 3008 1.5 BlueHDI Active Life Prime Edition,2020,184000,1520000,6
peugeot-3008,Peugeot 3008,Peugeot 3008 1.5 BlueHDI GT Line,2020,141000,1630000,6
peugeot-3008,Peugeot 3008,Peugeot 3008 1.5 BlueHDI Allure Dynamic,2020,97000,1600000,6
peugeot-3008,Peugeot 3008,Peugeot 3008 1.5 BlueHDI Active Prime,2020,122500,1660000,6
peugeot-3008,Peugeot 3008,Peugeot 3008 1.6 PureTech Allure,2020,68300,1620000,6
peugeot-3008,Peugeot 3008,Peugeot 3008 1.5 BlueHDI Allure Dynamic,2020,170000,1470000,6
peugeot-3008,Peugeot 3008,Peugeot 3008 1.2 PureTech Allure Dynamic,2020,87737,1575000,6
peugeot-3008,Peugeot 3008,Peugeot 3008 1.5 BlueHDI Active Life Sport Pack,2020,104000,1620000,6
peugeot-3008,Peugeot 3008,Peugeot 3008 1.6 PureTech Allure,2020,61450,1875000,6
peugeot-3008,Peugeot 3008,Peugeot 3008 1.6 PureTech Active Prime Edition,2020,110000,1750000,6
peugeot-3008,Peugeot 3008,Peugeot 3008 1.2 PureTech GT Line Dynamic,2020,59000,1695000,6
peugeot-3008,Peugeot 3008,Peugeot 3008 1.5 BlueHDI Active Life Prime Edition,2020,62000,1950000,6
peugeot-3008,Peugeot 3008,Peugeot 3008 1.5 BlueHDI Active SkyPack,2020,42500,1875000,6
peugeot-3008,Peugeot 3008,Peugeot 3008 1.5 BlueHDI Allure Selection,2020,154000,1650000,6
peugeot-3008,Peugeot 3008,Peugeot 3008 1.6 PureTech Allure,2020,106000,1580000,6
peugeot-3008,Peugeot 3008,Peugeot 3008 1.5 BlueHDI GT,2020,65000,2099500,6
peugeot-3008,Peugeot 3008,Peugeot 3008 1.5 BlueHDI Allure,2020,221000,1500000,6
peugeot-3008,Peugeot 3008,Peugeot 3008 1.5 BlueHDI Active Life Prime Edition,2020,42000,1877950,6
peugeot-3008,Peugeot 3008,Peugeot 3008 1.5 BlueHDI Active Life Prime Edition,2020,55750,1810000,6
peugeot-3008,Peugeot 3008,Peugeot 3008 1.5 BlueHDI Active Life Prime Edition,2020,85000,1825000,6
peugeot-3008,Peugeot 3008,Peugeot 3008 1.5 BlueHDI Allure,2020,95000,1700000,6
peugeot-3008,Peugeot 3008,Peugeot 3008 1.5 BlueHDI GT Line,2020,99000,1830000,6
peugeot-3008,Peugeot 3008,Peugeot 3008 1.6 PureTech Active Prime Edition,2020,115000,1780000,6
peugeot-3008,Peugeot 3008,Peugeot 3008 1.5 BlueHDI GT Line,2020,22910,2020000,6
peugeot-3008,Peugeot 3008,Peugeot 3008 1.5 BlueHDI Allure,2020,96000,1750000,6
peugeot-3008,Peugeot 3008,Peugeot 3008 1.5 BlueHDI Allure Selection,2020,70000,1880000,6
peugeot-3008,Peugeot 3008,Peugeot 3008 1.5 BlueHDI Allure,2020,170000,1495000,6
peugeot-3008,Peugeot 3008,Peugeot 3008 1.5 BlueHDI Active Life Prime Edition,2020,165000,1950000,6
peugeot-3008,Peugeot 3008,Peugeot 3008 1.5 BlueHDI Active Life Prime Edition,2020,106500,1690000,6
peugeot-3008,Peugeot 3008,Peugeot 3008 1.5 BlueHDI Active Life Sport Pack,2020,175000,1500000,6
peugeot-3008,Peugeot 3008,Peugeot 3008 1.6 PureTech GT,2020,125000,1650000,6
peugeot-3008,Peugeot 3008,Peugeot 3008 1.5 BlueHDI GT Line,2020,125000,1830000,6
peugeot-3008,Peugeot 3008,Peugeot 3008 1.5 BlueHDI Allure Selection,2020,72000,1815000,6
peugeot-3008,Peugeot 3008,Peugeot 3008 1.5 BlueHDI Allure,2020,19000,2025000,6
peugeot-3008,Peugeot 3008,Peugeot 3008 1.5 BlueHDI Allure,2020,130000,1780000,6
peugeot-3008,Peugeot 3008,Peugeot 3008 1.5 BlueHDI Allure,2020,168000,1670000,6
peugeot-3008,Peugeot 3008,Peugeot 3008 1.5 BlueHDI Active Life Sky Pack,2020,113000,1650000,6
peugeot-3008,Peugeot 3008,Peugeot 3008 1.5 BlueHDI Active Life Prime Edition,2020,42000,1836500,6
peugeot-3008,Peugeot 3008,Peugeot 3008 1.5 BlueHDI Active Life Sky Pack,2020,142000,1530000,6
peugeot-3008,Peugeot 3008,Peugeot 3008 1.5 BlueHDI Active Life Prime Edition,2020,97000,1720000,6
peugeot-3008,Peugeot 3008,Peugeot 3008 1.5 BlueHDI Active Life Sky Pack,2020,186000,1675000,6
peugeot-3008,Peugeot 3008,Peugeot 3008 1.5 BlueHDI GT Line,2020,115000,1725000,6
peugeot-3008,Peugeot 3008,Peugeot 3008 1.2 PureTech Allure Dynamic,2020,86000,1450000,6
peugeot-3008,Peugeot 3008,Peugeot 3008 1.5 BlueHDI GT,2021,42000,2100000,5
peugeot-3008,Peugeot 3008,Peugeot 3008 1.5 BlueHDI Allure,2021,73000,1890000,5
peugeot-3008,Peugeot 3008,Peugeot 3008 1.5 BlueHDI Active Prime,2021,99000,1890000,5
peugeot-3008,Peugeot 3008,Peugeot 3008 1.5 BlueHDI Active Prime,2021,79500,1899900,5
peugeot-3008,Peugeot 3008,Peugeot 3008 1.6 PureTech Allure,2021,59000,1885000,5
peugeot-3008,Peugeot 3008,Peugeot 3008 1.6 PureTech GT,2021,97000,1919000,5
peugeot-3008,Peugeot 3008,Peugeot 3008 1.6 PureTech GT,2021,50750,2135000,5
peugeot-3008,Peugeot 3008,Peugeot 3008 1.5 BlueHDI GT,2021,109000,1975000,5
peugeot-3008,Peugeot 3008,Peugeot 3008 1.5 BlueHDI GT,2021,62000,2179000,5
peugeot-3008,Peugeot 3008,Peugeot 3008 1.5 BlueHDI Active Life Prime Edition,2021,70780,1920000,5
peugeot-3008,Peugeot 3008,Peugeot 3008 1.5 BlueHDI GT,2021,95750,2050000,5
peugeot-3008,Peugeot 3008,Peugeot 3008 1.5 BlueHDI GT,2021,102000,1899500,5
peugeot-3008,Peugeot 3008,Peugeot 3008 1.5 BlueHDI GT,2021,154000,1820000,5
peugeot-3008,Peugeot 3008,Peugeot 3008 1.5 BlueHDI GT,2021,105000,1865000,5
peugeot-3008,Peugeot 3008,Peugeot 3008 1.5 BlueHDI Allure,2021,70000,1999900,5
peugeot-3008,Peugeot 3008,Peugeot 3008 1.6 PureTech Allure,2021,89000,1820000,5
peugeot-3008,Peugeot 3008,Peugeot 3008 1.5 BlueHDI Allure,2021,63000,1975000,5
peugeot-3008,Peugeot 3008,Peugeot 3008 1.6 PureTech Allure,2021,85000,1860000,5
peugeot-3008,Peugeot 3008,Peugeot 3008 1.5 BlueHDI Active Prime,2021,21500,1970000,5
peugeot-3008,Peugeot 3008,Peugeot 3008 1.5 BlueHDI Active Prime Edition,2021,97000,1850000,5
peugeot-3008,Peugeot 3008,Peugeot 3008 1.5 BlueHDI Allure,2021,130000,1785000,5
peugeot-3008,Peugeot 3008,Peugeot 3008 1.5 BlueHDI Allure,2021,83000,1937500,5
peugeot-3008,Peugeot 3008,Peugeot 3008 1.6 PureTech Allure,2021,53000,1950000,5
peugeot-3008,Peugeot 3008,Peugeot 3008 1.6 BlueHDi GT Line,2021,65000,2100000,5
peugeot-3008,Peugeot 3008,Peugeot 3008 1.5 BlueHDI Active Prime,2021,48000,1875000,5
peugeot-3008,Peugeot 3008,Peugeot 3008 1.6 PureTech Allure,2021,91000,1749750,5
peugeot-3008,Peugeot 3008,Peugeot 3008 1.5 BlueHDI Allure,2021,170000,1765000,5
peugeot-3008,Peugeot 3008,Peugeot 3008 1.5 BlueHDI Active Prime,2021,66000,1885000,5
peugeot-3008,Peugeot 3008,Peugeot 3008 1.5 BlueHDI Active Prime,2021,73000,1845000,5
peugeot-3008,Peugeot 3008,Peugeot 3008 1.5 BlueHDI GT,2021,132000,1975000,5
peugeot-3008,Peugeot 3008,Peugeot 3008 1.5 BlueHDI Allure,2021,99700,1895000,5
peugeot-3008,Peugeot 3008,Peugeot 3008 1.5 BlueHDI Allure,2021,103000,1845000,5
peugeot-3008,Peugeot 3008,Peugeot 3008 1.6 PureTech Allure,2021,10787,2050000,5
peugeot-3008,Peugeot 3008,Peugeot 3008 1.6 PureTech GT,2021,118000,1900000,5
peugeot-3008,Peugeot 3008,Peugeot 3008 1.5 BlueHDI GT,2021,100000,2069000,5
peugeot-3008,Peugeot 3008,Peugeot 3008 1.5 BlueHDI Active Life Prime Edition,2021,114000,1770000,5
peugeot-3008,Peugeot 3008,Peugeot 3008 1.6 PureTech Allure,2021,42500,1985000,5
peugeot-3008,Peugeot 3008,Peugeot 3008 1.5 BlueHDI Allure Selection,2021,79000,1925000,5
peugeot-3008,Peugeot 3008,Peugeot 3008 1.5 BlueHDI Allure,2021,132000,1850000,5
peugeot-3008,Peugeot 3008,Peugeot 3008 1.5 BlueHDI Active Prime,2021,129000,1895000,5
peugeot-3008,Peugeot 3008,Peugeot 3008 1.5 BlueHDI Active Prime,2021,102000,1739900,5
peugeot-3008,Peugeot 3008,Peugeot 3008 1.5 BlueHDI GT,2021,95000,2150000,5
peugeot-3008,Peugeot 3008,Peugeot 3008 1.6 PureTech Allure,2021,54000,2155000,5
peugeot-3008,Peugeot 3008,Peugeot 3008 1.5 BlueHDI GT,2021,95000,1925000,5
peugeot-3008,Peugeot 3008,Peugeot 3008 1.5 BlueHDI Allure,2021,102000,1875000,5
peugeot-3008,Peugeot 3008,Peugeot 3008 1.5 BlueHDI Allure,2021,82717,1949000,5
peugeot-3008,Peugeot 3008,Peugeot 3008 1.5 BlueHDI Active Prime,2021,107000,1625000,5
peugeot-3008,Peugeot 3008,Peugeot 3008 1.5 BlueHDI Active Prime,2021,99000,1925000,5
peugeot-3008,Peugeot 3008,Peugeot 3008 1.5 BlueHDI Allure,2021,48000,1995000,5
peugeot-3008,Peugeot 3008,Peugeot 3008 1.5 BlueHDI Allure,2021,87000,1890000,5
peugeot-3008,Peugeot 3008,Peugeot 3008 1.5 BlueHDI Active Prime,2021,95000,1820000,5
peugeot-3008,Peugeot 3008,Peugeot 3008 1.6 PureTech Allure,2021,100000,1729000,5
peugeot-3008,Peugeot 3008,Peugeot 3008 1.5 BlueHDI Allure,2021,39500,2085000,5
peugeot-3008,Peugeot 3008,Peugeot 3008 1.5 BlueHDI Allure,2021,96000,1875000,5
peugeot-3008,Peugeot 3008,Peugeot 3008 1.5 BlueHDI Allure,2021,69000,1940000,5
peugeot-3008,Peugeot 3008,Peugeot 3008 1.5 BlueHDI Active Prime,2021,161000,1855000,5
peugeot-3008,Peugeot 3008,Peugeot 3008 1.5 BlueHDI GT,2021,96000,2115000,5
peugeot-3008,Peugeot 3008,Peugeot 3008 1.5 BlueHDI Allure,2021,48000,1975000,5
peugeot-3008,Peugeot 3008,Peugeot 3008 1.5 BlueHDI GT,2021,80000,2080000,5
peugeot-3008,Peugeot 3008,Peugeot 3008 1.5 BlueHDI Active Prime,2021,196000,1680000,5
peugeot-3008,Peugeot 3008,Peugeot 3008 1.5 BlueHDI Allure,2021,158000,1665000,5
peugeot-3008,Peugeot 3008,Peugeot 3008 1.5 BlueHDI Active Prime,2021,32870,2200000,5
peugeot-3008,Peugeot 3008,Peugeot 3008 1.5 BlueHDI Active Prime,2021,116000,1875000,5
peugeot-3008,Peugeot 3008,Peugeot 3008 1.5 BlueHDI Allure,2021,220000,1599900,5
peugeot-3008,Peugeot 3008,Peugeot 3008 1.5 BlueHDI Active Prime,2021,102000,1625000,5
peugeot-3008,Peugeot 3008,Peugeot 3008 1.5 BlueHDI Active Prime,2021,53200,1960000,5
peugeot-3008,Peugeot 3008,Peugeot 3008 1.5 BlueHDI GT,2021,145000,1850000,5
peugeot-3008,Peugeot 3008,Peugeot 3008 1.5 BlueHDI Allure,2021,159000,1720000,5
peugeot-3008,Peugeot 3008,Peugeot 3008 1.5 BlueHDI Allure,2021,81000,1930000,5
peugeot-3008,Peugeot 3008,Peugeot 3008 1.5 BlueHDI Allure,2021,162000,1725000,5
peugeot-3008,Peugeot 3008,Peugeot 3008 1.5 BlueHDI Active Prime,2021,88500,1615000,5
peugeot-3008,Peugeot 3008,Peugeot 3008 1.5 BlueHDI Allure,2021,149750,1675000,5
peugeot-3008,Peugeot 3008,Peugeot 3008 1.5 BlueHDI Allure,2021,204000,1699990,5
peugeot-3008,Peugeot 3008,Peugeot 3008 1.5 BlueHDI Allure,2021,53000,1970000,5
peugeot-3008,Peugeot 3008,Peugeot 3008 1.5 BlueHDI Allure,2021,39500,1985000,5
peugeot-3008,Peugeot 3008,Peugeot 3008 1.5 BlueHDI Allure,2021,57000,1995000,5
peugeot-3008,Peugeot 3008,Peugeot 3008 1.5 BlueHDI Allure,2021,21426,2015000,5
peugeot-3008,Peugeot 3008,Peugeot 3008 1.5 BlueHDI Allure,2021,16760,2100000,5
peugeot-3008,Peugeot 3008,Peugeot 3008 1.5 BlueHDI Allure,2021,167200,1800000,5
peugeot-3008,Peugeot 3008,Peugeot 3008 1.5 BlueHDI GT,2021,47000,2100000,5
peugeot-3008,Peugeot 3008,Peugeot 3008 1.5 BlueHDI Allure,2021,63500,1655000,5
peugeot-3008,Peugeot 3008,Peugeot 3008 1.5 BlueHDI GT,2021,112000,1860000,5
peugeot-3008,Peugeot 3008,Peugeot 3008 1.5 BlueHDI Allure,2021,128000,1897900,5
peugeot-3008,Peugeot 3008,Peugeot 3008 1.5 BlueHDI Active Prime,2021,161000,1790000,5
peugeot-3008,Peugeot 3008,Peugeot 3008 1.5 BlueHDI GT,2021,75000,2050000,5
peugeot-3008,Peugeot 3008,Peugeot 3008 1.5 BlueHDI Active,2021,25000,2070000,5
peugeot-3008,Peugeot 3008,Peugeot 3008 1.5 BlueHDI Allure,2021,82500,1890000,5
peugeot-3008,Peugeot 3008,Peugeot 3008 1.2 PureTech Active Prime Edition,2021,77000,1710000,5
peugeot-3008,Peugeot 3008,Peugeot 3008 1.5 BlueHDI Active Prime,2021,40415,1920000,5
peugeot-3008,Peugeot 3008,Peugeot 3008 1.6 PureTech Allure,2021,98600,1855000,5
peugeot-3008,Peugeot 3008,Peugeot 3008 1.5 BlueHDI Active Prime,2021,81000,1900000,5
peugeot-3008,Peugeot 3008,Peugeot 3008 1.6 PureTech Allure,2021,111000,1799999,5
peugeot-3008,Peugeot 3008,Peugeot 3008 1.5 BlueHDI Allure,2021,34000,1975000,5
peugeot-3008,Peugeot 3008,Peugeot 3008 1.5 BlueHDI Allure Dynamic,2021,133000,1920000,5
peugeot-3008,Peugeot 3008,Peugeot 3008 1.5 BlueHDI Allure,2021,66000,1900000,5
peugeot-3008,Peugeot 3008,Peugeot 3008 1.5 BlueHDI Allure,2021,105000,1820000,5
peugeot-3008,Peugeot 3008,Peugeot 3008 1.5 BlueHDI Active Prime Edition,2021,50000,2200000,5
peugeot-3008,Peugeot 3008,Peugeot 3008 1.5 BlueHDI Allure,2021,82000,1798000,5
peugeot-3008,Peugeot 3008,Peugeot 3008 1.5 BlueHDI Allure,2022,61000,1995000,4
peugeot-3008,Peugeot 3008,Peugeot 3008 1.5 BlueHDI Allure,2022,79200,1920000,4
peugeot-3008,Peugeot 3008,Peugeot 3008 1.5 BlueHDI Allure,2022,73000,2050000,4
peugeot-3008,Peugeot 3008,Peugeot 3008 1.6 PureTech Allure,2022,61552,1870000,4
peugeot-3008,Peugeot 3008,Peugeot 3008 1.6 PureTech Allure,2022,66000,2199000,4
peugeot-3008,Peugeot 3008,Peugeot 3008 1.5 BlueHDI GT,2022,67000,2180000,4
peugeot-3008,Peugeot 3008,Peugeot 3008 1.6 PureTech Allure,2022,49000,1825000,4
peugeot-3008,Peugeot 3008,Peugeot 3008 1.5 BlueHDI Allure,2022,27500,2115000,4
peugeot-3008,Peugeot 3008,Peugeot 3008 1.5 BlueHDI Active Prime,2022,100000,1790000,4
peugeot-3008,Peugeot 3008,Peugeot 3008 1.5 BlueHDI GT,2022,117000,1949000,4
peugeot-3008,Peugeot 3008,Peugeot 3008 1.5 BlueHDI Active Prime,2022,69000,1865000,4
peugeot-3008,Peugeot 3008,Peugeot 3008 1.5 BlueHDI Active Prime,2022,110000,1835000,4
peugeot-3008,Peugeot 3008,Peugeot 3008 1.5 BlueHDI Active Prime,2022,49000,1990000,4
peugeot-3008,Peugeot 3008,Peugeot 3008 1.5 BlueHDI Allure,2022,55000,1600000,4
peugeot-3008,Peugeot 3008,Peugeot 3008 1.5 BlueHDI Allure,2022,25000,2050000,4
peugeot-3008,Peugeot 3008,Peugeot 3008 1.6 PureTech Allure,2022,60450,1880000,4
peugeot-3008,Peugeot 3008,Peugeot 3008 1.6 PureTech Allure,2022,37500,2150000,4
peugeot-3008,Peugeot 3008,Peugeot 3008 1.5 BlueHDI GT,2022,76500,2075000,4
peugeot-3008,Peugeot 3008,Peugeot 3008 1.5 BlueHDI GT,2022,132500,1895000,4
peugeot-3008,Peugeot 3008,Peugeot 3008 1.5 BlueHDI GT,2022,101502,1895000,4
peugeot-3008,Peugeot 3008,Peugeot 3008 1.5 BlueHDI Active Life Sport Pack,2022,96000,1920000,4
peugeot-3008,Peugeot 3008,Peugeot 3008 1.5 BlueHDI Allure,2022,39000,2150000,4
peugeot-3008,Peugeot 3008,Peugeot 3008 1.5 BlueHDI Allure,2022,40000,2055000,4
peugeot-3008,Peugeot 3008,Peugeot 3008 1.5 BlueHDI Allure,2022,113000,1900000,4
peugeot-3008,Peugeot 3008,Peugeot 3008 1.5 BlueHDI Allure,2022,110000,1815000,4
peugeot-3008,Peugeot 3008,Peugeot 3008 1.5 BlueHDI Allure,2022,108000,1950000,4
peugeot-3008,Peugeot 3008,Peugeot 3008 1.5 BlueHDI GT,2022,60000,2230000,4
peugeot-3008,Peugeot 3008,Peugeot 3008 1.5 BlueHDI Active Prime,2022,168000,1655000,4
peugeot-3008,Peugeot 3008,Peugeot 3008 1.5 BlueHDI GT,2022,58000,2135000,4
peugeot-3008,Peugeot 3008,Peugeot 3008 1.5 BlueHDI Allure,2022,97000,2075000,4
peugeot-3008,Peugeot 3008,Peugeot 3008 1.6 PureTech Allure,2022,55400,1999000,4
peugeot-3008,Peugeot 3008,Peugeot 3008 1.5 BlueHDI Allure,2022,86000,2100000,4
peugeot-3008,Peugeot 3008,Peugeot 3008 1.5 BlueHDI Allure,2022,60000,1925000,4
peugeot-3008,Peugeot 3008,Peugeot 3008 1.5 BlueHDI Allure,2022,59000,1955000,4
peugeot-3008,Peugeot 3008,Peugeot 3008 1.5 BlueHDI Allure,2022,52000,2009900,4
peugeot-3008,Peugeot 3008,Peugeot 3008 1.5 BlueHDI Allure,2022,107000,1590000,4
peugeot-3008,Peugeot 3008,Peugeot 3008 1.5 BlueHDI Active Prime,2022,60613,1926000,4
peugeot-3008,Peugeot 3008,Peugeot 3008 1.5 BlueHDI GT,2022,79000,2150000,4
peugeot-3008,Peugeot 3008,Peugeot 3008 1.5 BlueHDI Allure,2022,70000,2037000,4
peugeot-3008,Peugeot 3008,Peugeot 3008 1.5 BlueHDI Allure,2022,52000,2050000,4
peugeot-3008,Peugeot 3008,Peugeot 3008 1.5 BlueHDI Allure,2022,251000,1695000,4
peugeot-3008,Peugeot 3008,Peugeot 3008 1.5 BlueHDI Active Prime,2022,49900,2063500,4
peugeot-3008,Peugeot 3008,Peugeot 3008 1.5 BlueHDI GT,2022,104000,2059000,4
peugeot-3008,Peugeot 3008,Peugeot 3008 1.6 PureTech Allure,2022,44200,2075000,4
peugeot-3008,Peugeot 3008,Peugeot 3008 1.5 BlueHDI Active Prime,2022,93000,1820000,4
peugeot-3008,Peugeot 3008,Peugeot 3008 1.5 BlueHDI Allure,2022,40000,2065000,4
peugeot-3008,Peugeot 3008,Peugeot 3008 1.5 BlueHDI Allure,2022,94000,1960000,4
peugeot-3008,Peugeot 3008,Peugeot 3008 1.5 BlueHDI Allure,2022,56000,2010000,4
peugeot-3008,Peugeot 3008,Peugeot 3008 1.5 BlueHDI Allure,2022,130000,1820000,4
peugeot-3008,Peugeot 3008,Peugeot 3008 1.5 BlueHDI GT,2022,78000,2148000,4
peugeot-3008,Peugeot 3008,Peugeot 3008 1.5 BlueHDI Active Prime,2022,85000,1929000,4
peugeot-3008,Peugeot 3008,Peugeot 3008 1.5 BlueHDI Active Prime,2022,64043,1865000,4
peugeot-3008,Peugeot 3008,Peugeot 3008 1.5 BlueHDI Active Prime,2022,106500,1829000,4
peugeot-3008,Peugeot 3008,Peugeot 3008 1.5 BlueHDI Active Prime,2022,140000,1785000,4
peugeot-3008,Peugeot 3008,Peugeot 3008 1.5 BlueHDI GT,2022,23218,2225000,4
peugeot-3008,Peugeot 3008,Peugeot 3008 1.5 BlueHDI Allure,2022,55000,2015000,4
peugeot-3008,Peugeot 3008,Peugeot 3008 1.5 BlueHDI GT,2022,49700,2259000,4
peugeot-3008,Peugeot 3008,Peugeot 3008 1.5 BlueHDI Allure,2022,59000,2125000,4
peugeot-3008,Peugeot 3008,Peugeot 3008 1.5 BlueHDI GT,2022,47000,2095000,4
peugeot-3008,Peugeot 3008,Peugeot 3008 1.5 BlueHDI Active Prime,2022,235000,1617750,4
peugeot-3008,Peugeot 3008,Peugeot 3008 1.6 PureTech Allure,2022,81500,1700000,4
peugeot-3008,Peugeot 3008,Peugeot 3008 1.5 BlueHDI Allure,2022,80000,1960000,4
peugeot-3008,Peugeot 3008,Peugeot 3008 1.5 BlueHDI Allure,2022,73000,1715000,4
peugeot-3008,Peugeot 3008,Peugeot 3008 1.5 BlueHDI GT,2022,96000,2099000,4
peugeot-3008,Peugeot 3008,Peugeot 3008 1.6 PureTech Allure,2022,18000,2250000,4
peugeot-3008,Peugeot 3008,Peugeot 3008 1.6 PureTech Allure,2022,86000,1930000,4
peugeot-3008,Peugeot 3008,Peugeot 3008 1.5 BlueHDI GT,2022,84500,2225000,4
peugeot-3008,Peugeot 3008,Peugeot 3008 1.5 BlueHDI Allure,2022,49800,2080000,4
peugeot-3008,Peugeot 3008,Peugeot 3008 1.5 BlueHDI Active Prime,2022,81000,1595000,4
peugeot-3008,Peugeot 3008,Peugeot 3008 1.5 BlueHDI Allure,2022,142000,1795000,4
peugeot-3008,Peugeot 3008,Peugeot 3008 1.5 BlueHDI Allure,2022,99810,1849900,4
peugeot-3008,Peugeot 3008,Peugeot 3008 1.5 BlueHDI Allure,2022,79000,1915000,4
peugeot-3008,Peugeot 3008,Peugeot 3008 1.5 BlueHDI Allure,2022,153500,1795000,4
peugeot-3008,Peugeot 3008,Peugeot 3008 1.5 BlueHDI Allure,2022,163000,1750000,4
peugeot-3008,Peugeot 3008,Peugeot 3008 1.5 BlueHDI Allure,2022,53500,2020000,4
peugeot-3008,Peugeot 3008,Peugeot 3008 1.5 BlueHDI Allure,2022,140000,1875000,4
peugeot-3008,Peugeot 3008,Peugeot 3008 1.6 PureTech Allure,2022,43700,2070000,4
peugeot-3008,Peugeot 3008,Peugeot 3008 1.5 BlueHDI Allure,2022,59000,1985000,4
peugeot-3008,Peugeot 3008,Peugeot 3008 1.5 BlueHDI Allure Selection,2022,47000,1815000,4
peugeot-3008,Peugeot 3008,Peugeot 3008 1.5 BlueHDI Allure,2022,23000,2125000,4
peugeot-3008,Peugeot 3008,Peugeot 3008 1.5 BlueHDI Allure,2022,100000,1865000,4
peugeot-3008,Peugeot 3008,Peugeot 3008 1.5 BlueHDI Allure,2022,65000,2050000,4
peugeot-3008,Peugeot 3008,Peugeot 3008 1.5 BlueHDI Active Prime,2022,53000,1970000,4
peugeot-3008,Peugeot 3008,Peugeot 3008 1.5 BlueHDI Allure,2022,101800,1870000,4
peugeot-3008,Peugeot 3008,Peugeot 3008 1.5 BlueHDI Allure,2022,67000,1923000,4
peugeot-3008,Peugeot 3008,Peugeot 3008 1.5 BlueHDI Allure,2022,51000,1975000,4
peugeot-3008,Peugeot 3008,Peugeot 3008 1.5 BlueHDI Active Prime Edition,2022,67500,1950000,4
peugeot-3008,Peugeot 3008,Peugeot 3008 1.5 BlueHDI Allure,2022,72000,1930000,4
peugeot-3008,Peugeot 3008,Peugeot 3008 1.5 BlueHDI Allure,2022,58000,2020000,4
peugeot-3008,Peugeot 3008,Peugeot 3008 1.6 PureTech Allure,2022,85000,1875000,4
peugeot-3008,Peugeot 3008,Peugeot 3008 1.5 BlueHDI Allure,2022,99000,1900000,4
peugeot-3008,Peugeot 3008,Peugeot 3008 1.5 BlueHDI Allure,2022,50000,2035000,4
peugeot-3008,Peugeot 3008,Peugeot 3008 1.5 BlueHDI Allure,2022,77500,1922900,4
peugeot-3008,Peugeot 3008,Peugeot 3008 1.5 BlueHDI Allure,2022,150000,1899999,4
peugeot-3008,Peugeot 3008,Peugeot 3008 1.5 BlueHDI Allure,2022,52000,2145000,4
peugeot-3008,Peugeot 3008,Peugeot 3008 1.5 BlueHDI Allure,2022,101925,1860000,4
peugeot-3008,Peugeot 3008,Peugeot 3008 1.5 BlueHDI Allure,2022,95000,1935000,4
peugeot-3008,Peugeot 3008,Peugeot 3008 1.5 BlueHDI Allure,2022,70000,2045000,4
peugeot-3008,Peugeot 3008,Peugeot 3008 1.5 BlueHDI Allure,2022,47000,2020000,4
peugeot-3008,Peugeot 3008,Peugeot 3008 1.5 BlueHDI Allure,2022,70000,2075000,4
peugeot-3008,Peugeot 3008,Peugeot 3008 1.6 PureTech Allure,2022,40000,1700000,4
peugeot-3008,Peugeot 3008,Peugeot 3008 1.5 BlueHDI Allure,2022,108000,1729000,4
peugeot-3008,Peugeot 3008,Peugeot 3008 1.5 BlueHDI Allure,2022,61500,2070000,4
peugeot-3008,Peugeot 3008,Peugeot 3008 1.5 BlueHDI Allure,2022,19800,2250000,4
peugeot-3008,Peugeot 3008,Peugeot 3008 1.5 BlueHDI GT,2022,108000,2150000,4
peugeot-3008,Peugeot 3008,Peugeot 3008 1.5 BlueHDI Allure,2022,119000,1795000,4
peugeot-3008,Peugeot 3008,Peugeot 3008 1.6 PureTech Allure,2022,90500,1950000,4
peugeot-3008,Peugeot 3008,Peugeot 3008 1.5 BlueHDI Allure,2022,76000,2100000,4
peugeot-3008,Peugeot 3008,Peugeot 3008 1.5 BlueHDI Allure,2022,27000,2165000,4
peugeot-3008,Peugeot 3008,Peugeot 3008 1.5 BlueHDI Allure,2022,52000,2085000,4
peugeot-3008,Peugeot 3008,Peugeot 3008 1.5 BlueHDI Allure,2022,97000,1889500,4
peugeot-3008,Peugeot 3008,Peugeot 3008 1.6 PureTech Allure,2022,50950,1962000,4
peugeot-3008,Peugeot 3008,Peugeot 3008 1.5 BlueHDI Allure Dynamic,2022,40800,2000050,4
peugeot-3008,Peugeot 3008,Peugeot 3008 1.5 BlueHDI GT,2022,123000,1900000,4
peugeot-3008,Peugeot 3008,Peugeot 3008 1.5 BlueHDI Allure,2022,87000,1890000,4
peugeot-3008,Peugeot 3008,Peugeot 3008 1.6 PureTech Allure,2022,105250,1915000,4
peugeot-3008,Peugeot 3008,Peugeot 3008 1.5 BlueHDI Allure,2022,51500,2200000,4
peugeot-3008,Peugeot 3008,Peugeot 3008 1.5 BlueHDI Allure,2022,94500,1955000,4
peugeot-3008,Peugeot 3008,Peugeot 3008 1.5 BlueHDI Allure,2022,124000,1950000,4
peugeot-3008,Peugeot 3008,Peugeot 3008 1.6 THP GT Line,2022,59430,2150000,4
peugeot-3008,Peugeot 3008,Peugeot 3008 1.6 PureTech Allure,2022,112000,1815000,4
peugeot-3008,Peugeot 3008,Peugeot 3008 1.5 BlueHDI Allure,2022,91000,2060000,4
peugeot-3008,Peugeot 3008,Peugeot 3008 1.5 BlueHDI Allure,2022,19463,2250000,4
peugeot-3008,Peugeot 3008,Peugeot 3008 1.5 BlueHDI GT,2022,39000,2300000,4
peugeot-3008,Peugeot 3008,Peugeot 3008 1.5 BlueHDI Allure,2022,60000,2070000,4
peugeot-3008,Peugeot 3008,Peugeot 3008 1.5 BlueHDI Allure,2022,64000,1865000,4
peugeot-3008,Peugeot 3008,Peugeot 3008 1.5 BlueHDI Allure,2022,52500,2070000,4
peugeot-3008,Peugeot 3008,Peugeot 3008 1.5 BlueHDI Allure,2023,100800,1979000,3
peugeot-3008,Peugeot 3008,Peugeot 3008 1.2 PureTech Active Prime Edition,2023,31000,1839850,3
peugeot-3008,Peugeot 3008,Peugeot 3008 1.5 BlueHDI Allure,2023,32000,2250000,3
peugeot-3008,Peugeot 3008,Peugeot 3008 1.5 BlueHDI GT,2023,42000,2275000,3
peugeot-3008,Peugeot 3008,Peugeot 3008 1.5 BlueHDI Allure,2023,159000,1895000,3
peugeot-3008,Peugeot 3008,Peugeot 3008 1.5 BlueHDI Active Prime,2023,82604,1830000,3
peugeot-3008,Peugeot 3008,Peugeot 3008 1.5 BlueHDI Active Prime,2023,55000,2050000,3
peugeot-3008,Peugeot 3008,Peugeot 3008 1.5 BlueHDI GT,2023,17000,2480000,3
peugeot-3008,Peugeot 3008,Peugeot 3008 1.5 BlueHDI Allure,2023,35000,2180000,3
peugeot-3008,Peugeot 3008,Peugeot 3008 1.5 BlueHDI GT,2023,49900,2290000,3
peugeot-3008,Peugeot 3008,Peugeot 3008 1.5 BlueHDI Allure,2023,70000,2010000,3
peugeot-3008,Peugeot 3008,Peugeot 3008 1.5 BlueHDI Active Prime,2023,123500,1850000,3
peugeot-3008,Peugeot 3008,Peugeot 3008 1.5 BlueHDI Active Prime,2023,96000,1889000,3
peugeot-3008,Peugeot 3008,Peugeot 3008 1.5 BlueHDI Active Prime,2023,13000,2068000,3
peugeot-3008,Peugeot 3008,Peugeot 3008 1.5 BlueHDI Active Prime,2023,38000,2099500,3
peugeot-3008,Peugeot 3008,Peugeot 3008 1.5 BlueHDI Active Prime,2023,47000,1789900,3
peugeot-3008,Peugeot 3008,Peugeot 3008 1.5 BlueHDI Active Prime,2023,56500,2175000,3
peugeot-3008,Peugeot 3008,Peugeot 3008 1.5 BlueHDI Allure,2023,57000,2230000,3
peugeot-3008,Peugeot 3008,Peugeot 3008 1.2 PureTech Active Prime Edition,2023,84000,1700000,3
peugeot-3008,Peugeot 3008,Peugeot 3008 1.5 BlueHDI GT,2023,16777,2525000,3
peugeot-3008,Peugeot 3008,Peugeot 3008 1.5 BlueHDI Allure,2023,50000,2175000,3
peugeot-3008,Peugeot 3008,Peugeot 3008 1.5 BlueHDI Active Prime,2023,96000,1885000,3
peugeot-3008,Peugeot 3008,Peugeot 3008 1.2 PureTech Active Prime Edition,2023,43000,1925000,3
peugeot-3008,Peugeot 3008,Peugeot 3008 1.5 BlueHDI Active Prime,2023,35000,2059900,3
peugeot-3008,Peugeot 3008,Peugeot 3008 1.5 BlueHDI Active Prime,2023,79999,2025000,3
peugeot-3008,Peugeot 3008,Peugeot 3008 1.5 BlueHDI GT,2023,91000,2079000,3
peugeot-3008,Peugeot 3008,Peugeot 3008 1.5 BlueHDI GT,2023,83000,2119000,3
peugeot-3008,Peugeot 3008,Peugeot 3008 1.5 BlueHDI GT,2023,94000,1800000,3
peugeot-3008,Peugeot 3008,Peugeot 3008 1.5 BlueHDI Allure,2023,40000,2095000,3
peugeot-3008,Peugeot 3008,Peugeot 3008 1.5 BlueHDI Allure,2023,72000,1975000,3
peugeot-3008,Peugeot 3008,Peugeot 3008 1.5 BlueHDI Allure,2023,63000,2090000,3
peugeot-3008,Peugeot 3008,Peugeot 3008 1.5 BlueHDI Allure,2023,30000,2159750,3
peugeot-3008,Peugeot 3008,Peugeot 3008 1.5 BlueHDI Allure,2023,71426,1959900,3
peugeot-3008,Peugeot 3008,Peugeot 3008 1.5 BlueHDI GT,2023,98900,2124000,3
peugeot-3008,Peugeot 3008,Peugeot 3008 1.5 BlueHDI Allure,2023,95000,1950000,3
peugeot-3008,Peugeot 3008,Peugeot 3008 1.2 PureTech Active Prime Edition,2023,49000,1815000,3
peugeot-3008,Peugeot 3008,Peugeot 3008 1.5 BlueHDI GT,2023,95000,2350000,3
peugeot-3008,Peugeot 3008,Peugeot 3008 1.2 PureTech Active Prime Edition,2023,27000,1950000,3
peugeot-3008,Peugeot 3008,Peugeot 3008 1.2 PureTech GT,2023,33186,2120000,3
peugeot-3008,Peugeot 3008,Peugeot 3008 1.2 PureTech Active Prime Edition,2023,42000,1875000,3
peugeot-3008,Peugeot 3008,Peugeot 3008 1.5 BlueHDI Active Prime,2023,58000,1985000,3
peugeot-3008,Peugeot 3008,Peugeot 3008 1.5 BlueHDI GT,2023,41000,2450000,3
peugeot-3008,Peugeot 3008,Peugeot 3008 1.5 BlueHDI Active Prime,2023,72000,1914950,3
peugeot-3008,Peugeot 3008,Peugeot 3008 1.5 BlueHDI GT,2023,42500,2250000,3
peugeot-3008,Peugeot 3008,Peugeot 3008 1.5 BlueHDI Allure,2023,91000,2050000,3
peugeot-3008,Peugeot 3008,Peugeot 3008 1.5 BlueHDI Allure,2023,21500,2150000,3
peugeot-3008,Peugeot 3008,Peugeot 3008 1.5 BlueHDI Allure,2023,40000,2075000,3
peugeot-3008,Peugeot 3008,Peugeot 3008 1.5 BlueHDI Allure,2023,127000,1887780,3
peugeot-3008,Peugeot 3008,Peugeot 3008 1.5 BlueHDI Allure,2023,86500,2129000,3
peugeot-3008,Peugeot 3008,Peugeot 3008 1.5 BlueHDI Allure,2023,20000,2139000,3
peugeot-3008,Peugeot 3008,Peugeot 3008 1.5 BlueHDI Allure,2023,99000,1879000,3
peugeot-3008,Peugeot 3008,Peugeot 3008 1.5 BlueHDI Allure,2023,37000,2090000,3
peugeot-3008,Peugeot 3008,Peugeot 3008 1.5 BlueHDI Active Prime,2023,49000,1860000,3
peugeot-3008,Peugeot 3008,Peugeot 3008 1.2 PureTech Active Prime Edition,2023,46000,1840000,3
peugeot-3008,Peugeot 3008,Peugeot 3008 1.5 BlueHDI Active Prime,2023,56000,1944950,3
peugeot-3008,Peugeot 3008,Peugeot 3008 1.5 BlueHDI Allure,2023,59000,2049950,3
peugeot-3008,Peugeot 3008,Peugeot 3008 1.2 PureTech Active Prime Edition,2023,71000,1745000,3
peugeot-3008,Peugeot 3008,Peugeot 3008 1.5 BlueHDI Active Prime,2023,67700,1940000,3
peugeot-3008,Peugeot 3008,Peugeot 3008 1.5 BlueHDI Allure,2023,44000,2150000,3
peugeot-3008,Peugeot 3008,Peugeot 3008 1.5 BlueHDI Allure,2023,71000,2069750,3
peugeot-3008,Peugeot 3008,Peugeot 3008 1.5 BlueHDI Active Prime,2023,102000,1869000,3
peugeot-3008,Peugeot 3008,Peugeot 3008 1.5 BlueHDI GT,2023,40000,2294950,3
peugeot-3008,Peugeot 3008,Peugeot 3008 1.5 BlueHDI GT,2023,59500,2315500,3
peugeot-3008,Peugeot 3008,Peugeot 3008 1.2 PureTech Active Prime Edition,2023,23000,1825000,3
peugeot-3008,Peugeot 3008,Peugeot 3008 1.5 BlueHDI Active Prime,2023,76000,1925000,3
peugeot-3008,Peugeot 3008,Peugeot 3008 1.2 PureTech Active Prime Edition,2023,38000,1835000,3
peugeot-3008,Peugeot 3008,Peugeot 3008 1.2 PureTech Active Prime Edition,2023,98158,1669000,3
peugeot-3008,Peugeot 3008,Peugeot 3008 1.2 PureTech Active Prime Edition,2023,35000,1830000,3
peugeot-3008,Peugeot 3008,Peugeot 3008 1.5 BlueHDI Active Prime,2023,82000,1949000,3
peugeot-3008,Peugeot 3008,Peugeot 3008 1.5 BlueHDI Active Prime,2023,33000,2085000,3
peugeot-3008,Peugeot 3008,Peugeot 3008 1.5 BlueHDI GT,2023,71500,2200000,3
peugeot-3008,Peugeot 3008,Peugeot 3008 1.2 PureTech GT,2023,64215,2250000,3
peugeot-3008,Peugeot 3008,Peugeot 3008 1.2 PureTech GT,2023,43554,2149950,3
peugeot-3008,Peugeot 3008,Peugeot 3008 1.2 PureTech GT,2023,57000,2150000,3
peugeot-3008,Peugeot 3008,Peugeot 3008 1.2 PureTech GT,2023,65000,2035000,3
peugeot-3008,Peugeot 3008,Peugeot 3008 1.5 BlueHDI Allure,2023,73500,2030000,3
peugeot-3008,Peugeot 3008,Peugeot 3008 1.5 BlueHDI Allure,2023,79000,1775000,3
peugeot-3008,Peugeot 3008,Peugeot 3008 1.5 BlueHDI Allure,2023,46000,2074950,3
peugeot-3008,Peugeot 3008,Peugeot 3008 1.5 BlueHDI Active Prime,2023,68200,1959000,3
peugeot-3008,Peugeot 3008,Peugeot 3008 1.5 BlueHDI GT,2023,23000,2500000,3
peugeot-3008,Peugeot 3008,Peugeot 3008 1.5 BlueHDI Allure,2023,18000,2175000,3
peugeot-3008,Peugeot 3008,Peugeot 3008 1.5 BlueHDI Allure,2023,80000,2095000,3
peugeot-3008,Peugeot 3008,Peugeot 3008 1.5 BlueHDI Active Prime,2023,19000,2050000,3
peugeot-3008,Peugeot 3008,Peugeot 3008 1.5 BlueHDI Active Prime,2023,19000,2019000,3
peugeot-3008,Peugeot 3008,Peugeot 3008 1.5 BlueHDI Active Prime,2023,18000,2050000,3
peugeot-3008,Peugeot 3008,Peugeot 3008 1.5 BlueHDI GT,2023,49500,2365000,3
peugeot-3008,Peugeot 3008,Peugeot 3008 1.5 BlueHDI Active Prime,2023,71000,1867400,3
peugeot-3008,Peugeot 3008,Peugeot 3008 1.2 PureTech Active Prime Edition,2023,31600,1860000,3
peugeot-3008,Peugeot 3008,Peugeot 3008 1.5 BlueHDI Active Prime,2023,21000,1889500,3
peugeot-3008,Peugeot 3008,Peugeot 3008 1.5 BlueHDI GT,2023,30000,2530000,3
peugeot-3008,Peugeot 3008,Peugeot 3008 1.5 BlueHDI GT,2023,45000,2465000,3
peugeot-3008,Peugeot 3008,Peugeot 3008 1.2 PureTech Active Prime Edition,2023,28700,1637000,3
peugeot-3008,Peugeot 3008,Peugeot 3008 1.5 BlueHDI GT,2023,58000,2289900,3
peugeot-3008,Peugeot 3008,Peugeot 3008 1.5 BlueHDI Active Prime,2023,115000,1835000,3
peugeot-3008,Peugeot 3008,Peugeot 3008 1.5 BlueHDI Active Prime,2023,95000,1865000,3
peugeot-3008,Peugeot 3008,Peugeot 3008 1.5 BlueHDI Allure,2023,66013,2049000,3
peugeot-3008,Peugeot 3008,Peugeot 3008 1.5 BlueHDI Allure,2023,32000,2450000,3
peugeot-3008,Peugeot 3008,Peugeot 3008 1.5 BlueHDI Allure,2023,66000,1679000,3
peugeot-3008,Peugeot 3008,Peugeot 3008 1.2 PureTech GT,2023,33186,2120000,3
peugeot-3008,Peugeot 3008,Peugeot 3008 1.5 BlueHDI Active Prime Edition,2023,124000,1850000,3
peugeot-3008,Peugeot 3008,Peugeot 3008 1.5 BlueHDI Active Prime,2023,84000,1900000,3
peugeot-3008,Peugeot 3008,Peugeot 3008 1.2 PureTech Active Prime Edition,2023,41666,1759000,3
peugeot-3008,Peugeot 3008,Peugeot 3008 1.5 BlueHDI Allure,2023,55000,1575000,3
peugeot-3008,Peugeot 3008,Peugeot 3008 1.5 BlueHDI Allure,2023,102000,1965000,3
peugeot-3008,Peugeot 3008,Peugeot 3008 1.5 BlueHDI GT,2023,48200,2325000,3
peugeot-3008,Peugeot 3008,Peugeot 3008 1.5 BlueHDI GT,2023,72000,2350000,3
peugeot-3008,Peugeot 3008,Peugeot 3008 1.5 BlueHDI GT,2023,24000,2368000,3
peugeot-3008,Peugeot 3008,Peugeot 3008 1.2 PureTech Active Prime Edition,2023,39000,1890000,3
peugeot-3008,Peugeot 3008,Peugeot 3008 1.5 BlueHDI Allure,2023,21500,2155000,3
peugeot-3008,Peugeot 3008,Peugeot 3008 1.5 BlueHDI Allure,2023,31500,2049000,3
peugeot-3008,Peugeot 3008,Peugeot 3008 1.5 BlueHDI Active Prime,2023,91750,1875000,3
peugeot-3008,Peugeot 3008,Peugeot 3008 1.5 BlueHDI Active Prime,2023,103000,2500000,3
peugeot-3008,Peugeot 3008,Peugeot 3008 1.5 BlueHDI Active Prime,2023,78000,1899000,3
peugeot-3008,Peugeot 3008,Peugeot 3008 1.2 PureTech Active Prime Edition,2023,73250,1675000,3
peugeot-3008,Peugeot 3008,Peugeot 3008 1.5 BlueHDI Allure,2023,40000,2175000,3
peugeot-3008,Peugeot 3008,Peugeot 3008 1.5 BlueHDI Allure,2023,16000,2380000,3
peugeot-3008,Peugeot 3008,Peugeot 3008 1.5 BlueHDI Allure,2023,53000,2085000,3
peugeot-3008,Peugeot 3008,Peugeot 3008 1.5 BlueHDI Allure,2023,32000,2175000,3
peugeot-3008,Peugeot 3008,Peugeot 3008 1.5 BlueHDI Allure,2023,50000,2099000,3
peugeot-3008,Peugeot 3008,Peugeot 3008 1.5 BlueHDI Allure,2023,37000,1925900,3
peugeot-3008,Peugeot 3008,Peugeot 3008 1.5 BlueHDI Allure,2023,125000,1950000,3
peugeot-3008,Peugeot 3008,Peugeot 3008 1.5 BlueHDI Allure,2023,93000,1775000,3
peugeot-3008,Peugeot 3008,Peugeot 3008 1.5 BlueHDI Allure,2023,30000,2150000,3
peugeot-3008,Peugeot 3008,Peugeot 3008 1.5 BlueHDI Allure,2023,53000,2130000,3
peugeot-3008,Peugeot 3008,Peugeot 3008 1.5 BlueHDI Allure,2023,65000,1997000,3
peugeot-3008,Peugeot 3008,Peugeot 3008 1.5 BlueHDI GT,2023,58000,2275000,3
peugeot-3008,Peugeot 3008,Peugeot 3008 1.5 BlueHDI Allure,2023,65000,2070000,3
peugeot-3008,Peugeot 3008,Peugeot 3008 1.5 BlueHDI GT,2023,69000,2325000,3
peugeot-3008,Peugeot 3008,Peugeot 3008 1.5 BlueHDI Allure,2023,63000,1949999,3
peugeot-3008,Peugeot 3008,Peugeot 3008 1.5 BlueHDI Allure,2023,146000,1885000,3
peugeot-3008,Peugeot 3008,Peugeot 3008 1.5 BlueHDI Allure,2023,44000,2500000,3
peugeot-3008,Peugeot 3008,Peugeot 3008 1.5 BlueHDI Allure,2023,90000,2000000,3
peugeot-3008,Peugeot 3008,Peugeot 3008 1.5 BlueHDI Allure,2023,47000,2150000,3
peugeot-3008,Peugeot 3008,Peugeot 3008 1.5 BlueHDI Allure,2023,98000,1945000,3
peugeot-3008,Peugeot 3008,Peugeot 3008 1.5 BlueHDI Allure,2023,37500,2185000,3
peugeot-3008,Peugeot 3008,Peugeot 3008 1.5 BlueHDI Allure,2023,83000,2098000,3
peugeot-3008,Peugeot 3008,Peugeot 3008 1.5 BlueHDI Allure,2023,85000,2049000,3
peugeot-3008,Peugeot 3008,Peugeot 3008 1.2 PureTech Active Prime Edition,2023,33000,1900000,3
peugeot-3008,Peugeot 3008,Peugeot 3008 1.5 BlueHDI GT,2023,37000,2365000,3
peugeot-3008,Peugeot 3008,Peugeot 3008 1.5 BlueHDI Allure,2023,53000,2159990,3
peugeot-3008,Peugeot 3008,Peugeot 3008 1.5 BlueHDI Allure,2023,90000,2050000,3
peugeot-3008,Peugeot 3008,Peugeot 3008 1.2 PureTech Active Prime Edition,2023,60000,1785000,3
peugeot-3008,Peugeot 3008,Peugeot 3008 1.5 BlueHDI Active Prime,2023,7250,2225000,3
peugeot-3008,Peugeot 3008,Peugeot 3008 1.5 BlueHDI Allure,2023,97000,1970000,3
peugeot-3008,Peugeot 3008,Peugeot 3008 1.5 BlueHDI Allure,2023,60000,2080000,3
peugeot-3008,Peugeot 3008,Peugeot 3008 1.5 BlueHDI Allure,2024,50245,2340000,2
peugeot-3008,Peugeot 3008,Peugeot 3008 1.2 Hybrid Allure,2024,17900,2135000,2
peugeot-3008,Peugeot 3008,Peugeot 3008 1.2 Hybrid Allure,2024,28000,2120000,2
peugeot-3008,Peugeot 3008,Peugeot 3008 1.5 BlueHDI Allure,2024,21000,2145000,2
peugeot-3008,Peugeot 3008,Peugeot 3008 1.2 Hybrid Allure,2024,45000,2190000,2
peugeot-3008,Peugeot 3008,Peugeot 3008 1.5 BlueHDI Allure,2024,17000,2275000,2
peugeot-3008,Peugeot 3008,Peugeot 3008 1.2 Hybrid Allure,2024,39600,2150000,2
peugeot-3008,Peugeot 3008,Peugeot 3008 1.2 Hybrid Allure,2024,17070,2210000,2
peugeot-3008,Peugeot 3008,Peugeot 3008 1.5 BlueHDI Allure,2024,41803,2139000,2
peugeot-3008,Peugeot 3008,Peugeot 3008 1.5 BlueHDI Allure,2024,91919,1999000,2
peugeot-3008,Peugeot 3008,Peugeot 3008 1.5 BlueHDI Allure,2024,60000,2130000,2
peugeot-3008,Peugeot 3008,Peugeot 3008 1.5 BlueHDI Allure,2024,40540,2195000,2
peugeot-3008,Peugeot 3008,Peugeot 3008 1.5 BlueHDI Allure,2024,72000,2029000,2
peugeot-3008,Peugeot 3008,Peugeot 3008 1.5 BlueHDI Allure,2024,18000,2229000,2
peugeot-3008,Peugeot 3008,Peugeot 3008 1.5 BlueHDI Allure,2024,24000,2350000,2
peugeot-3008,Peugeot 3008,Peugeot 3008 1.5 BlueHDI Active Prime,2024,55000,2185000,2
peugeot-3008,Peugeot 3008,Peugeot 3008 1.5 BlueHDI Allure,2024,40000,2305000,2
peugeot-3008,Peugeot 3008,Peugeot 3008 1.5 BlueHDI Allure,2024,15000,2398000,2
peugeot-3008,Peugeot 3008,Peugeot 3008 1.5 BlueHDI Allure,2024,15500,2385000,2
peugeot-3008,Peugeot 3008,Peugeot 3008 1.2 Hybrid Allure,2024,15000,2200000,2
peugeot-3008,Peugeot 3008,Peugeot 3008 1.5 BlueHDI Allure,2024,89000,2079000,2
peugeot-3008,Peugeot 3008,Peugeot 3008 1.5 BlueHDI Allure,2024,58000,2170000,2
peugeot-3008,Peugeot 3008,Peugeot 3008 1.5 BlueHDI Allure,2024,16000,2400000,2
peugeot-3008,Peugeot 3008,Peugeot 3008 1.5 BlueHDI Allure,2024,55000,2050000,2
peugeot-3008,Peugeot 3008,Peugeot 3008 1.2 Hybrid Allure,2024,27000,2110000,2
peugeot-3008,Peugeot 3008,Peugeot 3008 1.5 BlueHDI Allure,2024,37900,2150000,2
peugeot-3008,Peugeot 3008,Peugeot 3008 1.2 PureTech GT,2024,10446,2519000,2
peugeot-3008,Peugeot 3008,Peugeot 3008 1.2 PureTech GT,2024,20000,2360000,2
peugeot-3008,Peugeot 3008,Peugeot 3008 1.2 Hybrid Allure,2024,7000,2189000,2
peugeot-3008,Peugeot 3008,Peugeot 3008 1.2 Hybrid Allure,2024,48895,2197000,2
peugeot-3008,Peugeot 3008,Peugeot 3008 1.2 PureTech GT,2024,98000,2175000,2
peugeot-3008,Peugeot 3008,Peugeot 3008 1.2 Hybrid Allure,2024,55000,2180000,2
peugeot-3008,Peugeot 3008,Peugeot 3008 1.2 PureTech GT,2024,29000,2175000,2
peugeot-3008,Peugeot 3008,Peugeot 3008 1.2 Hybrid Allure,2024,18000,2130000,2
peugeot-3008,Peugeot 3008,Peugeot 3008 1.2 Hybrid Allure,2024,39000,2099000,2
peugeot-3008,Peugeot 3008,Peugeot 3008 1.2 PureTech GT,2024,24973,2119900,2
peugeot-3008,Peugeot 3008,Peugeot 3008 1.2 Hybrid Allure,2024,25000,2095000,2
peugeot-3008,Peugeot 3008,Peugeot 3008 1.2 Hybrid Allure,2024,29900,2070000,2
peugeot-3008,Peugeot 3008,Peugeot 3008 1.2 Hybrid Allure,2024,30000,2100000,2
peugeot-3008,Peugeot 3008,Peugeot 3008 1.2 Hybrid Allure,2024,53500,2095000,2
peugeot-3008,Peugeot 3008,Peugeot 3008 1.2 Hybrid Allure,2024,30000,2075000,2
peugeot-3008,Peugeot 3008,Peugeot 3008 1.2 Hybrid Allure,2024,70000,2075000,2
peugeot-3008,Peugeot 3008,Peugeot 3008 1.2 PureTech GT,2024,30000,2065000,2
peugeot-3008,Peugeot 3008,Peugeot 3008 1.2 Hybrid Allure,2024,21550,2070000,2
peugeot-3008,Peugeot 3008,Peugeot 3008 1.2 Hybrid Allure,2024,28600,2065000,2
peugeot-3008,Peugeot 3008,Peugeot 3008 1.2 PureTech GT,2024,49000,2055000,2
peugeot-3008,Peugeot 3008,Peugeot 3008 1.2 Hybrid Allure,2024,42000,2068000,2
peugeot-3008,Peugeot 3008,Peugeot 3008 1.2 Hybrid Allure,2024,52000,2025000,2
peugeot-3008,Peugeot 3008,Peugeot 3008 1.5 BlueHDI Allure,2024,60000,2199000,2
peugeot-3008,Peugeot 3008,Peugeot 3008 1.2 Hybrid Allure,2024,25000,2222000,2
peugeot-3008,Peugeot 3008,Peugeot 3008 1.5 BlueHDI Allure,2024,68000,2175000,2
peugeot-3008,Peugeot 3008,Peugeot 3008 1.5 BlueHDI Allure,2024,74000,2165000,2
peugeot-3008,Peugeot 3008,Peugeot 3008 1.2 Hybrid GT,2024,29000,2130000,2
peugeot-3008,Peugeot 3008,Peugeot 3008 1.2 Hybrid Allure,2024,24850,2185000,2
peugeot-3008,Peugeot 3008,Peugeot 3008 1.5 BlueHDI Allure,2024,43000,2120000,2
peugeot-3008,Peugeot 3008,Peugeot 3008 1.5 BlueHDI Allure,2024,52000,2489000,2
peugeot-3008,Peugeot 3008,Peugeot 3008 1.2 Hybrid Allure,2024,41000,2105000,2
peugeot-3008,Peugeot 3008,Peugeot 3008 1.2 Hybrid Allure,2024,49500,2115000,2
peugeot-3008,Peugeot 3008,Peugeot 3008 1.5 BlueHDI Allure,2024,36000,2400000,2
peugeot-3008,Peugeot 3008,Peugeot 3008 1.5 BlueHDI Allure,2024,84000,1899000,2
peugeot-3008,Peugeot 3008,Peugeot 3008 1.5 BlueHDI Allure,2024,56500,2115000,2
peugeot-3008,Peugeot 3008,Peugeot 3008 1.2 Hybrid Allure,2024,17070,2210000,2
peugeot-3008,Peugeot 3008,Peugeot 3008 1.2 PureTech GT,2024,22000,2175000,2
peugeot-3008,Peugeot 3008,Peugeot 3008 1.2 Hybrid Allure,2024,40000,2300000,2
peugeot-3008,Peugeot 3008,Peugeot 3008 1.5 BlueHDI Allure,2024,39500,2275000,2
peugeot-3008,Peugeot 3008,Peugeot 3008 1.2 Hybrid Allure,2024,21000,2125000,2
peugeot-3008,Peugeot 3008,Peugeot 3008 1.5 BlueHDI Allure,2024,67446,2069000,2
peugeot-3008,Peugeot 3008,Peugeot 3008 1.5 BlueHDI Allure,2024,61000,1995000,2
peugeot-3008,Peugeot 3008,Peugeot 3008 1.5 BlueHDI Allure,2024,11000,2349000,2
peugeot-3008,Peugeot 3008,Peugeot 3008 1.2 Hybrid Allure,2024,34500,2074000,2
peugeot-3008,Peugeot 3008,Peugeot 3008 1.5 BlueHDI Allure,2024,26000,2099000,2
peugeot-3008,Peugeot 3008,Peugeot 3008 1.2 Hybrid Allure,2024,23746,2290000,2
peugeot-3008,Peugeot 3008,Peugeot 3008 1.2 Hybrid Allure,2024,18500,2200000,2
peugeot-3008,Peugeot 3008,Peugeot 3008 1.2 Hybrid GT,2024,8400,2249000,2
peugeot-3008,Peugeot 3008,Peugeot 3008 1.2 Hybrid Allure,2024,28000,2050000,2
peugeot-3008,Peugeot 3008,Peugeot 3008 1.5 BlueHDI Allure,2024,61000,2200000,2
peugeot-3008,Peugeot 3008,Peugeot 3008 1.5 BlueHDI Allure,2024,73000,2119900,2
peugeot-3008,Peugeot 3008,Peugeot 3008 1.5 BlueHDI Allure,2024,33000,2125000,2
peugeot-3008,Peugeot 3008,Peugeot 3008 1.5 BlueHDI Allure,2024,20000,2410000,2
peugeot-3008,Peugeot 3008,Peugeot 3008 1.5 BlueHDI Allure,2024,34500,2275000,2
peugeot-3008,Peugeot 3008,Peugeot 3008 1.2 Hybrid Allure,2024,10900,2090000,2
peugeot-3008,Peugeot 3008,Peugeot 3008 1.2 Hybrid Allure,2024,24750,2275000,2
peugeot-3008,Peugeot 3008,Peugeot 3008 1.2 Hybrid GT,2024,41000,2200000,2
peugeot-3008,Peugeot 3008,Peugeot 3008 1.2 Hybrid GT,2024,90000,1985000,2
peugeot-3008,Peugeot 3008,Peugeot 3008 1.2 Hybrid Allure,2024,26000,2150000,2
peugeot-3008,Peugeot 3008,Peugeot 3008 1.2 Hybrid Allure,2024,31000,2039000,2
peugeot-3008,Peugeot 3008,Peugeot 3008 1.5 BlueHDI Allure,2024,55000,2280000,2
peugeot-3008,Peugeot 3008,Peugeot 3008 1.5 BlueHDI Allure,2024,58000,2260000,2
peugeot-3008,Peugeot 3008,Peugeot 3008 1.2 Hybrid Allure,2024,32000,2390000,2
peugeot-3008,Peugeot 3008,Peugeot 3008 1.5 BlueHDI Active Prime,2024,22000,2270000,2
peugeot-3008,Peugeot 3008,Peugeot 3008 1.5 BlueHDI Allure,2024,45000,2390000,2
peugeot-3008,Peugeot 3008,Peugeot 3008 1.5 BlueHDI Allure,2024,11700,2400000,2
peugeot-3008,Peugeot 3008,Peugeot 3008 1.2 Hybrid Allure,2024,82000,2075000,2
peugeot-3008,Peugeot 3008,Peugeot 3008 1.5 BlueHDI Allure,2024,33000,2320000,2
peugeot-3008,Peugeot 3008,Peugeot 3008 1.2 Hybrid GT,2024,49000,2395000,2
peugeot-3008,Peugeot 3008,Peugeot 3008 1.5 BlueHDI Allure,2024,35000,2150000,2
peugeot-3008,Peugeot 3008,Peugeot 3008 1.2 Hybrid GT,2024,24000,2220000,2
peugeot-3008,Peugeot 3008,Peugeot 3008 1.5 BlueHDI Allure,2024,38500,2220000,2
peugeot-3008,Peugeot 3008,Peugeot 3008 1.5 BlueHDI Allure,2024,58000,2225000,2
peugeot-3008,Peugeot 3008,Peugeot 3008 1.2 Hybrid Allure,2024,46000,2095000,2
peugeot-3008,Peugeot 3008,Peugeot 3008 1.2 Hybrid Allure,2024,56000,1999000,2
peugeot-3008,Peugeot 3008,Peugeot 3008 1.5 BlueHDI Allure,2024,64000,2155750,2
peugeot-3008,Peugeot 3008,Peugeot 3008 1.5 BlueHDI Allure,2024,47500,2225000,2
peugeot-3008,Peugeot 3008,Peugeot 3008 1.5 BlueHDI Allure,2024,49000,2249000,2
peugeot-3008,Peugeot 3008,Peugeot 3008 1.5 BlueHDI Allure,2024,32000,2135000,2
peugeot-3008,Peugeot 3008,Peugeot 3008 1.5 BlueHDI Allure,2024,22800,2300000,2
peugeot-3008,Peugeot 3008,Peugeot 3008 1.2 Hybrid Allure,2024,13000,2350000,2
peugeot-3008,Peugeot 3008,Peugeot 3008 1.2 Hybrid GT,2024,56000,2150000,2
peugeot-3008,Peugeot 3008,Peugeot 3008 1.5 BlueHDI Allure,2024,18000,2380000,2
peugeot-3008,Peugeot 3008,Peugeot 3008 1.2 Hybrid Allure,2024,22000,2169000,2
peugeot-3008,Peugeot 3008,Peugeot 3008 1.5 BlueHDI Allure,2024,49000,2159000,2
peugeot-3008,Peugeot 3008,Peugeot 3008 1.2 Hybrid GT,2024,37000,2200000,2
peugeot-3008,Peugeot 3008,Peugeot 3008 1.5 BlueHDI Allure,2024,35500,2350000,2
peugeot-3008,Peugeot 3008,Peugeot 3008 1.5 BlueHDI Allure,2024,23000,2300000,2
peugeot-3008,Peugeot 3008,Peugeot 3008 1.2 Hybrid Allure,2024,15000,2175000,2
peugeot-3008,Peugeot 3008,Peugeot 3008 1.2 Hybrid Allure,2024,21000,2150000,2
peugeot-3008,Peugeot 3008,Peugeot 3008 1.5 BlueHDI Allure,2024,65000,2158000,2
peugeot-3008,Peugeot 3008,Peugeot 3008 1.5 BlueHDI Allure,2024,45000,2220000,2
peugeot-3008,Peugeot 3008,Peugeot 3008 1.5 BlueHDI Allure,2024,44000,2200000,2
peugeot-3008,Peugeot 3008,Peugeot 3008 1.5 BlueHDI Allure,2024,26000,2299999,2
peugeot-3008,Peugeot 3008,Peugeot 3008 1.2 PureTech Active Prime Edition,2024,28000,1949000,2
peugeot-3008,Peugeot 3008,Peugeot 3008 1.5 BlueHDI Allure,2024,19000,2205000,2
peugeot-3008,Peugeot 3008,Peugeot 3008 1.5 BlueHDI Allure,2024,63000,2142000,2
peugeot-3008,Peugeot 3008,Peugeot 3008 1.5 BlueHDI Allure,2024,23000,2405000,2
peugeot-3008,Peugeot 3008,Peugeot 3008 1.5 BlueHDI Allure,2024,53000,2200000,2
peugeot-3008,Peugeot 3008,Peugeot 3008 1.5 BlueHDI Allure,2024,30000,2365000,2
peugeot-3008,Peugeot 3008,Peugeot 3008 1.2 Hybrid GT,2024,28500,2200000,2
peugeot-3008,Peugeot 3008,Peugeot 3008 1.2 Hybrid GT,2024,40000,2150000,2
peugeot-3008,Peugeot 3008,Peugeot 3008 1.2 Hybrid Allure,2024,8000,2100000,2
peugeot-3008,Peugeot 3008,Peugeot 3008 1.2 Hybrid Allure,2024,11000,2250000,2
peugeot-3008,Peugeot 3008,Peugeot 3008 1.2 Hybrid Allure,2025,16000,2200000,1
peugeot-3008,Peugeot 3008,Peugeot 3008 1.2 Hybrid Allure,2025,15800,2213000,1
peugeot-3008,Peugeot 3008,Peugeot 3008 1.2 Hybrid Allure,2025,16000,2250000,1
peugeot-3008,Peugeot 3008,Peugeot 3008 1.2 Hybrid GT,2025,15000,2800000,1
peugeot-3008,Peugeot 3008,Peugeot 3008 1.2 Hybrid GT,2025,6700,2765000,1
peugeot-3008,Peugeot 3008,Peugeot 3008 1.6 Hybrid Allure,2025,6001,2820000,1
peugeot-3008,Peugeot 3008,Peugeot 3008 1.2 Hybrid Allure,2025,6400,2445000,1
peugeot-3008,Peugeot 3008,Peugeot 3008 1.2 PureTech GT,2025,6001,2629900,1
peugeot-3008,Peugeot 3008,Peugeot 3008 1.2 Hybrid Allure,2025,15000,2250000,1
peugeot-3008,Peugeot 3008,Peugeot 3008 1.2 Hybrid Allure,2025,10200,2290000,1
peugeot-3008,Peugeot 3008,Peugeot 3008 1.2 Hybrid Allure,2025,22000,2159000,1
peugeot-3008,Peugeot 3008,Peugeot 3008 1.2 Hybrid Allure,2025,9000,2315000,1
peugeot-3008,Peugeot 3008,Peugeot 3008 1.6 Hybrid Allure,2025,12000,2475000,1
peugeot-3008,Peugeot 3008,Peugeot 3008 1.2 PureTech GT,2025,11000,2650000,1
peugeot-3008,Peugeot 3008,Peugeot 3008 1.2 Hybrid Allure,2025,8800,2350000,1
peugeot-3008,Peugeot 3008,Peugeot 3008 1.2 PureTech GT,2025,26659,2595000,1
peugeot-3008,Peugeot 3008,Peugeot 3008 1.2 Hybrid Allure,2025,19500,2230000,1
peugeot-3008,Peugeot 3008,Peugeot 3008 1.6 Hybrid Allure,2025,6001,2365000,1
peugeot-3008,Peugeot 3008,Peugeot 3008 1.6 Hybrid Allure,2025,14992,2380000,1
peugeot-3008,Peugeot 3008,Peugeot 3008 1.6 Hybrid Allure,2025,60001,2500000,1
peugeot-3008,Peugeot 3008,Peugeot 3008 1.2 PureTech GT,2025,20000,2479000,1
peugeot-3008,Peugeot 3008,Peugeot 3008 1.2 PureTech GT,2025,15000,2515000,1
peugeot-3008,Peugeot 3008,Peugeot 3008 1.2 Hybrid Allure,2025,34000,2287000,1
peugeot-3008,Peugeot 3008,Peugeot 3008 1.2 Hybrid Allure,2025,6100,2320000,1
peugeot-3008,Peugeot 3008,Peugeot 3008 1.2 PureTech GT,2025,11901,2650000,1
peugeot-3008,Peugeot 3008,Peugeot 3008 1.2 Hybrid GT,2025,20000,2705000,1
peugeot-3008,Peugeot 3008,Peugeot 3008 1.2 Hybrid Allure,2025,16336,2250000,1
peugeot-3008,Peugeot 3008,Peugeot 3008 1.2 PureTech GT,2025,6001,2610000,1
peugeot-3008,Peugeot 3008,Peugeot 3008 1.2 Hybrid Allure,2025,20000,2450000,1
peugeot-3008,Peugeot 3008,Peugeot 3008 1.2 Hybrid Allure,2025,26500,2189000,1
peugeot-3008,Peugeot 3008,Peugeot 3008 1.2 PureTech GT,2025,8000,2529900,1
peugeot-3008,Peugeot 3008,Peugeot 3008 1.2 Hybrid Allure,2025,18000,2190000,1
peugeot-3008,Peugeot 3008,Peugeot 3008 1.6 PureTech Allure,2025,16500,2250000,1
peugeot-3008,Peugeot 3008,Peugeot 3008 1.6 Hybrid Allure,2025,21000,2290000,1
peugeot-3008,Peugeot 3008,Peugeot 3008 1.2 Hybrid Allure,2025,6001,2375000,1
peugeot-3008,Peugeot 3008,Peugeot 3008 1.2 Hybrid Allure,2025,12000,2450000,1
peugeot-3008,Peugeot 3008,Peugeot 3008 1.2 Hybrid Allure,2025,11000,2440000,1
peugeot-3008,Peugeot 3008,Peugeot 3008 1.2 Hybrid GT,2025,14000,2650000,1
peugeot-3008,Peugeot 3008,Peugeot 3008 1.2 Hybrid Allure,2025,10000,2450000,1
peugeot-3008,Peugeot 3008,Peugeot 3008 1.2 Hybrid Allure,2025,9800,2575000,1
peugeot-3008,Peugeot 3008,Peugeot 3008 1.2 Hybrid Allure,2025,15000,2158900,1
peugeot-3008,Peugeot 3008,Peugeot 3008 1.2 Hybrid GT,2025,20000,2479000,1
peugeot-3008,Peugeot 3008,Peugeot 3008 1.2 PureTech GT,2025,29500,2409900,1
peugeot-3008,Peugeot 3008,Peugeot 3008 1.2 Hybrid Allure,2025,6001,2545000,1
peugeot-3008,Peugeot 3008,Peugeot 3008 1.2 PureTech GT,2025,41208,2465000,1
peugeot-3008,Peugeot 3008,Peugeot 3008 1.2 Hybrid Allure,2025,6001,2495000,1
peugeot-3008,Peugeot 3008,Peugeot 3008 1.2 PureTech GT,2025,9000,2695000,1
peugeot-3008,Peugeot 3008,Peugeot 3008 1.2 Hybrid Allure,2025,39000,2325000,1
peugeot-3008,Peugeot 3008,Peugeot 3008 1.2 Hybrid Allure,2025,9300,2250000,1
peugeot-3008,Peugeot 3008,Peugeot 3008 1.2 Hybrid Allure,2025,19940,2269000,1
peugeot-3008,Peugeot 3008,Peugeot 3008 1.2 Hybrid Allure,2025,16000,2200000,1
peugeot-3008,Peugeot 3008,Peugeot 3008 1.2 Hybrid Allure,2025,7000,2258000,1
peugeot-3008,Peugeot 3008,Peugeot 3008 1.2 Hybrid Allure,2025,16000,2249000,1
peugeot-3008,Peugeot 3008,Peugeot 3008 1.2 Hybrid Allure,2025,17000,2230000,1
peugeot-3008,Peugeot 3008,Peugeot 3008 1.2 Hybrid Allure,2025,13000,2240000,1
peugeot-3008,Peugeot 3008,Peugeot 3008 1.2 Hybrid Allure,2025,15000,2195000,1
peugeot-3008,Peugeot 3008,Peugeot 3008 1.2 Hybrid Allure,2025,26000,2200000,1
peugeot-3008,Peugeot 3008,Peugeot 3008 1.2 Hybrid Allure,2025,28000,2219000,1
peugeot-3008,Peugeot 3008,Peugeot 3008 1.2 Hybrid Allure,2025,56212,2169000,1
peugeot-3008,Peugeot 3008,Peugeot 3008 1.2 Hybrid Allure,2025,16000,2199000,1
peugeot-3008,Peugeot 3008,Peugeot 3008 1.2 Hybrid Allure,2025,23491,2199000,1
peugeot-3008,Peugeot 3008,Peugeot 3008 1.2 Hybrid Allure,2025,20000,2179000,1
peugeot-3008,Peugeot 3008,Peugeot 3008 1.2 Hybrid Allure,2025,13000,2175000,1
peugeot-3008,Peugeot 3008,Peugeot 3008 1.2 Hybrid Allure,2025,37172,2179000,1
peugeot-3008,Peugeot 3008,Peugeot 3008 1.2 Hybrid Allure,2025,15000,2188000,1
peugeot-3008,Peugeot 3008,Peugeot 3008 1.2 PureTech GT,2025,17300,2720000,1
peugeot-3008,Peugeot 3008,Peugeot 3008 1.2 Hybrid Allure,2025,32100,2175000,1
peugeot-3008,Peugeot 3008,Peugeot 3008 1.2 Hybrid Allure,2025,13000,2159750,1
peugeot-3008,Peugeot 3008,Peugeot 3008 1.2 Hybrid Allure,2025,22500,2160000,1
peugeot-3008,Peugeot 3008,Peugeot 3008 1.2 Hybrid Allure,2025,41964,2125000,1
peugeot-3008,Peugeot 3008,Peugeot 3008 1.2 Hybrid Allure,2025,23000,2145000,1
peugeot-3008,Peugeot 3008,Peugeot 3008 1.2 Hybrid Allure,2025,56200,2145000,1
peugeot-3008,Peugeot 3008,Peugeot 3008 1.2 Hybrid Allure,2025,28604,2135000,1
peugeot-3008,Peugeot 3008,Peugeot 3008 1.2 Hybrid Allure,2025,37850,2099000,1
peugeot-3008,Peugeot 3008,Peugeot 3008 1.2 Hybrid Allure,2025,47000,2099000,1
peugeot-3008,Peugeot 3008,Peugeot 3008 1.2 Hybrid Allure,2025,30000,2000000,1
peugeot-3008,Peugeot 3008,Peugeot 3008 1.6 Hybrid Allure,2025,6200,2475000,1
peugeot-3008,Peugeot 3008,Peugeot 3008 1.2 PureTech GT,2025,20000,2377900,1
peugeot-3008,Peugeot 3008,Peugeot 3008 1.6 Hybrid Allure,2025,8000,2650000,1
peugeot-3008,Peugeot 3008,Peugeot 3008 1.6 Hybrid Allure,2025,6385,2470000,1
peugeot-3008,Peugeot 3008,Peugeot 3008 1.2 Hybrid Allure,2025,6001,2290000,1
peugeot-3008,Peugeot 3008,Peugeot 3008 1.2 Hybrid Allure,2025,24000,2260000,1
peugeot-3008,Peugeot 3008,Peugeot 3008 1.2 Hybrid Allure,2025,37500,2125000,1
peugeot-3008,Peugeot 3008,Peugeot 3008 1.2 Hybrid Allure,2025,6100,2290000,1
peugeot-3008,Peugeot 3008,Peugeot 3008 1.2 Hybrid GT,2025,20500,2750000,1
peugeot-3008,Peugeot 3008,Peugeot 3008 1.2 Hybrid Allure,2025,10100,2450000,1
peugeot-3008,Peugeot 3008,Peugeot 3008 1.2 Hybrid Allure,2025,9000,2190000,1
peugeot-3008,Peugeot 3008,Peugeot 3008 1.2 Hybrid Allure,2025,16000,2260000,1
peugeot-3008,Peugeot 3008,Peugeot 3008 1.2 PureTech GT,2025,6100,2749000,1
peugeot-3008,Peugeot 3008,Peugeot 3008 1.2 Hybrid Allure,2025,13071,2490000,1
peugeot-3008,Peugeot 3008,Peugeot 3008 1.2 Hybrid Allure,2025,15219,2495000,1
peugeot-3008,Peugeot 3008,Peugeot 3008 1.2 PureTech GT,2025,13000,2609900,1
peugeot-3008,Peugeot 3008,Peugeot 3008 1.6 Hybrid Allure,2025,8000,2699000,1
peugeot-3008,Peugeot 3008,Peugeot 3008 1.2 Hybrid Allure,2025,34000,2240000,1
peugeot-3008,Peugeot 3008,Peugeot 3008 1.2 Hybrid Allure,2025,14000,2230000,1
peugeot-3008,Peugeot 3008,Peugeot 3008 1.6 Hybrid Allure,2025,11000,2549000,1
peugeot-3008,Peugeot 3008,Peugeot 3008 1.2 Hybrid Allure,2025,6001,2349000,1
peugeot-3008,Peugeot 3008,Peugeot 3008 1.2 PureTech GT,2025,11500,2500000,1
peugeot-3008,Peugeot 3008,Peugeot 3008 1.2 Hybrid Allure,2025,29000,2299900,1
peugeot-3008,Peugeot 3008,Peugeot 3008 1.2 Hybrid Allure,2025,6100,2499750,1
peugeot-3008,Peugeot 3008,Peugeot 3008 1.2 Hybrid Allure,2025,25000,2195000,1
peugeot-3008,Peugeot 3008,Peugeot 3008 1.2 Hybrid Allure,2025,10900,2275000,1
peugeot-3008,Peugeot 3008,Peugeot 3008 1.2 Hybrid GT,2025,6005,2750000,1
peugeot-3008,Peugeot 3008,Peugeot 3008 1.2 PureTech GT,2025,15000,2559000,1
peugeot-3008,Peugeot 3008,Peugeot 3008 1.2 Hybrid Allure,2025,11821,2285000,1
peugeot-3008,Peugeot 3008,Peugeot 3008 1.2 PureTech GT,2025,26000,2750000,1
peugeot-3008,Peugeot 3008,Peugeot 3008 1.6 Hybrid Allure,2025,6001,2800000,1
peugeot-3008,Peugeot 3008,Peugeot 3008 1.2 Hybrid Allure,2025,40000,2099750,1
peugeot-3008,Peugeot 3008,Peugeot 3008 1.2 Hybrid GT,2025,9000,2681000,1
peugeot-3008,Peugeot 3008,Peugeot 3008 1.2 Hybrid GT,2025,20000,2620000,1
peugeot-3008,Peugeot 3008,Peugeot 3008 1.2 Hybrid Allure,2025,12800,2200000,1
peugeot-3008,Peugeot 3008,Peugeot 3008 1.2 Hybrid Allure,2025,43000,2099900,1
peugeot-3008,Peugeot 3008,Peugeot 3008 1.2 Hybrid Allure,2025,11000,2270000,1
peugeot-3008,Peugeot 3008,Peugeot 3008 1.2 Hybrid Allure,2025,30000,2195000,1
peugeot-3008,Peugeot 3008,Peugeot 3008 1.2 Hybrid GT,2025,23000,2575000,1
peugeot-3008,Peugeot 3008,Peugeot 3008 1.2 Hybrid Allure,2025,17000,2210000,1
peugeot-3008,Peugeot 3008,Peugeot 3008 1.2 Hybrid GT,2025,6001,2740000,1
peugeot-3008,Peugeot 3008,Peugeot 3008 1.6 Hybrid Allure,2025,8200,2855000,1
peugeot-3008,Peugeot 3008,Peugeot 3008 1.6 Hybrid Allure,2025,6001,2390000,1
peugeot-3008,Peugeot 3008,Peugeot 3008 1.2 Hybrid Allure,2025,11000,2300000,1
peugeot-3008,Peugeot 3008,Peugeot 3008 1.6 Hybrid Allure,2025,21000,2275000,1
peugeot-3008,Peugeot 3008,Peugeot 3008 1.2 Hybrid Allure,2025,11400,2300000,1
peugeot-3008,Peugeot 3008,Peugeot 3008 1.2 Hybrid Allure,2025,13000,2350000,1
peugeot-3008,Peugeot 3008,Peugeot 3008 1.2 Hybrid GT,2025,7100,2765000,1
peugeot-3008,Peugeot 3008,Peugeot 3008 1.2 Hybrid GT,2025,21500,2630000,1
peugeot-3008,Peugeot 3008,Peugeot 3008 1.2 Hybrid Allure,2025,10000,2350000,1
peugeot-3008,Peugeot 3008,Peugeot 3008 1.2 Hybrid Allure,2025,12500,2250000,1
peugeot-3008,Peugeot 3008,Peugeot 3008 1.2 Hybrid Allure,2025,15000,2225000,1
peugeot-3008,Peugeot 3008,Peugeot 3008 1.2 Hybrid Allure,2025,21000,2180000,1
peugeot-3008,Peugeot 3008,Peugeot 3008 1.2 Hybrid Allure,2025,8700,2450000,1
peugeot-3008,Peugeot 3008,Peugeot 3008 1.2 Hybrid Allure,2025,11800,2465000,1
peugeot-3008,Peugeot 3008,Peugeot 3008 1.6 Hybrid Allure,2025,15000,2500000,1
peugeot-3008,Peugeot 3008,Peugeot 3008 1.2 PureTech Active Prime Edition,2025,19750,2277000,1
peugeot-3008,Peugeot 3008,Peugeot 3008 1.6 PureTech GT,2025,6001,2685000,1
peugeot-3008,Peugeot 3008,Peugeot 3008 1.2 Hybrid GT,2025,9350,2785000,1
peugeot-3008,Peugeot 3008,Peugeot 3008 1.6 Hybrid Allure,2025,6001,2499000,1
peugeot-3008,Peugeot 3008,Peugeot 3008 1.2 Hybrid Allure,2025,6001,2350000,1
peugeot-3008,Peugeot 3008,Peugeot 3008 1.2 Hybrid Allure,2025,20000,2380000,1
peugeot-3008,Peugeot 3008,Peugeot 3008 1.2 PureTech Active Prime Edition,2025,16000,2250000,1
peugeot-3008,Peugeot 3008,Peugeot 3008 1.6 PureTech Allure,2025,6001,2485000,1
peugeot-3008,Peugeot 3008,Peugeot 3008 1.2 Hybrid Allure,2025,6001,2400000,1
peugeot-3008,Peugeot 3008,Peugeot 3008 1.2 Hybrid Allure,2025,18600,2250000,1
peugeot-3008,Peugeot 3008,Peugeot 3008 1.2 Hybrid Allure,2025,25500,2100000,1
peugeot-3008,Peugeot 3008,Peugeot 3008 1.2 Hybrid Allure,2025,13000,2250000,1
peugeot-3008,Peugeot 3008,Peugeot 3008 1.2 PureTech GT,2026,14308,2775000,0
peugeot-3008,Peugeot 3008,Peugeot 3008 1.2 Hybrid Allure,2026,6001,2465000,0
peugeot-3008,Peugeot 3008,Peugeot 3008 1.2 Hybrid Allure,2026,13000,2430000,0
peugeot-3008,Peugeot 3008,Peugeot 3008 1.2 Hybrid Allure,2026,6001,2615000,0
peugeot-3008,Peugeot 3008,Peugeot 3008 1.2 Hybrid Allure,2026,6001,2430000,0
peugeot-3008,Peugeot 3008,Peugeot 3008 1.2 Hybrid Allure,2026,6001,2560000,0
peugeot-3008,Peugeot 3008,Peugeot 3008 1.2 Hybrid Allure,2026,8150,2510000,0
peugeot-3008,Peugeot 3008,Peugeot 3008 1.2 Hybrid GT,2026,6001,2825000,0
peugeot-3008,Peugeot 3008,Peugeot 3008 1.2 Hybrid Allure,2026,6001,2420000,0
peugeot-3008,Peugeot 3008,Peugeot 3008 1.2 Hybrid Allure,2026,6001,2640000,0
peugeot-3008,Peugeot 3008,Peugeot 3008 1.2 Hybrid Allure,2026,6001,2515000,0
renault-austral,Renault Austral,Renault Austral 1.3 Hybrid Techno Esprit Alpine,2023,54837,2050000,3
renault-austral,Renault Austral,Renault Austral 1.3 Hybrid Techno Esprit Alpine,2023,31000,2295000,3
renault-austral,Renault Austral,Renault Austral 1.3 Hybrid Techno Esprit Alpine,2023,20000,2250000,3
renault-austral,Renault Austral,Renault Austral 1.2 E-tech Techno Esprit Alpine,2023,29000,2425000,3
renault-austral,Renault Austral,Renault Austral 1.3 Hybrid Techno Esprit Alpine,2023,53648,2150000,3
renault-austral,Renault Austral,Renault Austral 1.3 Hybrid Techno Esprit Alpine,2023,53648,2150000,3
renault-austral,Renault Austral,Renault Austral 1.3 Hybrid Techno Esprit Alpine,2023,31316,2179000,3
renault-austral,Renault Austral,Renault Austral 1.3 Hybrid Techno Esprit Alpine,2023,78000,1985000,3
renault-austral,Renault Austral,Renault Austral 1.3 Hybrid Techno Esprit Alpine,2023,69704,2020000,3
renault-austral,Renault Austral,Renault Austral 1.3 Hybrid Techno Esprit Alpine,2023,56000,2145000,3
renault-austral,Renault Austral,Renault Austral 1.3 Hybrid Techno Esprit Alpine,2023,55000,2065000,3
renault-austral,Renault Austral,Renault Austral 1.3 Hybrid Techno Esprit Alpine,2023,30000,2085000,3
renault-austral,Renault Austral,Renault Austral 1.3 Hybrid Techno Esprit Alpine,2023,22000,1850000,3
renault-austral,Renault Austral,Renault Austral 1.3 Hybrid Techno Esprit Alpine,2023,107000,1925000,3
renault-austral,Renault Austral,Renault Austral 1.3 Hybrid Techno Esprit Alpine,2023,44000,2075000,3
renault-austral,Renault Austral,Renault Austral 1.3 Hybrid Techno Esprit Alpine,2023,37400,2095000,3
renault-austral,Renault Austral,Renault Austral 1.3 Hybrid Techno Esprit Alpine,2023,79000,1975000,3
renault-austral,Renault Austral,Renault Austral 1.2 E-tech Techno Esprit Alpine,2023,36000,2450000,3
renault-austral,Renault Austral,Renault Austral 1.3 Hybrid Techno,2023,99460,1800000,3
renault-austral,Renault Austral,Renault Austral 1.3 Hybrid Techno Esprit Alpine,2023,65000,2150000,3
renault-austral,Renault Austral,Renault Austral 1.3 Hybrid Techno Esprit Alpine,2023,43512,2110000,3
renault-austral,Renault Austral,Renault Austral 1.3 Hybrid Techno,2023,42650,1920000,3
renault-austral,Renault Austral,Renault Austral 1.3 Hybrid Techno Esprit Alpine,2023,55000,2180000,3
renault-austral,Renault Austral,Renault Austral 1.2 E-tech Techno Esprit Alpine,2023,26147,2269900,3
renault-austral,Renault Austral,Renault Austral 1.3 Hybrid Techno Esprit Alpine,2023,58500,2150000,3
renault-austral,Renault Austral,Renault Austral 1.3 Hybrid Techno Esprit Alpine,2023,55000,2125000,3
renault-austral,Renault Austral,Renault Austral 1.3 Hybrid Techno Esprit Alpine,2023,50115,2275000,3
renault-austral,Renault Austral,Renault Austral 1.3 Hybrid Techno Esprit Alpine,2023,65000,2119000,3
renault-austral,Renault Austral,Renault Austral 1.2 E-tech Techno Esprit Alpine,2023,57000,2290000,3
renault-austral,Renault Austral,Renault Austral 1.3 Hybrid Techno Esprit Alpine,2023,33890,2145000,3
renault-austral,Renault Austral,Renault Austral 1.3 Hybrid Techno Esprit Alpine,2023,81000,1985000,3
renault-austral,Renault Austral,Renault Austral 1.3 Hybrid Techno Esprit Alpine,2023,29000,2089900,3
renault-austral,Renault Austral,Renault Austral 1.3 Hybrid Techno Esprit Alpine,2023,51503,2150000,3
renault-austral,Renault Austral,Renault Austral 1.3 Hybrid Techno Esprit Alpine,2023,48000,2090000,3
renault-austral,Renault Austral,Renault Austral 1.3 Hybrid Techno Esprit Alpine,2023,43000,2115000,3
renault-austral,Renault Austral,Renault Austral 1.3 Hybrid Techno Esprit Alpine,2023,9840,2220000,3
renault-austral,Renault Austral,Renault Austral 1.3 Hybrid Techno Esprit Alpine,2023,28000,2145000,3
renault-austral,Renault Austral,Renault Austral 1.3 Hybrid Techno Esprit Alpine,2023,83500,1925000,3
renault-austral,Renault Austral,Renault Austral 1.3 Hybrid Techno Esprit Alpine,2023,43000,2040000,3
renault-austral,Renault Austral,Renault Austral 1.3 Hybrid Techno Esprit Alpine,2023,33000,2060000,3
renault-austral,Renault Austral,Renault Austral 1.2 E-tech Techno Esprit Alpine,2023,72000,2200000,3
renault-austral,Renault Austral,Renault Austral 1.3 Hybrid Techno Esprit Alpine,2023,65000,1939058,3
renault-austral,Renault Austral,Renault Austral 1.3 Hybrid Techno Esprit Alpine,2023,41000,2075000,3
renault-austral,Renault Austral,Renault Austral 1.3 Hybrid Techno Esprit Alpine,2023,29500,2170000,3
renault-austral,Renault Austral,Renault Austral 1.3 Hybrid Techno,2023,85000,1825000,3
renault-austral,Renault Austral,Renault Austral 1.3 Hybrid Techno Esprit Alpine,2023,94000,2125000,3
renault-austral,Renault Austral,Renault Austral 1.3 Hybrid Techno Esprit Alpine,2023,42000,2300000,3
renault-austral,Renault Austral,Renault Austral 1.3 Hybrid Techno Esprit Alpine,2023,47887,2120000,3
renault-austral,Renault Austral,Renault Austral 1.3 Hybrid Techno Esprit Alpine,2023,48000,2165000,3
renault-austral,Renault Austral,Renault Austral 1.3 Hybrid Techno Esprit Alpine,2023,47049,1895000,3
renault-austral,Renault Austral,Renault Austral 1.3 Hybrid Techno Esprit Alpine,2023,100232,1890000,3
renault-austral,Renault Austral,Renault Austral 1.3 Hybrid Techno Esprit Alpine,2023,62000,2140000,3
renault-austral,Renault Austral,Renault Austral 1.3 Hybrid Techno Esprit Alpine,2023,43000,2320000,3
renault-austral,Renault Austral,Renault Austral 1.3 Hybrid Techno Esprit Alpine,2023,33000,2225000,3
renault-austral,Renault Austral,Renault Austral 1.3 Hybrid Techno Esprit Alpine,2023,40900,2050000,3
renault-austral,Renault Austral,Renault Austral 1.3 Hybrid Techno Esprit Alpine,2023,25500,2230000,3
renault-austral,Renault Austral,Renault Austral 1.3 Hybrid Techno Esprit Alpine,2023,55000,2290000,3
renault-austral,Renault Austral,Renault Austral 1.3 Hybrid Techno Esprit Alpine,2023,25000,2305000,3
renault-austral,Renault Austral,Renault Austral 1.3 Hybrid Techno Esprit Alpine,2023,27000,2200000,3
renault-austral,Renault Austral,Renault Austral 1.3 Hybrid Techno Esprit Alpine,2023,12000,2100000,3
renault-austral,Renault Austral,Renault Austral 1.3 Hybrid Techno Esprit Alpine,2023,50000,2000000,3
renault-austral,Renault Austral,Renault Austral 1.3 Hybrid Techno Esprit Alpine,2023,25000,2250000,3
renault-austral,Renault Austral,Renault Austral 1.3 Hybrid Techno Esprit Alpine,2023,34000,2130000,3
renault-austral,Renault Austral,Renault Austral 1.3 Hybrid Techno Esprit Alpine,2023,36200,2080000,3
renault-austral,Renault Austral,Renault Austral 1.3 Hybrid Techno Esprit Alpine,2023,100800,1975000,3
renault-austral,Renault Austral,Renault Austral 1.2 E-tech Techno Esprit Alpine,2023,65000,2400000,3
renault-austral,Renault Austral,Renault Austral 1.3 Hybrid Techno Esprit Alpine,2023,50000,2120000,3
renault-austral,Renault Austral,Renault Austral 1.3 Hybrid Techno Esprit Alpine,2023,52000,2145000,3
renault-austral,Renault Austral,Renault Austral 1.3 Hybrid Techno Esprit Alpine,2023,40000,2300000,3
renault-austral,Renault Austral,Renault Austral 1.3 Hybrid Techno Esprit Alpine,2023,40000,2150000,3
renault-austral,Renault Austral,Renault Austral 1.3 Hybrid Techno Esprit Alpine,2023,73000,2300000,3
renault-austral,Renault Austral,Renault Austral 1.3 Hybrid Techno Esprit Alpine,2023,43000,2130000,3
renault-austral,Renault Austral,Renault Austral 1.3 Hybrid Techno Esprit Alpine,2023,62000,2039000,3
renault-austral,Renault Austral,Renault Austral 1.3 Hybrid Techno Esprit Alpine,2023,34850,2125000,3
renault-austral,Renault Austral,Renault Austral 1.3 Hybrid Techno,2024,29500,2050000,2
renault-austral,Renault Austral,Renault Austral 1.3 Hybrid Techno Esprit Alpine,2024,33000,2305000,2
renault-austral,Renault Austral,Renault Austral 1.2 E-tech Techno Esprit Alpine,2024,19250,2575000,2
renault-austral,Renault Austral,Renault Austral 1.3 Hybrid Evolution,2024,17000,2150000,2
renault-austral,Renault Austral,Renault Austral 1.3 Hybrid Techno Esprit Alpine,2024,32000,2295000,2
renault-austral,Renault Austral,Renault Austral 1.3 Hybrid Techno Esprit Alpine,2024,23371,2219000,2
renault-austral,Renault Austral,Renault Austral 1.3 Hybrid Techno Esprit Alpine,2024,23000,2378750,2
renault-austral,Renault Austral,Renault Austral 1.3 Hybrid Evolution,2024,19765,2125000,2
renault-austral,Renault Austral,Renault Austral 1.3 Hybrid Techno Esprit Alpine,2024,30000,2270000,2
renault-austral,Renault Austral,Renault Austral 1.3 Hybrid Techno Esprit Alpine,2024,24000,2235000,2
renault-austral,Renault Austral,Renault Austral 1.3 Hybrid Techno Esprit Alpine,2024,25000,2250000,2
renault-austral,Renault Austral,Renault Austral 1.2 E-tech Techno Esprit Alpine,2024,42000,2485000,2
renault-austral,Renault Austral,Renault Austral 1.3 Hybrid Techno,2024,32000,2125000,2
renault-austral,Renault Austral,Renault Austral 1.3 Hybrid Techno Esprit Alpine,2024,18000,2249000,2
renault-austral,Renault Austral,Renault Austral 1.3 Hybrid Techno Esprit Alpine,2024,28000,2230950,2
renault-austral,Renault Austral,Renault Austral 1.3 Hybrid Techno Esprit Alpine,2024,59921,2198000,2
renault-austral,Renault Austral,Renault Austral 1.3 Hybrid Evolution,2024,48929,1925000,2
renault-austral,Renault Austral,Renault Austral 1.3 Hybrid Techno Esprit Alpine,2024,45000,2240000,2
renault-austral,Renault Austral,Renault Austral 1.3 Hybrid Techno Esprit Alpine,2024,80000,2150000,2
renault-austral,Renault Austral,Renault Austral 1.3 Hybrid Techno Esprit Alpine,2024,31000,2189000,2
renault-austral,Renault Austral,Renault Austral 1.3 Hybrid Techno Esprit Alpine,2024,46457,2189000,2
renault-austral,Renault Austral,Renault Austral 1.3 Hybrid Techno Esprit Alpine,2024,48250,2169750,2
renault-austral,Renault Austral,Renault Austral 1.3 Hybrid Evolution,2024,44000,1959000,2
renault-austral,Renault Austral,Renault Austral 1.2 E-tech Techno Esprit Alpine,2024,31700,2465000,2
renault-austral,Renault Austral,Renault Austral 1.3 Hybrid Techno Esprit Alpine,2024,12000,2305000,2
renault-austral,Renault Austral,Renault Austral 1.3 Hybrid Techno Esprit Alpine,2024,28770,2310000,2
renault-austral,Renault Austral,Renault Austral 1.3 Hybrid Evolution,2024,22000,2150000,2
renault-austral,Renault Austral,Renault Austral 1.3 Hybrid Techno Esprit Alpine,2024,8000,2400000,2
renault-austral,Renault Austral,Renault Austral 1.3 Hybrid Evolution,2024,33000,2290000,2
renault-austral,Renault Austral,Renault Austral 1.3 Hybrid Techno Esprit Alpine,2024,8000,2475000,2
renault-austral,Renault Austral,Renault Austral 1.3 Hybrid Techno Esprit Alpine,2024,24000,2210000,2
renault-austral,Renault Austral,Renault Austral 1.3 Hybrid Techno,2024,42115,1969000,2
renault-austral,Renault Austral,Renault Austral 1.3 Hybrid Techno Esprit Alpine,2024,49000,2089000,2
renault-austral,Renault Austral,Renault Austral 1.2 E-tech Techno Esprit Alpine,2024,38000,2639900,2
renault-austral,Renault Austral,Renault Austral 1.3 Hybrid Evolution,2024,64732,1995000,2
renault-austral,Renault Austral,Renault Austral 1.3 Hybrid Techno Esprit Alpine,2024,43000,2195000,2
renault-austral,Renault Austral,Renault Austral 1.3 Hybrid Techno Esprit Alpine,2024,19000,2340000,2
renault-austral,Renault Austral,Renault Austral 1.3 Hybrid Techno Esprit Alpine,2024,30000,2200000,2
renault-austral,Renault Austral,Renault Austral 1.3 Hybrid Techno Esprit Alpine,2024,16000,2325000,2
renault-austral,Renault Austral,Renault Austral 1.3 Hybrid Techno Esprit Alpine,2024,16000,2450000,2
renault-austral,Renault Austral,Renault Austral 1.3 Hybrid Techno Esprit Alpine,2024,6700,2350000,2
renault-austral,Renault Austral,Renault Austral 1.3 Hybrid Techno Esprit Alpine,2024,13053,2350000,2
renault-austral,Renault Austral,Renault Austral 1.3 Hybrid Techno Esprit Alpine,2024,6001,2550000,2
renault-austral,Renault Austral,Renault Austral 1.3 Hybrid Techno Esprit Alpine,2024,22000,2300000,2
renault-austral,Renault Austral,Renault Austral 1.3 Hybrid Techno Esprit Alpine,2024,24000,2410000,2
renault-austral,Renault Austral,Renault Austral 1.3 Hybrid Techno Esprit Alpine,2024,13000,2400000,2
renault-austral,Renault Austral,Renault Austral 1.3 Hybrid Techno Esprit Alpine,2024,6001,2540000,2
renault-austral,Renault Austral,Renault Austral 1.3 Hybrid Techno Esprit Alpine,2024,29000,2499999,2
renault-austral,Renault Austral,Renault Austral 1.3 Hybrid Techno Esprit Alpine,2024,15000,2425000,2
renault-austral,Renault Austral,Renault Austral 1.3 Hybrid Techno,2024,30000,2250000,2
renault-austral,Renault Austral,Renault Austral 1.3 Hybrid Techno,2024,27000,2150000,2
renault-austral,Renault Austral,Renault Austral 1.2 E-tech Techno Esprit Alpine,2024,35000,2400000,2
renault-austral,Renault Austral,Renault Austral 1.3 Hybrid Techno Esprit Alpine,2024,6001,2580000,2
renault-austral,Renault Austral,Renault Austral 1.3 Hybrid Techno,2025,19000,2125000,1
renault-austral,Renault Austral,Renault Austral 1.3 Hybrid Techno Esprit Alpine,2025,7000,2800000,1
renault-austral,Renault Austral,Renault Austral 1.3 Hybrid Techno Esprit Alpine,2025,7000,2850000,1
renault-austral,Renault Austral,Renault Austral 1.3 Hybrid Techno,2025,7800,2250000,1
renault-austral,Renault Austral,Renault Austral 1.3 Hybrid Techno,2025,11720,2230000,1
renault-austral,Renault Austral,Renault Austral 1.3 Hybrid Techno,2025,12087,2195000,1
renault-austral,Renault Austral,Renault Austral 1.3 Hybrid Techno,2025,6001,2260000,1
renault-austral,Renault Austral,Renault Austral 1.3 Hybrid Techno Esprit Alpine,2025,7960,2759750,1
renault-austral,Renault Austral,Renault Austral 1.3 Hybrid Techno,2025,6001,2290000,1
renault-austral,Renault Austral,Renault Austral 1.3 Hybrid Techno Esprit Alpine,2025,6001,2710000,1
renault-austral,Renault Austral,Renault Austral 1.3 Hybrid Techno Esprit Alpine,2025,6001,2675000,1
renault-austral,Renault Austral,Renault Austral 1.3 Hybrid Techno Esprit Alpine,2025,23000,2499000,1
renault-austral,Renault Austral,Renault Austral 1.3 Hybrid Techno Esprit Alpine,2025,6001,2745000,1
renault-austral,Renault Austral,Renault Austral 1.3 Hybrid Techno Esprit Alpine,2025,8900,2699900,1
renault-austral,Renault Austral,Renault Austral 1.3 Hybrid Techno Esprit Alpine,2025,6001,2700000,1
renault-austral,Renault Austral,Renault Austral 1.3 Hybrid Techno Esprit Alpine,2025,43000,2490000,1
renault-austral,Renault Austral,Renault Austral 1.3 Hybrid Techno Esprit Alpine,2025,9750,2675000,1
renault-austral,Renault Austral,Renault Austral 1.3 Hybrid Techno,2025,22000,2355000,1
renault-austral,Renault Austral,Renault Austral 1.3 Hybrid Techno,2025,7000,2299000,1
renault-austral,Renault Austral,Renault Austral 1.3 Hybrid Techno,2025,18000,2115000,1
renault-austral,Renault Austral,Renault Austral 1.2 E-tech Techno Esprit Alpine,2025,6001,3185000,1
renault-austral,Renault Austral,Renault Austral 1.3 Hybrid Techno Esprit Alpine,2025,18000,2775000,1
renault-austral,Renault Austral,Renault Austral 1.3 Hybrid Techno,2025,19600,2199950,1
renault-austral,Renault Austral,Renault Austral 1.3 Hybrid Techno Esprit Alpine,2025,24793,2420000,1
renault-austral,Renault Austral,Renault Austral 1.3 Hybrid Techno Esprit Alpine,2025,6100,2850000,1
renault-austral,Renault Austral,Renault Austral 1.3 Hybrid Techno Esprit Alpine,2025,13000,2725000,1
renault-austral,Renault Austral,Renault Austral 1.3 Hybrid Techno,2025,18350,2184000,1
renault-austral,Renault Austral,Renault Austral 1.3 Hybrid Techno,2025,6100,2195000,1
renault-austral,Renault Austral,Renault Austral 1.3 Hybrid Techno Esprit Alpine,2025,6500,2680000,1
renault-austral,Renault Austral,Renault Austral 1.3 Hybrid Techno,2025,6001,2225000,1
renault-austral,Renault Austral,Renault Austral 1.3 Hybrid Techno,2025,6000,2260000,1
renault-austral,Renault Austral,Renault Austral 1.3 Hybrid Techno,2025,58000,2118000,1
renault-austral,Renault Austral,Renault Austral 1.3 Hybrid Techno Esprit Alpine,2025,20000,2700000,1
renault-austral,Renault Austral,Renault Austral 1.2 E-tech Techno Esprit Alpine,2025,32988,2855000,1
renault-austral,Renault Austral,Renault Austral 1.3 Hybrid Techno,2025,6001,2300000,1
renault-austral,Renault Austral,Renault Austral 1.3 Hybrid Techno Esprit Alpine,2025,17000,2600000,1
renault-austral,Renault Austral,Renault Austral 1.3 Hybrid Techno,2025,10000,2333000,1
renault-austral,Renault Austral,Renault Austral 1.3 Hybrid Techno,2025,22000,2250000,1
renault-austral,Renault Austral,Renault Austral 1.3 Hybrid Techno Esprit Alpine,2025,11000,2750000,1
renault-austral,Renault Austral,Renault Austral 1.3 Hybrid Techno,2025,6001,2250000,1
renault-austral,Renault Austral,Renault Austral 1.3 Hybrid Techno,2025,6001,2270000,1
renault-austral,Renault Austral,Renault Austral 1.3 Hybrid Techno,2025,6001,2300000,1
renault-austral,Renault Austral,Renault Austral 1.3 Hybrid Techno Esprit Alpine,2025,13800,2465000,1
renault-austral,Renault Austral,Renault Austral 1.3 Hybrid Techno Esprit Alpine,2025,12500,2600000,1
renault-austral,Renault Austral,Renault Austral 1.3 Hybrid Techno Esprit Alpine,2025,13500,2490000,1
renault-austral,Renault Austral,Renault Austral 1.3 Hybrid Techno Esprit Alpine,2025,11248,2800000,1
renault-austral,Renault Austral,Renault Austral 1.3 Hybrid Techno,2025,15000,2195000,1
renault-austral,Renault Austral,Renault Austral 1.3 Hybrid Techno Esprit Alpine,2025,9000,2750000,1
renault-austral,Renault Austral,Renault Austral 1.3 Hybrid Techno,2025,9500,2500000,1
renault-austral,Renault Austral,Renault Austral 1.3 Hybrid Techno Esprit Alpine,2025,6010,2755000,1
renault-austral,Renault Austral,Renault Austral 1.3 Hybrid Techno,2026,8500,2500000,0
renault-austral,Renault Austral,Renault Austral 1.3 Hybrid Techno,2026,6120,2359900,0
toyota-corolla-cross,Toyota Corolla Cross,Toyota Corolla Cross 1.8 Hybrid Flame X-Pack,2022,53000,2198000,4
toyota-corolla-cross,Toyota Corolla Cross,Toyota Corolla Cross 1.8 Hybrid Flame,2022,95000,2045000,4
toyota-corolla-cross,Toyota Corolla Cross,Toyota Corolla Cross 1.8 Hybrid Passion,2022,33000,2280000,4
toyota-corolla-cross,Toyota Corolla Cross,Toyota Corolla Cross 1.8 Hybrid Passion X-Pack,2022,57000,2398000,4
toyota-corolla-cross,Toyota Corolla Cross,Toyota Corolla Cross 1.8 Hybrid Flame,2022,63000,2015000,4
toyota-corolla-cross,Toyota Corolla Cross,Toyota Corolla Cross 1.8 Hybrid Passion,2022,74000,2169000,4
toyota-corolla-cross,Toyota Corolla Cross,Toyota Corolla Cross 1.8 Hybrid Passion,2022,79850,2160000,4
toyota-corolla-cross,Toyota Corolla Cross,Toyota Corolla Cross 1.8 Hybrid Passion X-Pack,2022,127000,1975000,4
toyota-corolla-cross,Toyota Corolla Cross,Toyota Corolla Cross 1.8 Hybrid Flame X-Pack,2022,53000,2119000,4
toyota-corolla-cross,Toyota Corolla Cross,Toyota Corolla Cross 1.8 Hybrid Flame,2022,48000,2090000,4
toyota-corolla-cross,Toyota Corolla Cross,Toyota Corolla Cross 1.8 Hybrid Flame,2022,39000,2415000,4
toyota-corolla-cross,Toyota Corolla Cross,Toyota Corolla Cross 1.8 Hybrid Flame X-Pack,2022,53347,2398000,4
toyota-corolla-cross,Toyota Corolla Cross,Toyota Corolla Cross 1.8 Hybrid Passion X-Pack,2022,129000,2150000,4
toyota-corolla-cross,Toyota Corolla Cross,Toyota Corolla Cross 1.8 Hybrid Flame X-Pack,2022,36625,2129000,4
toyota-corolla-cross,Toyota Corolla Cross,Toyota Corolla Cross 1.8 Hybrid Passion X-Pack,2022,105000,1690000,4
toyota-corolla-cross,Toyota Corolla Cross,Toyota Corolla Cross 1.8 Hybrid Passion,2022,99000,2195000,4
toyota-corolla-cross,Toyota Corolla Cross,Toyota Corolla Cross 1.8 Hybrid Flame X-Pack,2022,69000,2045000,4
toyota-corolla-cross,Toyota Corolla Cross,Toyota Corolla Cross 1.8 Hybrid Passion,2022,54000,2019000,4
toyota-corolla-cross,Toyota Corolla Cross,Toyota Corolla Cross 1.8 Hybrid Passion X-Pack,2022,96000,2198000,4
toyota-corolla-cross,Toyota Corolla Cross,Toyota Corolla Cross 1.8 Hybrid Passion X-Pack,2022,51965,2390000,4
toyota-corolla-cross,Toyota Corolla Cross,Toyota Corolla Cross 1.8 Hybrid Flame X-Pack,2022,42000,2180000,4
toyota-corolla-cross,Toyota Corolla Cross,Toyota Corolla Cross 1.8 Hybrid Flame X-Pack,2022,79000,2059000,4
toyota-corolla-cross,Toyota Corolla Cross,Toyota Corolla Cross 1.8 Hybrid Passion X-Pack,2022,39800,2399750,4
toyota-corolla-cross,Toyota Corolla Cross,Toyota Corolla Cross 1.8 Hybrid Passion X-Pack,2022,55000,2480000,4
toyota-corolla-cross,Toyota Corolla Cross,Toyota Corolla Cross 1.8 Hybrid Flame X-Pack,2022,104000,2050000,4
toyota-corolla-cross,Toyota Corolla Cross,Toyota Corolla Cross 1.8 Hybrid Passion,2022,63863,2190000,4
toyota-corolla-cross,Toyota Corolla Cross,Toyota Corolla Cross 1.8 Hybrid Flame X-Pack,2022,78500,2135000,4
toyota-corolla-cross,Toyota Corolla Cross,Toyota Corolla Cross 1.8 Hybrid Flame,2022,82000,1915000,4
toyota-corolla-cross,Toyota Corolla Cross,Toyota Corolla Cross 1.8 Hybrid Passion X-Pack,2022,62500,2380000,4
toyota-corolla-cross,Toyota Corolla Cross,Toyota Corolla Cross 1.8 Hybrid Passion X-Pack,2022,87990,2180000,4
toyota-corolla-cross,Toyota Corolla Cross,Toyota Corolla Cross 1.8 Hybrid Passion X-Pack,2022,41000,2440000,4
toyota-corolla-cross,Toyota Corolla Cross,Toyota Corolla Cross 1.8 Hybrid Flame X-Pack,2022,110700,2000000,4
toyota-corolla-cross,Toyota Corolla Cross,Toyota Corolla Cross 1.8 Hybrid Passion,2022,46000,2450000,4
toyota-corolla-cross,Toyota Corolla Cross,Toyota Corolla Cross 1.8 Hybrid Passion,2022,48120,2240000,4
toyota-corolla-cross,Toyota Corolla Cross,Toyota Corolla Cross 1.8 Hybrid Flame X-Pack,2022,32000,2325000,4
toyota-corolla-cross,Toyota Corolla Cross,Toyota Corolla Cross 1.8 Hybrid Flame,2022,40500,2180000,4
toyota-corolla-cross,Toyota Corolla Cross,Toyota Corolla Cross 1.8 Hybrid Flame,2022,64500,1975000,4
toyota-corolla-cross,Toyota Corolla Cross,Toyota Corolla Cross 1.8 Hybrid Flame X-Pack,2023,76000,2025000,3
toyota-corolla-cross,Toyota Corolla Cross,Toyota Corolla Cross 1.8 Hybrid Passion X-Pack,2023,34000,2569000,3
toyota-corolla-cross,Toyota Corolla Cross,Toyota Corolla Cross 1.8 Hybrid Flame,2023,70000,2058000,3
toyota-corolla-cross,Toyota Corolla Cross,Toyota Corolla Cross 1.8 Hybrid Flame X-Pack,2023,180000,1870000,3
toyota-corolla-cross,Toyota Corolla Cross,Toyota Corolla Cross 1.8 Hybrid Flame X-Pack,2023,80000,1980000,3
toyota-corolla-cross,Toyota Corolla Cross,Toyota Corolla Cross 1.8 Hybrid Flame X-Pack,2023,115000,1999950,3
toyota-corolla-cross,Toyota Corolla Cross,Toyota Corolla Cross 1.8 Hybrid Flame X-Pack,2023,46000,2095000,3
toyota-corolla-cross,Toyota Corolla Cross,Toyota Corolla Cross 1.8 Hybrid Flame X-Pack,2023,89610,2150000,3
toyota-corolla-cross,Toyota Corolla Cross,Toyota Corolla Cross 1.8 Hybrid Flame X-Pack,2023,87000,1880000,3
toyota-corolla-cross,Toyota Corolla Cross,Toyota Corolla Cross 1.8 Hybrid Flame X-Pack,2023,76850,2110000,3
toyota-corolla-cross,Toyota Corolla Cross,Toyota Corolla Cross 1.8 Hybrid Flame X-Pack,2023,69000,2029000,3
toyota-corolla-cross,Toyota Corolla Cross,Toyota Corolla Cross 1.8 Hybrid Flame X-Pack,2023,118000,2099950,3
toyota-corolla-cross,Toyota Corolla Cross,Toyota Corolla Cross 1.8 Hybrid Flame X-Pack,2023,52350,2025000,3
toyota-corolla-cross,Toyota Corolla Cross,Toyota Corolla Cross 1.8 Hybrid Passion,2023,60000,2195000,3
toyota-corolla-cross,Toyota Corolla Cross,Toyota Corolla Cross 1.8 Hybrid Passion,2023,120000,2095000,3
toyota-corolla-cross,Toyota Corolla Cross,Toyota Corolla Cross 1.8 Hybrid Flame X-Pack,2023,30450,2195000,3
toyota-corolla-cross,Toyota Corolla Cross,Toyota Corolla Cross 1.8 Hybrid Passion X-Pack,2023,51000,2345000,3
toyota-corolla-cross,Toyota Corolla Cross,Toyota Corolla Cross 1.8 Hybrid Flame X-Pack,2023,80000,2078500,3
toyota-corolla-cross,Toyota Corolla Cross,Toyota Corolla Cross 1.8 Hybrid Flame X-Pack,2023,101000,1949750,3
toyota-corolla-cross,Toyota Corolla Cross,Toyota Corolla Cross 1.8 Hybrid Flame X-Pack,2023,70000,2069057,3
toyota-corolla-cross,Toyota Corolla Cross,Toyota Corolla Cross 1.8 Hybrid Flame X-Pack,2023,34000,2215000,3
toyota-corolla-cross,Toyota Corolla Cross,Toyota Corolla Cross 1.8 Hybrid Flame X-Pack,2023,41000,2199950,3
toyota-corolla-cross,Toyota Corolla Cross,Toyota Corolla Cross 1.8 Hybrid Flame X-Pack,2023,31000,2169057,3
toyota-corolla-cross,Toyota Corolla Cross,Toyota Corolla Cross 1.8 Hybrid Flame X-Pack,2023,33000,2189850,3
toyota-corolla-cross,Toyota Corolla Cross,Toyota Corolla Cross 1.8 Hybrid Flame X-Pack,2023,43000,2290000,3
toyota-corolla-cross,Toyota Corolla Cross,Toyota Corolla Cross 1.8 Hybrid Flame X-Pack,2023,136000,1859999,3
toyota-corolla-cross,Toyota Corolla Cross,Toyota Corolla Cross 1.8 Hybrid Flame X-Pack,2023,49000,2089000,3
toyota-corolla-cross,Toyota Corolla Cross,Toyota Corolla Cross 1.8 Hybrid Passion,2023,49500,2310000,3
toyota-corolla-cross,Toyota Corolla Cross,Toyota Corolla Cross 1.8 Hybrid Flame X-Pack,2023,73000,1998000,3
toyota-corolla-cross,Toyota Corolla Cross,Toyota Corolla Cross 1.8 Hybrid Passion,2023,133338,1985000,3
toyota-corolla-cross,Toyota Corolla Cross,Toyota Corolla Cross 1.8 Hybrid Flame X-Pack,2023,68000,2115000,3
toyota-corolla-cross,Toyota Corolla Cross,Toyota Corolla Cross 1.8 Hybrid Passion X-Pack,2023,27000,2619900,3
toyota-corolla-cross,Toyota Corolla Cross,Toyota Corolla Cross 1.8 Hybrid Passion,2023,56250,2385000,3
toyota-corolla-cross,Toyota Corolla Cross,Toyota Corolla Cross 1.8 Hybrid Passion,2023,24000,2399900,3
toyota-corolla-cross,Toyota Corolla Cross,Toyota Corolla Cross 1.8 Hybrid Passion X-Pack,2023,44500,2400000,3
toyota-corolla-cross,Toyota Corolla Cross,Toyota Corolla Cross 1.8 Hybrid Flame,2023,46000,2080000,3
toyota-corolla-cross,Toyota Corolla Cross,Toyota Corolla Cross 1.8 Hybrid Passion,2023,90000,2215000,3
toyota-corolla-cross,Toyota Corolla Cross,Toyota Corolla Cross 1.8 Hybrid Flame X-Pack,2023,82000,2050000,3
toyota-corolla-cross,Toyota Corolla Cross,Toyota Corolla Cross 1.8 Hybrid Flame X-Pack,2023,48000,2235000,3
toyota-corolla-cross,Toyota Corolla Cross,Toyota Corolla Cross 1.8 Hybrid Flame X-Pack,2023,55500,1800000,3
toyota-corolla-cross,Toyota Corolla Cross,Toyota Corolla Cross 1.8 Hybrid Passion X-Pack,2023,40000,2550000,3
toyota-corolla-cross,Toyota Corolla Cross,Toyota Corolla Cross 1.8 Hybrid Passion,2023,17000,2480000,3
toyota-corolla-cross,Toyota Corolla Cross,Toyota Corolla Cross 1.8 Hybrid Flame X-Pack,2023,15000,1650000,3
toyota-corolla-cross,Toyota Corolla Cross,Toyota Corolla Cross 1.8 Hybrid Passion X-Pack,2023,72500,2650000,3
toyota-corolla-cross,Toyota Corolla Cross,Toyota Corolla Cross 1.8 Hybrid Flame X-Pack,2024,18350,2420000,2
toyota-corolla-cross,Toyota Corolla Cross,Toyota Corolla Cross 1.8 Hybrid Passion X-Pack,2024,37000,2675000,2
toyota-corolla-cross,Toyota Corolla Cross,Toyota Corolla Cross 1.8 Hybrid Flame X-Pack,2024,16000,2600000,2
toyota-corolla-cross,Toyota Corolla Cross,Toyota Corolla Cross 1.8 Hybrid Flame,2024,18500,2330000,2
toyota-corolla-cross,Toyota Corolla Cross,Toyota Corolla Cross 1.8 Hybrid Flame X-Pack,2024,25000,2475000,2
toyota-corolla-cross,Toyota Corolla Cross,Toyota Corolla Cross 1.8 Hybrid Flame X-Pack,2024,29415,2310000,2
toyota-corolla-cross,Toyota Corolla Cross,Toyota Corolla Cross 1.8 Hybrid Flame X-Pack,2024,15000,2480000,2
toyota-corolla-cross,Toyota Corolla Cross,Toyota Corolla Cross 1.8 Hybrid Flame X-Pack,2024,6000,2520000,2
toyota-corolla-cross,Toyota Corolla Cross,Toyota Corolla Cross 1.8 Hybrid Flame X-Pack,2024,21000,1879000,2
toyota-corolla-cross,Toyota Corolla Cross,Toyota Corolla Cross 1.8 Hybrid Flame,2024,23477,2299000,2
toyota-corolla-cross,Toyota Corolla Cross,Toyota Corolla Cross 1.8 Hybrid Flame X-Pack,2024,50750,2250000,2
toyota-corolla-cross,Toyota Corolla Cross,Toyota Corolla Cross 1.8 Hybrid Flame,2024,18576,2174900,2
toyota-corolla-cross,Toyota Corolla Cross,Toyota Corolla Cross 1.8 Hybrid Passion,2024,27000,2335000,2
toyota-corolla-cross,Toyota Corolla Cross,Toyota Corolla Cross 1.8 Hybrid Flame,2024,21000,2370000,2
toyota-corolla-cross,Toyota Corolla Cross,Toyota Corolla Cross 1.8 Hybrid Passion X-Pack,2024,11000,2250000,2
toyota-corolla-cross,Toyota Corolla Cross,Toyota Corolla Cross 1.8 Hybrid Flame X-Pack,2024,27500,2275000,2
toyota-corolla-cross,Toyota Corolla Cross,Toyota Corolla Cross 1.8 Hybrid Flame X-Pack,2024,10500,2265000,2
toyota-corolla-cross,Toyota Corolla Cross,Toyota Corolla Cross 1.8 Hybrid Flame X-Pack,2024,6001,2499000,2
toyota-corolla-cross,Toyota Corolla Cross,Toyota Corolla Cross 1.8 Hybrid Flame X-Pack,2024,62163,2250000,2
toyota-corolla-cross,Toyota Corolla Cross,Toyota Corolla Cross 1.8 Hybrid Passion,2024,32500,1990000,2
toyota-corolla-cross,Toyota Corolla Cross,Toyota Corolla Cross 1.8 Hybrid Flame X-Pack,2024,16000,2150000,2
toyota-corolla-cross,Toyota Corolla Cross,Toyota Corolla Cross 1.8 Hybrid Passion X-Pack,2024,40000,2595000,2
toyota-corolla-cross,Toyota Corolla Cross,Toyota Corolla Cross 1.8 Hybrid Passion X-Pack,2024,10000,2815000,2
toyota-corolla-cross,Toyota Corolla Cross,Toyota Corolla Cross 1.8 Hybrid Flame X-Pack,2024,28542,2550000,2
toyota-corolla-cross,Toyota Corolla Cross,Toyota Corolla Cross 1.8 Hybrid Flame X-Pack,2024,57659,2280000,2
toyota-corolla-cross,Toyota Corolla Cross,Toyota Corolla Cross 1.8 Hybrid Flame X-Pack,2024,55104,2250000,2
toyota-corolla-cross,Toyota Corolla Cross,Toyota Corolla Cross 1.8 Hybrid Flame X-Pack,2024,77464,2235000,2
toyota-corolla-cross,Toyota Corolla Cross,Toyota Corolla Cross 1.8 Hybrid Flame X-Pack,2024,59972,2275000,2
toyota-corolla-cross,Toyota Corolla Cross,Toyota Corolla Cross 1.8 Hybrid Flame X-Pack,2024,100924,2145500,2
toyota-corolla-cross,Toyota Corolla Cross,Toyota Corolla Cross 1.8 Hybrid Flame X-Pack,2024,77580,2229500,2
toyota-corolla-cross,Toyota Corolla Cross,Toyota Corolla Cross 1.8 Hybrid Flame X-Pack,2024,42112,2255000,2
toyota-corolla-cross,Toyota Corolla Cross,Toyota Corolla Cross 1.8 Hybrid Flame X-Pack,2024,36667,2030000,2
toyota-corolla-cross,Toyota Corolla Cross,Toyota Corolla Cross 1.8 Hybrid Flame X-Pack,2024,54950,2265000,2
toyota-corolla-cross,Toyota Corolla Cross,Toyota Corolla Cross 1.8 Hybrid Flame X-Pack,2024,47000,2075000,2
toyota-corolla-cross,Toyota Corolla Cross,Toyota Corolla Cross 1.8 Hybrid Flame X-Pack,2024,20000,2380000,2
toyota-corolla-cross,Toyota Corolla Cross,Toyota Corolla Cross 1.8 Hybrid Flame X-Pack,2024,15000,2450000,2
toyota-corolla-cross,Toyota Corolla Cross,Toyota Corolla Cross 1.8 Hybrid Flame X-Pack,2024,34000,2354000,2
toyota-corolla-cross,Toyota Corolla Cross,Toyota Corolla Cross 1.8 Hybrid Flame X-Pack,2024,32000,2375000,2
toyota-corolla-cross,Toyota Corolla Cross,Toyota Corolla Cross 1.8 Hybrid Flame X-Pack,2024,11000,2600000,2
toyota-corolla-cross,Toyota Corolla Cross,Toyota Corolla Cross 1.8 Hybrid Flame X-Pack,2024,24000,2615000,2
toyota-corolla-cross,Toyota Corolla Cross,Toyota Corolla Cross 1.8 Hybrid Passion X-Pack,2024,13000,2000000,2
toyota-corolla-cross,Toyota Corolla Cross,Toyota Corolla Cross 1.8 Hybrid Passion X-Pack,2024,11000,2040000,2
toyota-corolla-cross,Toyota Corolla Cross,Toyota Corolla Cross 1.8 Hybrid Passion X-Pack,2025,6050,3300000,1
toyota-corolla-cross,Toyota Corolla Cross,Toyota Corolla Cross 1.8 Hybrid Passion X-Pack,2025,8000,3135000,1
toyota-corolla-cross,Toyota Corolla Cross,Toyota Corolla Cross 1.8 Hybrid Flame X-Pack,2025,40000,2495000,1
toyota-corolla-cross,Toyota Corolla Cross,Toyota Corolla Cross 1.8 Hybrid Passion,2025,6100,2729950,1
toyota-corolla-cross,Toyota Corolla Cross,Toyota Corolla Cross 1.8 Hybrid Passion,2025,8850,2630000,1
toyota-corolla-cross,Toyota Corolla Cross,Toyota Corolla Cross 1.8 Hybrid Passion X-Pack,2025,6001,3290000,1
toyota-corolla-cross,Toyota Corolla Cross,Toyota Corolla Cross 1.8 Hybrid Flame X-Pack,2025,23000,2459750,1
toyota-corolla-cross,Toyota Corolla Cross,Toyota Corolla Cross 1.8 Hybrid Flame,2025,6100,2750000,1
toyota-corolla-cross,Toyota Corolla Cross,Toyota Corolla Cross 1.8 Hybrid Passion,2025,6014,2970000,1
toyota-corolla-cross,Toyota Corolla Cross,Toyota Corolla Cross 1.8 Hybrid Passion,2025,8000,2735000,1
toyota-corolla-cross,Toyota Corolla Cross,Toyota Corolla Cross 1.8 Hybrid Passion X-Pack,2025,6100,2998750,1
toyota-corolla-cross,Toyota Corolla Cross,Toyota Corolla Cross 1.8 Hybrid Passion,2025,8050,2925000,1
toyota-corolla-cross,Toyota Corolla Cross,Toyota Corolla Cross 1.8 Hybrid Passion X-Pack,2025,10000,3109900,1
toyota-corolla-cross,Toyota Corolla Cross,Toyota Corolla Cross 1.8 Hybrid Passion,2025,8000,2625000,1
toyota-corolla-cross,Toyota Corolla Cross,Toyota Corolla Cross 1.8 Hybrid Passion,2025,6050,2990000,1
toyota-corolla-cross,Toyota Corolla Cross,Toyota Corolla Cross 1.8 Hybrid Flame X-Pack,2025,6001,2750000,1
toyota-corolla-cross,Toyota Corolla Cross,Toyota Corolla Cross 1.8 Hybrid Passion,2025,17000,2640000,1
toyota-corolla-cross,Toyota Corolla Cross,Toyota Corolla Cross 1.8 Hybrid Passion X-Pack,2025,8350,3129000,1
toyota-corolla-cross,Toyota Corolla Cross,Toyota Corolla Cross 1.8 Hybrid Passion X-Pack,2025,11130,3129000,1
toyota-corolla-cross,Toyota Corolla Cross,Toyota Corolla Cross 1.8 Hybrid Passion,2025,8500,2725000,1
toyota-corolla-cross,Toyota Corolla Cross,Toyota Corolla Cross 1.8 Hybrid Passion X-Pack,2025,10000,3300000,1
toyota-corolla-cross,Toyota Corolla Cross,Toyota Corolla Cross 1.8 Hybrid Passion,2025,7000,2609900,1
toyota-corolla-cross,Toyota Corolla Cross,Toyota Corolla Cross 1.8 Hybrid Passion,2025,28900,2599000,1
toyota-corolla-cross,Toyota Corolla Cross,Toyota Corolla Cross 1.8 Hybrid Passion X-Pack,2025,38200,2889000,1
toyota-corolla-cross,Toyota Corolla Cross,Toyota Corolla Cross 1.8 Hybrid Passion,2025,30000,2574000,1
toyota-corolla-cross,Toyota Corolla Cross,Toyota Corolla Cross 1.8 Hybrid Flame X-Pack,2025,6001,2650000,1
toyota-corolla-cross,Toyota Corolla Cross,Toyota Corolla Cross 1.8 Hybrid Passion X-Pack,2025,6500,3015000,1
toyota-corolla-cross,Toyota Corolla Cross,Toyota Corolla Cross 1.8 Hybrid Passion X-Pack,2025,24000,2985000,1
toyota-corolla-cross,Toyota Corolla Cross,Toyota Corolla Cross 1.8 Hybrid Passion X-Pack,2025,14189,2998000,1
toyota-corolla-cross,Toyota Corolla Cross,Toyota Corolla Cross 1.8 Hybrid Passion,2025,7950,2690000,1
toyota-corolla-cross,Toyota Corolla Cross,Toyota Corolla Cross 1.8 Hybrid Passion,2025,6000,2800000,1
toyota-corolla-cross,Toyota Corolla Cross,Toyota Corolla Cross 1.8 Hybrid Flame,2025,7150,2305000,1
toyota-corolla-cross,Toyota Corolla Cross,Toyota Corolla Cross 1.8 Hybrid Passion,2025,6200,2790000,1
toyota-corolla-cross,Toyota Corolla Cross,Toyota Corolla Cross 1.8 Hybrid Passion,2025,6000,2720000,1
toyota-corolla-cross,Toyota Corolla Cross,Toyota Corolla Cross 1.8 Hybrid Passion,2025,9500,2620000,1
toyota-corolla-cross,Toyota Corolla Cross,Toyota Corolla Cross 1.8 Hybrid Flame X-Pack,2025,20000,2500000,1
toyota-corolla-cross,Toyota Corolla Cross,Toyota Corolla Cross 1.8 Hybrid Passion,2025,12000,2675000,1
toyota-corolla-cross,Toyota Corolla Cross,Toyota Corolla Cross 1.8 Hybrid Flame X-Pack,2025,20000,2525000,1
toyota-corolla-cross,Toyota Corolla Cross,Toyota Corolla Cross 1.8 Hybrid Flame,2025,23500,2475000,1
toyota-corolla-cross,Toyota Corolla Cross,Toyota Corolla Cross 1.8 Hybrid Passion,2025,10000,2700000,1
toyota-corolla-cross,Toyota Corolla Cross,Toyota Corolla Cross 1.8 Hybrid Passion,2025,8430,2633000,1
toyota-corolla-cross,Toyota Corolla Cross,Toyota Corolla Cross 1.8 Hybrid Passion X-Pack,2025,6100,3250000,1
toyota-corolla-cross,Toyota Corolla Cross,Toyota Corolla Cross 1.8 Hybrid Flame X-Pack,2025,12500,2625000,1
toyota-corolla-cross,Toyota Corolla Cross,Toyota Corolla Cross 1.8 Hybrid Passion,2026,6002,2780000,0
volkswagen-t-roc,VW T-Roc,Volkswagen T-Roc 1.5 TSI Highline,2019,61000,1780000,7
volkswagen-t-roc,VW T-Roc,Volkswagen T-Roc 1.5 TSI Highline,2019,105000,1800000,7
volkswagen-t-roc,VW T-Roc,Volkswagen T-Roc 1.5 TSI Highline,2019,99000,1735000,7
volkswagen-t-roc,VW T-Roc,Volkswagen T-Roc 1.5 TSI Highline,2019,147500,1655000,7
volkswagen-t-roc,VW T-Roc,Volkswagen T-Roc 1.5 TSI Highline,2019,99000,1775000,7
volkswagen-t-roc,VW T-Roc,Volkswagen T-Roc 1.5 TSI Highline,2019,129000,1685000,7
volkswagen-t-roc,VW T-Roc,Volkswagen T-Roc 1.5 TSI Highline,2019,77000,1780000,7
volkswagen-t-roc,VW T-Roc,Volkswagen T-Roc 1.5 TSI Highline,2019,76000,1825000,7
volkswagen-t-roc,VW T-Roc,Volkswagen T-Roc 1.5 TSI Highline,2019,60700,1858000,7
volkswagen-t-roc,VW T-Roc,Volkswagen T-Roc 1.5 TSI Highline,2019,90000,1697000,7
volkswagen-t-roc,VW T-Roc,Volkswagen T-Roc 1.5 TSI Highline,2019,113000,1735000,7
volkswagen-t-roc,VW T-Roc,Volkswagen T-Roc 1.5 TSI Highline,2019,115000,1725000,7
volkswagen-t-roc,VW T-Roc,Volkswagen T-Roc 1.5 TSI Highline,2019,71000,1698750,7
volkswagen-t-roc,VW T-Roc,Volkswagen T-Roc 1.5 TSI Highline,2019,58000,1699000,7
volkswagen-t-roc,VW T-Roc,Volkswagen T-Roc 1.5 TSI Highline,2019,97000,1720000,7
volkswagen-t-roc,VW T-Roc,Volkswagen T-Roc 1.5 TSI Highline,2019,91333,1685000,7
volkswagen-t-roc,VW T-Roc,Volkswagen T-Roc 1.5 TSI Highline,2019,120000,1690000,7
volkswagen-t-roc,VW T-Roc,Volkswagen T-Roc 1.5 TSI Highline,2019,133000,1650000,7
volkswagen-t-roc,VW T-Roc,Volkswagen T-Roc 1.5 TSI Highline,2019,100000,1690000,7
volkswagen-t-roc,VW T-Roc,Volkswagen T-Roc 1.5 TSI R-Line,2019,84000,1875000,7
volkswagen-t-roc,VW T-Roc,Volkswagen T-Roc 1.5 TSI Highline,2019,79000,1759000,7
volkswagen-t-roc,VW T-Roc,Volkswagen T-Roc 1.5 TSI Highline,2019,103000,1745000,7
volkswagen-t-roc,VW T-Roc,Volkswagen T-Roc 1.5 TSI Highline,2019,97000,1785000,7
volkswagen-t-roc,VW T-Roc,Volkswagen T-Roc 1.5 TSI Highline,2019,96000,1800000,7
volkswagen-t-roc,VW T-Roc,Volkswagen T-Roc 1.5 TSI Highline,2019,88000,1740000,7
volkswagen-t-roc,VW T-Roc,Volkswagen T-Roc 1.5 TSI Highline,2019,88658,1690000,7
volkswagen-t-roc,VW T-Roc,Volkswagen T-Roc 1.5 TSI Highline,2019,93000,1679000,7
volkswagen-t-roc,VW T-Roc,Volkswagen T-Roc 1.5 TSI Highline,2019,90200,1550000,7
volkswagen-t-roc,VW T-Roc,Volkswagen T-Roc 1.5 TSI Highline,2019,64000,1900000,7
volkswagen-t-roc,VW T-Roc,Volkswagen T-Roc 1.5 TSI Highline,2019,135000,1700000,7
volkswagen-t-roc,VW T-Roc,Volkswagen T-Roc 1.5 TSI Highline,2019,88398,1760000,7
volkswagen-t-roc,VW T-Roc,Volkswagen T-Roc 1.5 TSI Highline,2019,72000,1785000,7
volkswagen-t-roc,VW T-Roc,Volkswagen T-Roc 1.5 TSI Highline,2019,99300,1790000,7
volkswagen-t-roc,VW T-Roc,Volkswagen T-Roc 1.5 TSI Highline,2019,83000,1870000,7
volkswagen-t-roc,VW T-Roc,Volkswagen T-Roc 1.5 TSI Highline,2019,72100,1820000,7
volkswagen-t-roc,VW T-Roc,Volkswagen T-Roc 1.5 TSI Highline,2019,158000,1550000,7
volkswagen-t-roc,VW T-Roc,Volkswagen T-Roc 1.5 TSI Highline,2019,133000,1660000,7
volkswagen-t-roc,VW T-Roc,Volkswagen T-Roc 1.5 TSI Highline,2019,158000,1545750,7
volkswagen-t-roc,VW T-Roc,Volkswagen T-Roc 1.5 TSI Highline,2019,84600,1800000,7
volkswagen-t-roc,VW T-Roc,Volkswagen T-Roc 1.5 TSI Highline,2019,123000,1575000,7
volkswagen-t-roc,VW T-Roc,Volkswagen T-Roc 1.5 TSI Highline,2019,104000,1715000,7
volkswagen-t-roc,VW T-Roc,Volkswagen T-Roc 1.5 TSI Highline,2019,69000,1680000,7
volkswagen-t-roc,VW T-Roc,Volkswagen T-Roc 1.5 TSI Highline,2020,133000,1575000,6
volkswagen-t-roc,VW T-Roc,Volkswagen T-Roc 1.5 TSI Highline,2020,83000,1825000,6
volkswagen-t-roc,VW T-Roc,Volkswagen T-Roc 1.5 TSI Highline,2020,55500,1890000,6
volkswagen-t-roc,VW T-Roc,Volkswagen T-Roc 1.5 TSI Highline,2020,65000,1730500,6
volkswagen-t-roc,VW T-Roc,Volkswagen T-Roc 1.5 TSI Highline,2020,45000,1750000,6
volkswagen-t-roc,VW T-Roc,Volkswagen T-Roc 1.5 TSI Highline,2020,81000,1765000,6
volkswagen-t-roc,VW T-Roc,Volkswagen T-Roc 1.5 TSI Highline,2020,39700,1850000,6
volkswagen-t-roc,VW T-Roc,Volkswagen T-Roc 1.5 TSI Highline,2020,150000,1550000,6
volkswagen-t-roc,VW T-Roc,Volkswagen T-Roc 1.5 TSI Highline,2020,67500,1780000,6
volkswagen-t-roc,VW T-Roc,Volkswagen T-Roc 1.5 TSI Highline,2020,112000,1695000,6
volkswagen-t-roc,VW T-Roc,Volkswagen T-Roc 1.5 TSI R-Line,2020,50000,1625000,6
volkswagen-t-roc,VW T-Roc,Volkswagen T-Roc 1.5 TSI Highline,2020,93000,1795000,6
volkswagen-t-roc,VW T-Roc,Volkswagen T-Roc 1.5 TSI Highline,2020,102000,1790000,6
volkswagen-t-roc,VW T-Roc,Volkswagen T-Roc 1.5 TSI Highline,2020,60100,1829000,6
volkswagen-t-roc,VW T-Roc,Volkswagen T-Roc 1.5 TSI Highline,2020,70500,1865000,6
volkswagen-t-roc,VW T-Roc,Volkswagen T-Roc 1.5 TSI Highline,2020,89204,1795000,6
volkswagen-t-roc,VW T-Roc,Volkswagen T-Roc 1.5 TSI Highline,2020,38000,1840000,6
volkswagen-t-roc,VW T-Roc,Volkswagen T-Roc 1.5 TSI Highline,2020,104600,1690000,6
volkswagen-t-roc,VW T-Roc,Volkswagen T-Roc 1.5 TSI Highline,2020,148000,1595000,6
volkswagen-t-roc,VW T-Roc,Volkswagen T-Roc 1.5 TSI Highline,2020,100000,1775000,6
volkswagen-t-roc,VW T-Roc,Volkswagen T-Roc 1.5 TSI Highline,2020,108000,1800000,6
volkswagen-t-roc,VW T-Roc,Volkswagen T-Roc 1.5 TSI Highline,2020,39000,1960000,6
volkswagen-t-roc,VW T-Roc,Volkswagen T-Roc 1.5 TSI Highline,2020,71000,1925000,6
volkswagen-t-roc,VW T-Roc,Volkswagen T-Roc 1.5 TSI Highline,2020,77000,1888000,6
volkswagen-t-roc,VW T-Roc,Volkswagen T-Roc 1.5 TSI Highline,2020,57000,1860000,6
volkswagen-t-roc,VW T-Roc,Volkswagen T-Roc 1.5 TSI Highline,2020,38000,1867000,6
volkswagen-t-roc,VW T-Roc,Volkswagen T-Roc 1.5 TSI Highline,2020,45000,1859300,6
volkswagen-t-roc,VW T-Roc,Volkswagen T-Roc 1.5 TSI Highline,2020,54000,1790000,6
volkswagen-t-roc,VW T-Roc,Volkswagen T-Roc 1.5 TSI Highline,2020,88000,1787500,6
volkswagen-t-roc,VW T-Roc,Volkswagen T-Roc 1.5 TSI Highline,2020,75000,1849000,6
volkswagen-t-roc,VW T-Roc,Volkswagen T-Roc 1.5 TSI Highline,2020,13500,1795000,6
volkswagen-t-roc,VW T-Roc,Volkswagen T-Roc 1.5 TSI Highline,2020,96000,1799750,6
volkswagen-t-roc,VW T-Roc,Volkswagen T-Roc 1.5 TSI Highline,2020,68000,1795000,6
volkswagen-t-roc,VW T-Roc,Volkswagen T-Roc 1.5 TSI Highline,2020,77000,1769000,6
volkswagen-t-roc,VW T-Roc,Volkswagen T-Roc 1.5 TSI Highline,2020,63000,1795000,6
volkswagen-t-roc,VW T-Roc,Volkswagen T-Roc 1.5 TSI Highline,2020,69000,1740000,6
volkswagen-t-roc,VW T-Roc,Volkswagen T-Roc 1.5 TSI Highline,2020,70000,1739750,6
volkswagen-t-roc,VW T-Roc,Volkswagen T-Roc 1.5 TSI Highline,2020,80750,1775000,6
volkswagen-t-roc,VW T-Roc,Volkswagen T-Roc 1.5 TSI Highline,2020,80000,1749000,6
volkswagen-t-roc,VW T-Roc,Volkswagen T-Roc 1.5 TSI Highline,2020,69000,1710000,6
volkswagen-t-roc,VW T-Roc,Volkswagen T-Roc 1.5 TSI Highline,2020,115000,1730000,6
volkswagen-t-roc,VW T-Roc,Volkswagen T-Roc 1.5 TSI Highline,2020,124000,1685000,6
volkswagen-t-roc,VW T-Roc,Volkswagen T-Roc 1.5 TSI Highline,2020,91000,1695000,6
volkswagen-t-roc,VW T-Roc,Volkswagen T-Roc 1.5 TSI Highline,2020,62000,1715000,6
volkswagen-t-roc,VW T-Roc,Volkswagen T-Roc 1.5 TSI Highline,2020,98000,1695000,6
volkswagen-t-roc,VW T-Roc,Volkswagen T-Roc 1.5 TSI Highline,2020,117500,1585000,6
volkswagen-t-roc,VW T-Roc,Volkswagen T-Roc 1.5 TSI Highline,2020,69106,1695000,6
volkswagen-t-roc,VW T-Roc,Volkswagen T-Roc 1.5 TSI Highline,2020,64000,1689000,6
volkswagen-t-roc,VW T-Roc,Volkswagen T-Roc 1.5 TSI Highline,2020,90000,1639950,6
volkswagen-t-roc,VW T-Roc,Volkswagen T-Roc 1.5 TSI Highline,2020,98000,1625000,6
volkswagen-t-roc,VW T-Roc,Volkswagen T-Roc 1.5 TSI Highline,2020,89700,1629950,6
volkswagen-t-roc,VW T-Roc,Volkswagen T-Roc 1.5 TSI Highline,2020,153000,1649000,6
volkswagen-t-roc,VW T-Roc,Volkswagen T-Roc 1.5 TSI Highline,2020,79000,1785000,6
volkswagen-t-roc,VW T-Roc,Volkswagen T-Roc 1.5 TSI Highline,2020,55000,1760000,6
volkswagen-t-roc,VW T-Roc,Volkswagen T-Roc 1.5 TSI Highline,2020,51000,1849000,6
volkswagen-t-roc,VW T-Roc,Volkswagen T-Roc 1.5 TSI Highline,2020,75000,1690000,6
volkswagen-t-roc,VW T-Roc,Volkswagen T-Roc 1.5 TSI Highline,2020,92000,1695000,6
volkswagen-t-roc,VW T-Roc,Volkswagen T-Roc 1.5 TSI R-Line,2020,85300,1875000,6
volkswagen-t-roc,VW T-Roc,Volkswagen T-Roc 1.5 TSI R-Line,2020,29500,1995000,6
volkswagen-t-roc,VW T-Roc,Volkswagen T-Roc 1.5 TSI Highline,2020,107000,1586000,6
volkswagen-t-roc,VW T-Roc,Volkswagen T-Roc 1.5 TSI R-Line,2020,85000,1600000,6
volkswagen-t-roc,VW T-Roc,Volkswagen T-Roc 1.5 TSI Highline,2020,92100,1749500,6
volkswagen-t-roc,VW T-Roc,Volkswagen T-Roc 1.5 TSI Highline,2020,65000,1875000,6
volkswagen-t-roc,VW T-Roc,Volkswagen T-Roc 1.5 TSI Highline,2020,103000,1760000,6
volkswagen-t-roc,VW T-Roc,Volkswagen T-Roc 1.5 TSI Highline,2020,118000,1550000,6
volkswagen-t-roc,VW T-Roc,Volkswagen T-Roc 1.5 TSI Highline,2020,62000,1698850,6
volkswagen-t-roc,VW T-Roc,Volkswagen T-Roc 1.5 TSI Highline,2020,97000,1780000,6
volkswagen-t-roc,VW T-Roc,Volkswagen T-Roc 1.5 TSI Highline,2020,83000,1745000,6
volkswagen-t-roc,VW T-Roc,Volkswagen T-Roc 1.5 TSI Highline,2020,99942,1765000,6
volkswagen-t-roc,VW T-Roc,Volkswagen T-Roc 1.5 TSI Highline,2020,95500,1900000,6
volkswagen-t-roc,VW T-Roc,Volkswagen T-Roc 1.5 TSI Highline,2020,96000,1675000,6
volkswagen-t-roc,VW T-Roc,Volkswagen T-Roc 1.5 TSI Highline,2020,137000,1679000,6
volkswagen-t-roc,VW T-Roc,Volkswagen T-Roc 1.5 TSI Highline,2020,83000,1799000,6
volkswagen-t-roc,VW T-Roc,Volkswagen T-Roc 1.5 TSI Highline,2020,93500,1850000,6
volkswagen-t-roc,VW T-Roc,Volkswagen T-Roc 1.5 TSI Highline,2020,78000,1780000,6
volkswagen-t-roc,VW T-Roc,Volkswagen T-Roc 1.5 TSI Highline,2020,40000,1850000,6
volkswagen-t-roc,VW T-Roc,Volkswagen T-Roc 1.5 TSI Highline,2020,43000,1830000,6
volkswagen-t-roc,VW T-Roc,Volkswagen T-Roc 1.5 TSI Highline,2020,56000,1740000,6
volkswagen-t-roc,VW T-Roc,Volkswagen T-Roc 1.5 TSI Highline,2020,78800,1790000,6
volkswagen-t-roc,VW T-Roc,Volkswagen T-Roc 1.5 TSI Highline,2020,58000,1670000,6
volkswagen-t-roc,VW T-Roc,Volkswagen T-Roc 1.5 TSI Highline,2020,57750,1790000,6
volkswagen-t-roc,VW T-Roc,Volkswagen T-Roc 1.5 TSI Highline,2020,88000,1780000,6
volkswagen-t-roc,VW T-Roc,Volkswagen T-Roc 1.5 TSI Highline,2020,85000,1765000,6
volkswagen-t-roc,VW T-Roc,Volkswagen T-Roc 1.5 TSI Highline,2020,95000,1595000,6
volkswagen-t-roc,VW T-Roc,Volkswagen T-Roc 1.5 TSI Highline,2020,38000,1950000,6
volkswagen-t-roc,VW T-Roc,Volkswagen T-Roc 1.5 TSI Highline,2020,87000,1730000,6
volkswagen-t-roc,VW T-Roc,Volkswagen T-Roc 1.5 TSI Highline,2020,52000,1735000,6
volkswagen-t-roc,VW T-Roc,Volkswagen T-Roc 1.5 TSI Highline,2020,56000,1730000,6
volkswagen-t-roc,VW T-Roc,Volkswagen T-Roc 1.5 TSI Highline,2020,66000,1820000,6
volkswagen-t-roc,VW T-Roc,Volkswagen T-Roc 1.5 TSI Highline,2020,62000,1850000,6
volkswagen-t-roc,VW T-Roc,Volkswagen T-Roc 1.5 TSI Highline,2020,64000,1650000,6
volkswagen-t-roc,VW T-Roc,Volkswagen T-Roc 1.5 TSI Highline,2020,168000,1695000,6
volkswagen-t-roc,VW T-Roc,Volkswagen T-Roc 1.5 TSI Highline,2020,69000,1840000,6
volkswagen-t-roc,VW T-Roc,Volkswagen T-Roc 1.5 TSI Highline,2020,178000,1680000,6
volkswagen-t-roc,VW T-Roc,Volkswagen T-Roc 1.5 TSI Highline,2020,94000,1750000,6
volkswagen-t-roc,VW T-Roc,Volkswagen T-Roc 1.5 TSI Highline,2020,60000,1970000,6
volkswagen-t-roc,VW T-Roc,Volkswagen T-Roc 1.5 TSI Highline,2020,90000,1865000,6
volkswagen-t-roc,VW T-Roc,Volkswagen T-Roc 1.5 TSI Highline,2020,145000,1750000,6
volkswagen-t-roc,VW T-Roc,Volkswagen T-Roc 1.5 TSI Highline,2020,89000,1890000,6
volkswagen-t-roc,VW T-Roc,Volkswagen T-Roc 1.5 TSI Highline,2020,72500,1780000,6
volkswagen-t-roc,VW T-Roc,Volkswagen T-Roc 1.5 TSI Highline,2020,82000,1755000,6
volkswagen-t-roc,VW T-Roc,Volkswagen T-Roc 1.5 TSI Highline,2020,66000,1845000,6
volkswagen-t-roc,VW T-Roc,Volkswagen T-Roc 1.5 TSI Highline,2020,73846,1699999,6
volkswagen-t-roc,VW T-Roc,Volkswagen T-Roc 1.5 TSI Highline,2020,69800,1770000,6
volkswagen-t-roc,VW T-Roc,Volkswagen T-Roc 1.5 TSI Highline,2020,80000,1790000,6
volkswagen-t-roc,VW T-Roc,Volkswagen T-Roc 1.5 TSI Highline,2020,91500,1820000,6
volkswagen-t-roc,VW T-Roc,Volkswagen T-Roc 1.5 TSI Highline,2020,108000,1800000,6
volkswagen-t-roc,VW T-Roc,Volkswagen T-Roc 1.5 TSI Highline,2020,64500,1755000,6
volkswagen-t-roc,VW T-Roc,Volkswagen T-Roc 1.5 TSI Highline,2021,154000,1600000,5
volkswagen-t-roc,VW T-Roc,Volkswagen T-Roc 1.5 TSI Highline,2021,102000,1730000,5
volkswagen-t-roc,VW T-Roc,Volkswagen T-Roc 1.5 TSI Highline,2021,93000,1765000,5
volkswagen-t-roc,VW T-Roc,Volkswagen T-Roc 1.5 TSI Highline,2021,90000,1725000,5
volkswagen-t-roc,VW T-Roc,Volkswagen T-Roc 1.5 TSI Highline,2021,95000,1560000,5
volkswagen-t-roc,VW T-Roc,Volkswagen T-Roc 1.5 TSI Highline,2021,92000,1820000,5
volkswagen-t-roc,VW T-Roc,Volkswagen T-Roc 1.5 TSI Highline,2021,58000,1800000,5
volkswagen-t-roc,VW T-Roc,Volkswagen T-Roc 1.5 TSI Highline,2021,15000,1855000,5
volkswagen-t-roc,VW T-Roc,Volkswagen T-Roc 1.5 TSI Highline,2021,79000,1799000,5
volkswagen-t-roc,VW T-Roc,Volkswagen T-Roc 1.5 TSI Highline,2021,63000,1900000,5
volkswagen-t-roc,VW T-Roc,Volkswagen T-Roc 1.5 TSI Highline,2021,110000,1659000,5
volkswagen-t-roc,VW T-Roc,Volkswagen T-Roc 1.5 TSI Highline,2021,64000,1738850,5
volkswagen-t-roc,VW T-Roc,Volkswagen T-Roc 1.5 TSI Highline,2021,48000,1810000,5
volkswagen-t-roc,VW T-Roc,Volkswagen T-Roc 1.5 TSI Highline,2021,51000,1950000,5
volkswagen-t-roc,VW T-Roc,Volkswagen T-Roc 1.5 TSI Highline,2021,98000,1790000,5
volkswagen-t-roc,VW T-Roc,Volkswagen T-Roc 1.5 TSI Highline,2021,83000,1800000,5
volkswagen-t-roc,VW T-Roc,Volkswagen T-Roc 1.5 TSI Highline,2021,71000,1765000,5
volkswagen-t-roc,VW T-Roc,Volkswagen T-Roc 1.5 TSI Highline,2021,91600,1759000,5
volkswagen-t-roc,VW T-Roc,Volkswagen T-Roc 1.5 TSI Highline,2021,86000,1875000,5
volkswagen-t-roc,VW T-Roc,Volkswagen T-Roc 1.5 TSI Highline,2021,80500,1849900,5
volkswagen-t-roc,VW T-Roc,Volkswagen T-Roc 1.5 TSI Highline,2021,49000,1825000,5
volkswagen-t-roc,VW T-Roc,Volkswagen T-Roc 1.5 TSI Highline,2021,67000,1825000,5
volkswagen-t-roc,VW T-Roc,Volkswagen T-Roc 1.5 TSI Highline,2021,60000,1795000,5
volkswagen-t-roc,VW T-Roc,Volkswagen T-Roc 1.5 TSI Highline,2021,71000,1745000,5
volkswagen-t-roc,VW T-Roc,Volkswagen T-Roc 1.5 TSI Highline,2021,58000,1750000,5
volkswagen-t-roc,VW T-Roc,Volkswagen T-Roc 1.5 TSI Highline,2021,95000,1725000,5
volkswagen-t-roc,VW T-Roc,Volkswagen T-Roc 1.5 TSI Highline,2021,98000,1690000,5
volkswagen-t-roc,VW T-Roc,Volkswagen T-Roc 1.5 TSI Highline,2021,160000,1675000,5
volkswagen-t-roc,VW T-Roc,Volkswagen T-Roc 1.5 TSI Highline,2021,73500,1900000,5
volkswagen-t-roc,VW T-Roc,Volkswagen T-Roc 1.5 TSI Highline,2021,76000,1819500,5
volkswagen-t-roc,VW T-Roc,Volkswagen T-Roc 1.5 TSI Highline,2021,29500,1800000,5
volkswagen-t-roc,VW T-Roc,Volkswagen T-Roc 1.5 TSI Highline,2021,78000,1895000,5
volkswagen-t-roc,VW T-Roc,Volkswagen T-Roc 1.5 TSI Highline,2021,86000,1810000,5
volkswagen-t-roc,VW T-Roc,Volkswagen T-Roc 1.5 TSI Highline,2021,87000,1725000,5
volkswagen-t-roc,VW T-Roc,Volkswagen T-Roc 1.5 TSI Highline,2021,32000,1830000,5
volkswagen-t-roc,VW T-Roc,Volkswagen T-Roc 1.5 TSI Highline,2021,77000,1735000,5
volkswagen-t-roc,VW T-Roc,Volkswagen T-Roc 1.5 TSI Highline,2021,69000,1710000,5
volkswagen-t-roc,VW T-Roc,Volkswagen T-Roc 1.5 TSI Highline,2021,96000,1685000,5
volkswagen-t-roc,VW T-Roc,Volkswagen T-Roc 1.5 TSI Highline,2021,170615,1550000,5
volkswagen-t-roc,VW T-Roc,Volkswagen T-Roc 1.5 TSI Highline,2021,75000,1845000,5
volkswagen-t-roc,VW T-Roc,Volkswagen T-Roc 1.5 TSI Highline,2021,95600,1720000,5
volkswagen-t-roc,VW T-Roc,Volkswagen T-Roc 1.5 TSI Highline,2021,43800,1715000,5
volkswagen-t-roc,VW T-Roc,Volkswagen T-Roc 1.5 TSI Highline,2021,99000,1700000,5
volkswagen-t-roc,VW T-Roc,Volkswagen T-Roc 1.5 TSI Highline,2021,89500,1900000,5
volkswagen-t-roc,VW T-Roc,Volkswagen T-Roc 1.5 TSI Highline,2021,49000,1750000,5
volkswagen-t-roc,VW T-Roc,Volkswagen T-Roc 1.5 TSI Highline,2021,64000,1899900,5
volkswagen-t-roc,VW T-Roc,Volkswagen T-Roc 1.5 TSI Highline,2021,88000,1780000,5
volkswagen-t-roc,VW T-Roc,Volkswagen T-Roc 1.5 TSI Highline,2021,50000,1560000,5
volkswagen-t-roc,VW T-Roc,Volkswagen T-Roc 1.5 TSI Highline,2021,52000,1825000,5
volkswagen-t-roc,VW T-Roc,Volkswagen T-Roc 1.5 TSI Highline,2021,53000,1980000,5
volkswagen-t-roc,VW T-Roc,Volkswagen T-Roc 1.5 TSI Highline,2021,44000,1800000,5
volkswagen-t-roc,VW T-Roc,Volkswagen T-Roc 1.5 TSI Highline,2021,41500,1850000,5
volkswagen-t-roc,VW T-Roc,Volkswagen T-Roc 1.5 TSI Highline,2021,66000,1750000,5
volkswagen-t-roc,VW T-Roc,Volkswagen T-Roc 1.5 TSI R-Line,2021,104000,1860000,5
volkswagen-t-roc,VW T-Roc,Volkswagen T-Roc 1.5 TSI Highline,2021,110500,1820000,5
volkswagen-t-roc,VW T-Roc,Volkswagen T-Roc 1.5 TSI Highline,2021,97000,1750000,5
volkswagen-t-roc,VW T-Roc,Volkswagen T-Roc 1.5 TSI Highline,2021,113000,1700000,5
volkswagen-t-roc,VW T-Roc,Volkswagen T-Roc 1.5 TSI Highline,2021,105000,1670000,5
volkswagen-t-roc,VW T-Roc,Volkswagen T-Roc 1.5 TSI Highline,2021,70000,1850000,5
volkswagen-t-roc,VW T-Roc,Volkswagen T-Roc 1.5 TSI Highline,2021,58500,1825000,5
volkswagen-t-roc,VW T-Roc,Volkswagen T-Roc 1.5 TSI Highline,2021,80000,1759000,5
volkswagen-t-roc,VW T-Roc,Volkswagen T-Roc 1.5 TSI Highline,2021,41000,1710000,5
volkswagen-t-roc,VW T-Roc,Volkswagen T-Roc 1.5 TSI Highline,2021,88000,1770000,5
volkswagen-t-roc,VW T-Roc,Volkswagen T-Roc 1.5 TSI Highline,2021,20070,1960000,5
volkswagen-t-roc,VW T-Roc,Volkswagen T-Roc 1.5 TSI Highline,2021,112000,1815000,5
volkswagen-t-roc,VW T-Roc,Volkswagen T-Roc 1.5 TSI Highline,2021,50500,1870000,5
volkswagen-t-roc,VW T-Roc,Volkswagen T-Roc 1.5 TSI Highline,2021,63000,1810000,5
volkswagen-t-roc,VW T-Roc,Volkswagen T-Roc 1.5 TSI R-Line,2022,56000,2133000,4
volkswagen-t-roc,VW T-Roc,Volkswagen T-Roc 1.5 TSI Style,2022,36000,1760000,4
volkswagen-t-roc,VW T-Roc,Volkswagen T-Roc 1.5 TSI R-Line,2022,18000,2265000,4
volkswagen-t-roc,VW T-Roc,Volkswagen T-Roc 1.5 TSI Style,2022,23776,2095000,4
volkswagen-t-roc,VW T-Roc,Volkswagen T-Roc 1.5 TSI Life,2022,127000,1640000,4
volkswagen-t-roc,VW T-Roc,Volkswagen T-Roc 1.5 TSI Life,2022,248000,1435000,4
volkswagen-t-roc,VW T-Roc,Volkswagen T-Roc 1.5 TSI Life,2022,113000,1650000,4
volkswagen-t-roc,VW T-Roc,Volkswagen T-Roc 1.5 TSI Style,2022,80000,1749000,4
volkswagen-t-roc,VW T-Roc,Volkswagen T-Roc 1.5 TSI Style,2022,79807,1810000,4
volkswagen-t-roc,VW T-Roc,Volkswagen T-Roc 1.5 TSI Style,2022,86315,1874000,4
volkswagen-t-roc,VW T-Roc,Volkswagen T-Roc 1.5 TSI Life,2022,35000,1815000,4
volkswagen-t-roc,VW T-Roc,Volkswagen T-Roc 1.5 TSI Style,2022,36000,1935000,4
volkswagen-t-roc,VW T-Roc,Volkswagen T-Roc 1.5 TSI Style,2022,170000,1500000,4
volkswagen-t-roc,VW T-Roc,Volkswagen T-Roc 1.5 TSI Life,2022,42000,1760000,4
volkswagen-t-roc,VW T-Roc,Volkswagen T-Roc 1.5 TSI Life,2022,85000,1695000,4
volkswagen-t-roc,VW T-Roc,Volkswagen T-Roc 1.5 TSI Style,2022,97000,1829000,4
volkswagen-t-roc,VW T-Roc,Volkswagen T-Roc 1.5 TSI R-Line,2022,97817,2139000,4
volkswagen-t-roc,VW T-Roc,Volkswagen T-Roc 1.5 TSI Style,2022,69000,1995900,4
volkswagen-t-roc,VW T-Roc,Volkswagen T-Roc 1.5 TSI Life,2022,98000,1725000,4
volkswagen-t-roc,VW T-Roc,Volkswagen T-Roc 1.5 TSI Style,2022,55000,1985000,4
volkswagen-t-roc,VW T-Roc,Volkswagen T-Roc 1.5 TSI Style,2022,15000,2069000,4
volkswagen-t-roc,VW T-Roc,Volkswagen T-Roc 1.5 TSI Style,2022,117000,1718000,4
volkswagen-t-roc,VW T-Roc,Volkswagen T-Roc 1.5 TSI R-Line,2022,91000,2100000,4
volkswagen-t-roc,VW T-Roc,Volkswagen T-Roc 1.5 TSI Life,2022,47000,1885000,4
volkswagen-t-roc,VW T-Roc,Volkswagen T-Roc 1.5 TSI Style,2022,140000,1695000,4
volkswagen-t-roc,VW T-Roc,Volkswagen T-Roc 1.5 TSI Style,2022,95000,1779000,4
volkswagen-t-roc,VW T-Roc,Volkswagen T-Roc 1.5 TSI Style,2022,79000,2025000,4
volkswagen-t-roc,VW T-Roc,Volkswagen T-Roc 1.5 TSI Life,2022,64000,1709000,4
volkswagen-t-roc,VW T-Roc,Volkswagen T-Roc 1.5 TSI R-Line,2022,57000,2135000,4
volkswagen-t-roc,VW T-Roc,Volkswagen T-Roc 1.5 TSI R-Line,2022,66000,1920000,4
volkswagen-t-roc,VW T-Roc,Volkswagen T-Roc 1.5 TSI Style,2022,68100,1995000,4
volkswagen-t-roc,VW T-Roc,Volkswagen T-Roc 1.5 TSI Life,2022,130000,1599950,4
volkswagen-t-roc,VW T-Roc,Volkswagen T-Roc 1.5 TSI Style,2022,16000,2035000,4
volkswagen-t-roc,VW T-Roc,Volkswagen T-Roc 1.5 TSI Life,2022,101000,1650000,4
volkswagen-t-roc,VW T-Roc,Volkswagen T-Roc 1.5 TSI Style,2022,54000,1895000,4
volkswagen-t-roc,VW T-Roc,Volkswagen T-Roc 1.5 TSI Style,2022,35000,2350000,4
volkswagen-t-roc,VW T-Roc,Volkswagen T-Roc 1.5 TSI Style,2022,56000,1990000,4
volkswagen-t-roc,VW T-Roc,Volkswagen T-Roc 1.5 TSI R-Line,2022,23000,1735000,4
volkswagen-t-roc,VW T-Roc,Volkswagen T-Roc 1.5 TSI R-Line,2022,44500,1790000,4
volkswagen-t-roc,VW T-Roc,Volkswagen T-Roc 1.5 TSI Style,2022,158500,1699900,4
volkswagen-t-roc,VW T-Roc,Volkswagen T-Roc 1.5 TSI Style,2022,36250,1905000,4
volkswagen-t-roc,VW T-Roc,Volkswagen T-Roc 1.5 TSI Life,2022,50435,1899900,4
volkswagen-t-roc,VW T-Roc,Volkswagen T-Roc 1.5 TSI R-Line,2022,74150,2025000,4
volkswagen-t-roc,VW T-Roc,Volkswagen T-Roc 1.5 TSI Life,2022,155000,1565000,4
volkswagen-t-roc,VW T-Roc,Volkswagen T-Roc 1.5 TSI Style,2022,108000,1760000,4
volkswagen-t-roc,VW T-Roc,Volkswagen T-Roc 1.5 TSI Style,2022,98950,1869900,4
volkswagen-t-roc,VW T-Roc,Volkswagen T-Roc 1.5 TSI Style,2022,87000,1845000,4
volkswagen-t-roc,VW T-Roc,Volkswagen T-Roc 1.5 TSI Style,2022,67000,1945000,4
volkswagen-t-roc,VW T-Roc,Volkswagen T-Roc 1.5 TSI Style,2022,60000,1925000,4
volkswagen-t-roc,VW T-Roc,Volkswagen T-Roc 1.5 TSI Life,2022,154000,1525000,4
volkswagen-t-roc,VW T-Roc,Volkswagen T-Roc 1.5 TSI Life,2022,56397,1820000,4
volkswagen-t-roc,VW T-Roc,Volkswagen T-Roc 1.5 TSI Life,2022,94800,1715000,4
volkswagen-t-roc,VW T-Roc,Volkswagen T-Roc 1.5 TSI Life,2022,148000,1495000,4
volkswagen-t-roc,VW T-Roc,Volkswagen T-Roc 1.5 TSI Life,2022,116000,1598900,4
volkswagen-t-roc,VW T-Roc,Volkswagen T-Roc 1.5 TSI Life,2022,112000,1699000,4
volkswagen-t-roc,VW T-Roc,Volkswagen T-Roc 1.5 TSI Style,2022,69950,1870000,4
volkswagen-t-roc,VW T-Roc,Volkswagen T-Roc 1.5 TSI Style,2022,46000,2000000,4
volkswagen-t-roc,VW T-Roc,Volkswagen T-Roc 1.5 TSI Life,2022,28000,1719000,4
volkswagen-t-roc,VW T-Roc,Volkswagen T-Roc 1.5 TSI Style,2022,159000,1585000,4
volkswagen-t-roc,VW T-Roc,Volkswagen T-Roc 1.5 TSI Life,2022,127000,1630000,4
volkswagen-t-roc,VW T-Roc,Volkswagen T-Roc 1.5 TSI Life,2022,29500,1839000,4
volkswagen-t-roc,VW T-Roc,Volkswagen T-Roc 1.5 TSI Life,2022,110000,1680000,4
volkswagen-t-roc,VW T-Roc,Volkswagen T-Roc 1.5 TSI Style,2022,84000,1719850,4
volkswagen-t-roc,VW T-Roc,Volkswagen T-Roc 1.5 TSI Style,2022,61000,1430000,4
volkswagen-t-roc,VW T-Roc,Volkswagen T-Roc 1.5 TSI Life,2022,135000,1645750,4
volkswagen-t-roc,VW T-Roc,Volkswagen T-Roc 1.5 TSI Life,2022,64000,1719750,4
volkswagen-t-roc,VW T-Roc,Volkswagen T-Roc 1.5 TSI Life,2022,90000,1725000,4
volkswagen-t-roc,VW T-Roc,Volkswagen T-Roc 1.5 TSI Life,2022,147000,1567750,4
volkswagen-t-roc,VW T-Roc,Volkswagen T-Roc 1.5 TSI Life,2022,199000,1459000,4
volkswagen-t-roc,VW T-Roc,Volkswagen T-Roc 1.5 TSI Life,2022,53000,1789950,4
volkswagen-t-roc,VW T-Roc,Volkswagen T-Roc 1.5 TSI Life,2022,64000,1885000,4
volkswagen-t-roc,VW T-Roc,Volkswagen T-Roc 1.5 TSI Life,2022,80000,1840000,4
volkswagen-t-roc,VW T-Roc,Volkswagen T-Roc 1.5 TSI Life,2022,53000,1767000,4
volkswagen-t-roc,VW T-Roc,Volkswagen T-Roc 1.5 TSI Life,2022,52000,1769000,4
volkswagen-t-roc,VW T-Roc,Volkswagen T-Roc 1.5 TSI Life,2022,224000,1470000,4
volkswagen-t-roc,VW T-Roc,Volkswagen T-Roc 1.5 TSI Life,2022,39000,1789000,4
volkswagen-t-roc,VW T-Roc,Volkswagen T-Roc 1.5 TSI Life,2022,173000,1559000,4
volkswagen-t-roc,VW T-Roc,Volkswagen T-Roc 1.5 TSI Life,2022,155000,1590000,4
volkswagen-t-roc,VW T-Roc,Volkswagen T-Roc 1.5 TSI Life,2022,165000,1515000,4
volkswagen-t-roc,VW T-Roc,Volkswagen T-Roc 1.5 TSI Life,2022,175000,1497750,4
volkswagen-t-roc,VW T-Roc,Volkswagen T-Roc 1.5 TSI Life,2022,62000,1634900,4
volkswagen-t-roc,VW T-Roc,Volkswagen T-Roc 1.5 TSI Life,2022,40000,1689000,4
volkswagen-t-roc,VW T-Roc,Volkswagen T-Roc 1.5 TSI Life,2022,86000,1489500,4
volkswagen-t-roc,VW T-Roc,Volkswagen T-Roc 1.5 TSI Life,2022,105000,1645000,4
volkswagen-t-roc,VW T-Roc,Volkswagen T-Roc 1.5 TSI Life,2022,120000,1585000,4
volkswagen-t-roc,VW T-Roc,Volkswagen T-Roc 1.5 TSI R-Line,2022,49000,2245000,4
volkswagen-t-roc,VW T-Roc,Volkswagen T-Roc 1.5 TSI R-Line,2022,39000,2145000,4
volkswagen-t-roc,VW T-Roc,Volkswagen T-Roc 1.5 TSI Life,2022,58000,1790000,4
volkswagen-t-roc,VW T-Roc,Volkswagen T-Roc 1.5 TSI Life,2022,49000,1788000,4
volkswagen-t-roc,VW T-Roc,Volkswagen T-Roc 1.5 TSI R-Line,2022,40000,2225000,4
volkswagen-t-roc,VW T-Roc,Volkswagen T-Roc 1.5 TSI R-Line,2022,46500,2125000,4
volkswagen-t-roc,VW T-Roc,Volkswagen T-Roc 1.5 TSI R-Line,2022,42000,2250000,4
volkswagen-t-roc,VW T-Roc,Volkswagen T-Roc 1.5 TSI R-Line,2022,56000,2090000,4
volkswagen-t-roc,VW T-Roc,Volkswagen T-Roc 1.5 TSI R-Line,2022,12400,2130000,4
volkswagen-t-roc,VW T-Roc,Volkswagen T-Roc 1.5 TSI R-Line,2022,53000,2180000,4
volkswagen-t-roc,VW T-Roc,Volkswagen T-Roc 1.5 TSI R-Line,2022,46000,2120000,4
volkswagen-t-roc,VW T-Roc,Volkswagen T-Roc 1.5 TSI R-Line,2022,38500,2195000,4
volkswagen-t-roc,VW T-Roc,Volkswagen T-Roc 1.5 TSI Life,2022,72000,1738000,4
volkswagen-t-roc,VW T-Roc,Volkswagen T-Roc 1.5 TSI Life,2022,110000,1659900,4
volkswagen-t-roc,VW T-Roc,Volkswagen T-Roc 1.5 TSI Life,2022,54000,1768000,4
volkswagen-t-roc,VW T-Roc,Volkswagen T-Roc 1.5 TSI Style,2022,75000,1859000,4
volkswagen-t-roc,VW T-Roc,Volkswagen T-Roc 1.5 TSI Life,2022,50000,1805000,4
volkswagen-t-roc,VW T-Roc,Volkswagen T-Roc 1.5 TSI R-Line,2022,54000,2095000,4
volkswagen-t-roc,VW T-Roc,Volkswagen T-Roc 1.5 TSI Style,2022,128240,1645000,4
volkswagen-t-roc,VW T-Roc,Volkswagen T-Roc 1.5 TSI Style,2022,192000,1557750,4
volkswagen-t-roc,VW T-Roc,Volkswagen T-Roc 1.5 TSI Style,2022,114000,1785000,4
volkswagen-t-roc,VW T-Roc,Volkswagen T-Roc 1.5 TSI R-Line,2022,114000,1840000,4
volkswagen-t-roc,VW T-Roc,Volkswagen T-Roc 1.5 TSI R-Line,2022,38000,2099058,4
volkswagen-t-roc,VW T-Roc,Volkswagen T-Roc 1.5 TSI Life,2022,108000,1575000,4
volkswagen-t-roc,VW T-Roc,Volkswagen T-Roc 1.5 TSI Style,2022,43000,1975000,4
volkswagen-t-roc,VW T-Roc,Volkswagen T-Roc 1.5 TSI Style,2022,25000,2000000,4
volkswagen-t-roc,VW T-Roc,Volkswagen T-Roc 1.5 TSI Life,2022,75000,1850000,4
volkswagen-t-roc,VW T-Roc,Volkswagen T-Roc 1.5 TSI R-Line,2022,60000,1979000,4
volkswagen-t-roc,VW T-Roc,Volkswagen T-Roc 1.5 TSI Style,2022,57000,1970000,4
volkswagen-t-roc,VW T-Roc,Volkswagen T-Roc 1.5 TSI Life,2022,97000,1719000,4
volkswagen-t-roc,VW T-Roc,Volkswagen T-Roc 1.5 TSI Style,2022,59000,1865000,4
volkswagen-t-roc,VW T-Roc,Volkswagen T-Roc 1.5 TSI Style,2022,52000,2100000,4
volkswagen-t-roc,VW T-Roc,Volkswagen T-Roc 1.5 TSI Style,2022,47000,1775000,4
volkswagen-t-roc,VW T-Roc,Volkswagen T-Roc 1.5 TSI Life,2022,91265,1785000,4
volkswagen-t-roc,VW T-Roc,Volkswagen T-Roc 1.5 TSI R-Line,2022,104000,2000000,4
volkswagen-t-roc,VW T-Roc,Volkswagen T-Roc 1.5 TSI Life,2022,110000,1680000,4
volkswagen-t-roc,VW T-Roc,Volkswagen T-Roc 1.5 TSI R-Line,2022,52000,2080000,4
volkswagen-t-roc,VW T-Roc,Volkswagen T-Roc 1.5 TSI Style,2022,31000,1530000,4
volkswagen-t-roc,VW T-Roc,Volkswagen T-Roc 1.5 TSI R-Line,2022,22500,2220000,4
volkswagen-t-roc,VW T-Roc,Volkswagen T-Roc 1.5 TSI R-Line,2022,45200,2090000,4
volkswagen-t-roc,VW T-Roc,Volkswagen T-Roc 1.5 TSI R-Line,2022,66000,2075000,4
volkswagen-t-roc,VW T-Roc,Volkswagen T-Roc 1.5 TSI Style,2022,123000,1640000,4
volkswagen-t-roc,VW T-Roc,Volkswagen T-Roc 1.5 TSI R-Line,2022,48000,2050000,4
volkswagen-t-roc,VW T-Roc,Volkswagen T-Roc 1.5 TSI R-Line,2022,75000,2099900,4
volkswagen-t-roc,VW T-Roc,Volkswagen T-Roc 1.5 TSI R-Line,2022,18500,2300000,4
volkswagen-t-roc,VW T-Roc,Volkswagen T-Roc 1.5 TSI Life,2022,79000,1820000,4
volkswagen-t-roc,VW T-Roc,Volkswagen T-Roc 1.5 TSI R-Line,2022,93000,1950000,4
volkswagen-t-roc,VW T-Roc,Volkswagen T-Roc 1.5 TSI R-Line,2022,45000,2175000,4
volkswagen-t-roc,VW T-Roc,Volkswagen T-Roc 1.5 TSI R-Line,2022,23000,2300000,4
volkswagen-t-roc,VW T-Roc,Volkswagen T-Roc 1.5 TSI Style,2022,86500,1819000,4
volkswagen-t-roc,VW T-Roc,Volkswagen T-Roc 1.5 TSI Style,2022,68000,1965000,4
volkswagen-t-roc,VW T-Roc,Volkswagen T-Roc 1.5 TSI R-Line,2022,85000,1980000,4
volkswagen-t-roc,VW T-Roc,Volkswagen T-Roc 1.5 TSI Life,2022,37500,1860000,4
volkswagen-t-roc,VW T-Roc,Volkswagen T-Roc 1.5 TSI Style,2022,68000,1835000,4
volkswagen-t-roc,VW T-Roc,Volkswagen T-Roc 1.5 TSI R-Line,2022,16000,2230000,4
volkswagen-t-roc,VW T-Roc,Volkswagen T-Roc 1.5 TSI Style,2022,129600,1660000,4
volkswagen-t-roc,VW T-Roc,Volkswagen T-Roc 1.5 TSI Style,2022,31000,2200000,4
volkswagen-t-roc,VW T-Roc,Volkswagen T-Roc 1.5 TSI Style,2022,80000,1920500,4
volkswagen-t-roc,VW T-Roc,Volkswagen T-Roc 1.5 TSI Style,2022,40420,1930000,4
volkswagen-t-roc,VW T-Roc,Volkswagen T-Roc 1.5 TSI R-Line,2022,121000,1940000,4
volkswagen-t-roc,VW T-Roc,Volkswagen T-Roc 1.5 TSI Style,2022,83000,1825000,4
volkswagen-t-roc,VW T-Roc,Volkswagen T-Roc 1.5 TSI R-Line,2022,34500,2070000,4
volkswagen-t-roc,VW T-Roc,Volkswagen T-Roc 1.5 TSI Style,2023,56000,1915000,3
volkswagen-t-roc,VW T-Roc,Volkswagen T-Roc 1.5 TSI Life,2023,93750,1715000,3
volkswagen-t-roc,VW T-Roc,Volkswagen T-Roc 1.5 TSI Style,2023,38000,1968749,3
volkswagen-t-roc,VW T-Roc,Volkswagen T-Roc 1.5 TSI Life,2023,28000,1698000,3
volkswagen-t-roc,VW T-Roc,Volkswagen T-Roc 1.5 TSI Life,2023,81000,1925000,3
volkswagen-t-roc,VW T-Roc,Volkswagen T-Roc 1.5 TSI R-Line,2023,48000,2250000,3
volkswagen-t-roc,VW T-Roc,Volkswagen T-Roc 1.5 TSI Life,2023,79054,1790000,3
volkswagen-t-roc,VW T-Roc,Volkswagen T-Roc 1.5 TSI Life,2023,81000,1709000,3
volkswagen-t-roc,VW T-Roc,Volkswagen T-Roc 1.5 TSI Life,2023,116000,1695000,3
volkswagen-t-roc,VW T-Roc,Volkswagen T-Roc 1.5 TSI Life,2023,88000,1790000,3
volkswagen-t-roc,VW T-Roc,Volkswagen T-Roc 1.5 TSI Life,2023,41000,1875000,3
volkswagen-t-roc,VW T-Roc,Volkswagen T-Roc 1.5 TSI R-Line,2023,37000,2172500,3
volkswagen-t-roc,VW T-Roc,Volkswagen T-Roc 1.5 TSI Life,2023,99000,1725000,3
volkswagen-t-roc,VW T-Roc,Volkswagen T-Roc 1.5 TSI Style,2023,91000,1799000,3
volkswagen-t-roc,VW T-Roc,Volkswagen T-Roc 1.5 TSI Life,2023,104000,1579000,3
volkswagen-t-roc,VW T-Roc,Volkswagen T-Roc 1.5 TSI Style,2023,62000,1950000,3
volkswagen-t-roc,VW T-Roc,Volkswagen T-Roc 1.5 TSI Life,2023,117461,1610000,3
volkswagen-t-roc,VW T-Roc,Volkswagen T-Roc 1.5 TSI R-Line,2023,51200,2165000,3
volkswagen-t-roc,VW T-Roc,Volkswagen T-Roc 1.5 TSI Life,2023,111000,1685000,3
volkswagen-t-roc,VW T-Roc,Volkswagen T-Roc 1.5 TSI Style,2023,51000,1599750,3
volkswagen-t-roc,VW T-Roc,Volkswagen T-Roc 1.5 TSI Style,2023,54000,1865000,3
volkswagen-t-roc,VW T-Roc,Volkswagen T-Roc 1.5 TSI R-Line,2023,60000,2200000,3
volkswagen-t-roc,VW T-Roc,Volkswagen T-Roc 1.5 TSI R-Line,2023,47300,2290000,3
volkswagen-t-roc,VW T-Roc,Volkswagen T-Roc 1.5 TSI R-Line,2023,26000,2240000,3
volkswagen-t-roc,VW T-Roc,Volkswagen T-Roc 1.5 TSI R-Line,2023,29000,2289750,3
volkswagen-t-roc,VW T-Roc,Volkswagen T-Roc 1.5 TSI Life,2023,68000,1699900,3
volkswagen-t-roc,VW T-Roc,Volkswagen T-Roc 1.5 TSI Life,2023,74932,1775000,3
volkswagen-t-roc,VW T-Roc,Volkswagen T-Roc 1.5 TSI Life,2023,26200,1920000,3
volkswagen-t-roc,VW T-Roc,Volkswagen T-Roc 1.5 TSI Style,2023,28000,2150000,3
volkswagen-t-roc,VW T-Roc,Volkswagen T-Roc 1.5 TSI Style,2023,20000,1985000,3
volkswagen-t-roc,VW T-Roc,Volkswagen T-Roc 1.5 TSI Style,2023,77000,1920000,3
volkswagen-t-roc,VW T-Roc,Volkswagen T-Roc 1.5 TSI Life,2023,64800,1740000,3
volkswagen-t-roc,VW T-Roc,Volkswagen T-Roc 1.5 TSI Life,2023,23000,1808000,3
volkswagen-t-roc,VW T-Roc,Volkswagen T-Roc 1.5 TSI Life,2023,132000,1645000,3
volkswagen-t-roc,VW T-Roc,Volkswagen T-Roc 1.5 TSI Life,2023,110900,1645000,3
volkswagen-t-roc,VW T-Roc,Volkswagen T-Roc 1.5 TSI Style,2023,21237,2050000,3
volkswagen-t-roc,VW T-Roc,Volkswagen T-Roc 1.5 TSI Style,2023,49600,1915000,3
volkswagen-t-roc,VW T-Roc,Volkswagen T-Roc 1.5 TSI Life,2023,92000,1619000,3
volkswagen-t-roc,VW T-Roc,Volkswagen T-Roc 1.5 TSI Life,2023,96000,1699000,3
volkswagen-t-roc,VW T-Roc,Volkswagen T-Roc 1.5 TSI Style,2023,75000,1895000,3
volkswagen-t-roc,VW T-Roc,Volkswagen T-Roc 1.5 TSI Life,2023,85000,1615900,3
volkswagen-t-roc,VW T-Roc,Volkswagen T-Roc 1.5 TSI R-Line,2023,6001,2395000,3
volkswagen-t-roc,VW T-Roc,Volkswagen T-Roc 1.5 TSI Life,2023,96000,1819000,3
volkswagen-t-roc,VW T-Roc,Volkswagen T-Roc 1.5 TSI R-Line,2023,61947,2190000,3
volkswagen-t-roc,VW T-Roc,Volkswagen T-Roc 1.5 TSI Style,2023,41500,2010000,3
volkswagen-t-roc,VW T-Roc,Volkswagen T-Roc 1.5 TSI Style,2023,36500,2095000,3
volkswagen-t-roc,VW T-Roc,Volkswagen T-Roc 1.5 TSI Life,2023,33800,1866500,3
volkswagen-t-roc,VW T-Roc,Volkswagen T-Roc 1.5 TSI Life,2023,65000,1804000,3
volkswagen-t-roc,VW T-Roc,Volkswagen T-Roc 1.5 TSI Life,2023,147000,1775000,3
volkswagen-t-roc,VW T-Roc,Volkswagen T-Roc 1.5 TSI Life,2023,69000,1789900,3
volkswagen-t-roc,VW T-Roc,Volkswagen T-Roc 1.5 TSI Life,2023,18000,1995000,3
volkswagen-t-roc,VW T-Roc,Volkswagen T-Roc 1.5 TSI Life,2023,64000,1792000,3
volkswagen-t-roc,VW T-Roc,Volkswagen T-Roc 1.5 TSI Life,2023,95000,1699000,3
volkswagen-t-roc,VW T-Roc,Volkswagen T-Roc 1.5 TSI Life,2023,90000,1659900,3
volkswagen-t-roc,VW T-Roc,Volkswagen T-Roc 1.5 TSI Life,2023,79000,1719900,3
volkswagen-t-roc,VW T-Roc,Volkswagen T-Roc 1.5 TSI R-Line,2023,17000,2245000,3
volkswagen-t-roc,VW T-Roc,Volkswagen T-Roc 1.5 TSI Style,2023,40000,2010000,3
volkswagen-t-roc,VW T-Roc,Volkswagen T-Roc 1.5 TSI Style,2023,45315,1955000,3
volkswagen-t-roc,VW T-Roc,Volkswagen T-Roc 1.5 TSI Style,2023,35000,1695000,3
volkswagen-t-roc,VW T-Roc,Volkswagen T-Roc 1.5 TSI Style,2023,57500,1919000,3
volkswagen-t-roc,VW T-Roc,Volkswagen T-Roc 1.5 TSI Style,2023,82000,1865000,3
volkswagen-t-roc,VW T-Roc,Volkswagen T-Roc 1.5 TSI Style,2023,71000,1855000,3
volkswagen-t-roc,VW T-Roc,Volkswagen T-Roc 1.5 TSI R-Line,2023,39000,2195000,3
volkswagen-t-roc,VW T-Roc,Volkswagen T-Roc 1.5 TSI R-Line,2023,19000,2250000,3
volkswagen-t-roc,VW T-Roc,Volkswagen T-Roc 1.5 TSI R-Line,2023,38000,2248000,3
volkswagen-t-roc,VW T-Roc,Volkswagen T-Roc 1.5 TSI R-Line,2023,30000,2250000,3
volkswagen-t-roc,VW T-Roc,Volkswagen T-Roc 1.5 TSI R-Line,2023,35000,2230000,3
volkswagen-t-roc,VW T-Roc,Volkswagen T-Roc 1.5 TSI R-Line,2023,70000,2250000,3
volkswagen-t-roc,VW T-Roc,Volkswagen T-Roc 1.5 TSI R-Line,2023,52000,2150000,3
volkswagen-t-roc,VW T-Roc,Volkswagen T-Roc 1.5 TSI R-Line,2023,50000,2085000,3
volkswagen-t-roc,VW T-Roc,Volkswagen T-Roc 1.5 TSI R-Line,2023,37000,2125000,3
volkswagen-t-roc,VW T-Roc,Volkswagen T-Roc 1.5 TSI R-Line,2023,62000,1949000,3
volkswagen-t-roc,VW T-Roc,Volkswagen T-Roc 1.5 TSI R-Line,2023,85000,1900000,3
volkswagen-t-roc,VW T-Roc,Volkswagen T-Roc 1.5 TSI R-Line,2023,69000,2165000,3
volkswagen-t-roc,VW T-Roc,Volkswagen T-Roc 1.5 TSI Style,2023,50000,2099000,3
volkswagen-t-roc,VW T-Roc,Volkswagen T-Roc 1.5 TSI R-Line,2023,17000,2300000,3
volkswagen-t-roc,VW T-Roc,Volkswagen T-Roc 1.5 TSI R-Line,2023,40000,2175000,3
volkswagen-t-roc,VW T-Roc,Volkswagen T-Roc 1.5 TSI Life,2023,58000,1770000,3
volkswagen-t-roc,VW T-Roc,Volkswagen T-Roc 1.5 TSI Life,2023,110000,1700000,3
volkswagen-t-roc,VW T-Roc,Volkswagen T-Roc 1.5 TSI R-Line,2023,36451,1725000,3
volkswagen-t-roc,VW T-Roc,Volkswagen T-Roc 1.5 TSI R-Line,2023,48000,2080000,3
volkswagen-t-roc,VW T-Roc,Volkswagen T-Roc 1.5 TSI Style,2023,100000,1800000,3
volkswagen-t-roc,VW T-Roc,Volkswagen T-Roc 1.5 TSI Style,2023,16900,2056650,3
volkswagen-t-roc,VW T-Roc,Volkswagen T-Roc 1.5 TSI R-Line,2023,6500,2420000,3
volkswagen-t-roc,VW T-Roc,Volkswagen T-Roc 1.5 TSI Style,2023,18500,2255500,3
volkswagen-t-roc,VW T-Roc,Volkswagen T-Roc 1.5 TSI Life,2023,95000,1775000,3
volkswagen-t-roc,VW T-Roc,Volkswagen T-Roc 1.5 TSI R-Line,2023,49800,2350000,3
volkswagen-t-roc,VW T-Roc,Volkswagen T-Roc 1.5 TSI R-Line,2023,90645,2085000,3
volkswagen-t-roc,VW T-Roc,Volkswagen T-Roc 1.5 TSI R-Line,2023,31000,2275000,3
volkswagen-t-roc,VW T-Roc,Volkswagen T-Roc 1.5 TSI Life,2023,83000,1785000,3
volkswagen-t-roc,VW T-Roc,Volkswagen T-Roc 1.5 TSI Life,2023,65000,1839000,3
volkswagen-t-roc,VW T-Roc,Volkswagen T-Roc 1.5 TSI R-Line,2023,55000,2158000,3
volkswagen-t-roc,VW T-Roc,Volkswagen T-Roc 1.5 TSI R-Line,2023,34600,2389000,3
volkswagen-t-roc,VW T-Roc,Volkswagen T-Roc 1.5 TSI R-Line,2023,37000,2225000,3
volkswagen-t-roc,VW T-Roc,Volkswagen T-Roc 1.5 TSI Life,2023,19900,1900000,3
volkswagen-t-roc,VW T-Roc,Volkswagen T-Roc 1.5 TSI Style,2023,19000,2155000,3
volkswagen-t-roc,VW T-Roc,Volkswagen T-Roc 1.5 TSI R-Line,2023,43000,2099000,3
volkswagen-t-roc,VW T-Roc,Volkswagen T-Roc 1.5 TSI Life,2023,113000,1595000,3
volkswagen-t-roc,VW T-Roc,Volkswagen T-Roc 1.5 TSI R-Line,2023,37000,2235000,3
volkswagen-t-roc,VW T-Roc,Volkswagen T-Roc 1.5 TSI Style,2023,119000,1819500,3
volkswagen-t-roc,VW T-Roc,Volkswagen T-Roc 1.5 TSI R-Line,2023,56000,2295000,3
volkswagen-t-roc,VW T-Roc,Volkswagen T-Roc 1.5 TSI Style,2023,31000,1945000,3
volkswagen-t-roc,VW T-Roc,Volkswagen T-Roc 1.5 TSI R-Line,2023,51900,2129000,3
volkswagen-t-roc,VW T-Roc,Volkswagen T-Roc 1.5 TSI Style,2023,70650,1850000,3
volkswagen-t-roc,VW T-Roc,Volkswagen T-Roc 1.5 TSI Style,2023,42000,2150000,3
volkswagen-t-roc,VW T-Roc,Volkswagen T-Roc 1.5 TSI Style,2023,30000,2150000,3
volkswagen-t-roc,VW T-Roc,Volkswagen T-Roc 1.5 TSI Life,2023,82000,1785000,3
volkswagen-t-roc,VW T-Roc,Volkswagen T-Roc 1.5 TSI Style,2023,43000,1960000,3
volkswagen-t-roc,VW T-Roc,Volkswagen T-Roc 1.5 TSI Style,2023,28500,2050000,3
volkswagen-t-roc,VW T-Roc,Volkswagen T-Roc 1.5 TSI Style,2023,25000,2100000,3
volkswagen-t-roc,VW T-Roc,Volkswagen T-Roc 1.5 TSI R-Line,2023,43000,2310000,3
volkswagen-t-roc,VW T-Roc,Volkswagen T-Roc 1.5 TSI Style,2023,56000,1950000,3
volkswagen-t-roc,VW T-Roc,Volkswagen T-Roc 1.5 TSI Style,2023,60000,1980000,3
volkswagen-t-roc,VW T-Roc,Volkswagen T-Roc 1.5 TSI R-Line,2023,33000,2490000,3
volkswagen-t-roc,VW T-Roc,Volkswagen T-Roc 1.5 TSI Life,2023,75500,1810000,3
volkswagen-t-roc,VW T-Roc,Volkswagen T-Roc 1.5 TSI Life,2023,27000,1950000,3
volkswagen-t-roc,VW T-Roc,Volkswagen T-Roc 1.5 TSI Style,2023,10900,2250000,3
volkswagen-t-roc,VW T-Roc,Volkswagen T-Roc 1.5 TSI R-Line,2023,13000,2550000,3
volkswagen-t-roc,VW T-Roc,Volkswagen T-Roc 1.5 TSI Style,2023,34000,2025000,3
volkswagen-t-roc,VW T-Roc,Volkswagen T-Roc 1.5 TSI Style,2023,50000,2090000,3
volkswagen-t-roc,VW T-Roc,Volkswagen T-Roc 1.5 TSI Style,2023,39000,2200000,3
volkswagen-t-roc,VW T-Roc,Volkswagen T-Roc 1.5 TSI R-Line,2023,39000,2099999,3
volkswagen-t-roc,VW T-Roc,Volkswagen T-Roc 1.5 TSI R-Line,2023,29000,2200000,3
volkswagen-t-roc,VW T-Roc,Volkswagen T-Roc 1.5 TSI R-Line,2023,34900,2280000,3
volkswagen-t-roc,VW T-Roc,Volkswagen T-Roc 1.5 TSI R-Line,2023,40500,1890000,3
volkswagen-t-roc,VW T-Roc,Volkswagen T-Roc 1.5 TSI Life,2024,64000,1860000,2
volkswagen-t-roc,VW T-Roc,Volkswagen T-Roc 1.5 TSI Style,2024,23000,2049000,2
volkswagen-t-roc,VW T-Roc,Volkswagen T-Roc 1.5 TSI R-Line,2024,27713,2255000,2
volkswagen-t-roc,VW T-Roc,Volkswagen T-Roc 1.5 TSI Style,2024,17000,2099000,2
volkswagen-t-roc,VW T-Roc,Volkswagen T-Roc 1.5 TSI Style,2024,27000,1850000,2
volkswagen-t-roc,VW T-Roc,Volkswagen T-Roc 1.5 TSI R-Line,2024,32500,2350000,2
volkswagen-t-roc,VW T-Roc,Volkswagen T-Roc 1.5 TSI R-Line,2024,14990,2450000,2
volkswagen-t-roc,VW T-Roc,Volkswagen T-Roc 1.5 TSI Style,2024,20755,2070000,2
volkswagen-t-roc,VW T-Roc,Volkswagen T-Roc 1.5 TSI Life,2024,42000,1859000,2
volkswagen-t-roc,VW T-Roc,Volkswagen T-Roc 1.5 TSI Life,2024,35000,1730000,2
volkswagen-t-roc,VW T-Roc,Volkswagen T-Roc 1.5 TSI Style,2024,18000,2285000,2
volkswagen-t-roc,VW T-Roc,Volkswagen T-Roc 1.5 TSI Style,2024,16000,2069000,2
volkswagen-t-roc,VW T-Roc,Volkswagen T-Roc 1.5 TSI Style,2024,14250,2075000,2
volkswagen-t-roc,VW T-Roc,Volkswagen T-Roc 1.5 TSI Style,2024,21000,2130000,2
volkswagen-t-roc,VW T-Roc,Volkswagen T-Roc 1.5 TSI Style,2024,28000,2035000,2
volkswagen-t-roc,VW T-Roc,Volkswagen T-Roc 1.5 TSI Life,2024,14000,1949000,2
volkswagen-t-roc,VW T-Roc,Volkswagen T-Roc 1.5 TSI Life,2024,26000,1915000,2
volkswagen-t-roc,VW T-Roc,Volkswagen T-Roc 1.5 TSI Life,2024,82000,1819000,2
volkswagen-t-roc,VW T-Roc,Volkswagen T-Roc 1.5 TSI Style,2024,10700,2060000,2
volkswagen-t-roc,VW T-Roc,Volkswagen T-Roc 1.5 TSI Life,2024,25500,1935000,2
volkswagen-t-roc,VW T-Roc,Volkswagen T-Roc 1.5 TSI Style,2024,43750,2060000,2
volkswagen-t-roc,VW T-Roc,Volkswagen T-Roc 1.5 TSI Style,2024,18000,2055000,2
volkswagen-t-roc,VW T-Roc,Volkswagen T-Roc 1.5 TSI Life,2024,51877,1949750,2
volkswagen-t-roc,VW T-Roc,Volkswagen T-Roc 1.5 TSI Life,2024,27301,1929900,2
volkswagen-t-roc,VW T-Roc,Volkswagen T-Roc 1.5 TSI Life,2024,18661,1989000,2
volkswagen-t-roc,VW T-Roc,Volkswagen T-Roc 1.5 TSI Style,2024,36000,2080000,2
volkswagen-t-roc,VW T-Roc,Volkswagen T-Roc 1.5 TSI R-Line,2024,32000,2289000,2
volkswagen-t-roc,VW T-Roc,Volkswagen T-Roc 1.5 TSI R-Line,2024,23000,2309500,2
volkswagen-t-roc,VW T-Roc,Volkswagen T-Roc 1.5 TSI R-Line,2024,34000,2299000,2
volkswagen-t-roc,VW T-Roc,Volkswagen T-Roc 1.5 TSI R-Line,2024,21000,2225000,2
volkswagen-t-roc,VW T-Roc,Volkswagen T-Roc 1.5 TSI Style,2024,6500,1755500,2
volkswagen-t-roc,VW T-Roc,Volkswagen T-Roc 1.5 TSI R-Line,2024,29000,2400000,2
volkswagen-t-roc,VW T-Roc,Volkswagen T-Roc 1.5 TSI Life,2024,15000,1960000,2
volkswagen-t-roc,VW T-Roc,Volkswagen T-Roc 1.5 TSI Style,2024,19000,2120000,2
volkswagen-t-roc,VW T-Roc,Volkswagen T-Roc 1.5 TSI Style,2024,7000,2195000,2
volkswagen-t-roc,VW T-Roc,Volkswagen T-Roc 1.5 TSI Style,2024,27000,2049000,2
volkswagen-t-roc,VW T-Roc,Volkswagen T-Roc 1.5 TSI Life,2024,14000,1925000,2
volkswagen-t-roc,VW T-Roc,Volkswagen T-Roc 1.5 TSI Style,2024,24000,2098750,2
volkswagen-t-roc,VW T-Roc,Volkswagen T-Roc 1.5 TSI R-Line,2024,15000,2385000,2
volkswagen-t-roc,VW T-Roc,Volkswagen T-Roc 1.5 TSI Style,2024,73000,1819000,2
volkswagen-t-roc,VW T-Roc,Volkswagen T-Roc 1.5 TSI Life,2024,28500,1979000,2
volkswagen-t-roc,VW T-Roc,Volkswagen T-Roc 1.5 TSI Life,2024,61300,1910000,2
volkswagen-t-roc,VW T-Roc,Volkswagen T-Roc 1.5 TSI Life,2024,25086,1965000,2
volkswagen-t-roc,VW T-Roc,Volkswagen T-Roc 1.5 TSI Life,2024,11204,1985000,2
volkswagen-t-roc,VW T-Roc,Volkswagen T-Roc 1.5 TSI R-Line,2024,34000,2309950,2
volkswagen-t-roc,VW T-Roc,Volkswagen T-Roc 1.5 TSI Life,2024,44000,1985000,2
volkswagen-t-roc,VW T-Roc,Volkswagen T-Roc 1.5 TSI Style,2024,26300,2090000,2
volkswagen-t-roc,VW T-Roc,Volkswagen T-Roc 1.5 TSI Style,2024,24000,2070000,2
volkswagen-t-roc,VW T-Roc,Volkswagen T-Roc 1.5 TSI R-Line,2024,6001,2550000,2
volkswagen-t-roc,VW T-Roc,Volkswagen T-Roc 1.5 TSI Style,2024,6985,2140000,2
volkswagen-t-roc,VW T-Roc,Volkswagen T-Roc 1.5 TSI R-Line,2024,19000,2489000,2
volkswagen-t-roc,VW T-Roc,Volkswagen T-Roc 1.5 TSI Life,2024,26000,1950000,2
volkswagen-t-roc,VW T-Roc,Volkswagen T-Roc 1.5 TSI Style,2024,25000,2385000,2
volkswagen-t-roc,VW T-Roc,Volkswagen T-Roc 1.5 TSI Style,2024,20300,2200000,2
volkswagen-t-roc,VW T-Roc,Volkswagen T-Roc 1.5 TSI Life,2025,11000,2090000,1
volkswagen-t-roc,VW T-Roc,Volkswagen T-Roc 1.5 TSI Life,2025,12000,2095000,1
volkswagen-t-roc,VW T-Roc,Volkswagen T-Roc 1.5 TSI Style,2025,11000,2195000,1
volkswagen-t-roc,VW T-Roc,Volkswagen T-Roc 1.5 TSI Life,2025,15750,1898750,1
volkswagen-t-roc,VW T-Roc,Volkswagen T-Roc 1.5 TSI R-Line,2025,8000,2600000,1
volkswagen-t-roc,VW T-Roc,Volkswagen T-Roc 1.5 TSI Style,2025,14000,2220000,1
volkswagen-t-roc,VW T-Roc,Volkswagen T-Roc 1.5 TSI Life,2025,6001,2150000,1
volkswagen-t-roc,VW T-Roc,Volkswagen T-Roc 1.5 TSI Style,2025,6001,2350000,1
volkswagen-t-roc,VW T-Roc,Volkswagen T-Roc 1.5 TSI R-Line,2025,6001,2550000,1
volkswagen-t-roc,VW T-Roc,Volkswagen T-Roc 1.5 TSI Style,2025,10100,2250000,1
volkswagen-t-roc,VW T-Roc,Volkswagen T-Roc 1.5 TSI R-Line,2025,9500,2365000,1
volkswagen-t-roc,VW T-Roc,Volkswagen T-Roc 1.5 TSI Life,2025,7000,2200000,1
volkswagen-t-roc,VW T-Roc,Volkswagen T-Roc 1.5 TSI Life,2025,6001,2150000,1
volkswagen-t-roc,VW T-Roc,Volkswagen T-Roc 1.5 TSI Style,2025,10400,2170000,1
volkswagen-t-roc,VW T-Roc,Volkswagen T-Roc 1.5 TSI Style,2025,6500,2295000,1
volkswagen-t-roc,VW T-Roc,Volkswagen T-Roc 1.5 TSI Style,2025,7000,2195000,1
volkswagen-t-roc,VW T-Roc,Volkswagen T-Roc 1.5 TSI Style,2025,19000,2089500,1
volkswagen-t-roc,VW T-Roc,Volkswagen T-Roc 1.5 TSI R-Line,2025,21300,2330000,1
volkswagen-t-roc,VW T-Roc,Volkswagen T-Roc 1.5 TSI Style,2025,6001,2225000,1
volkswagen-t-roc,VW T-Roc,Volkswagen T-Roc 1.5 TSI Life,2025,12500,1980000,1
volkswagen-t-roc,VW T-Roc,Volkswagen T-Roc 1.5 TSI Life,2025,81000,1860000,1
volkswagen-t-roc,VW T-Roc,Volkswagen T-Roc 1.5 TSI Style,2025,6500,2115000,1
volkswagen-t-roc,VW T-Roc,Volkswagen T-Roc 1.5 TSI R-Line,2025,6001,2495000,1
volkswagen-t-roc,VW T-Roc,Volkswagen T-Roc 1.5 TSI R-Line,2025,49000,2340000,1
volkswagen-t-roc,VW T-Roc,Volkswagen T-Roc 1.5 TSI Life,2025,6001,2085000,1
volkswagen-t-roc,VW T-Roc,Volkswagen T-Roc 1.5 TSI Style,2025,12800,2157500,1
volkswagen-t-roc,VW T-Roc,Volkswagen T-Roc 1.5 TSI Life,2025,13000,1950000,1
volkswagen-t-roc,VW T-Roc,Volkswagen T-Roc 1.5 TSI Style,2025,12000,2175000,1
volkswagen-t-roc,VW T-Roc,Volkswagen T-Roc 1.5 TSI Life,2025,18000,1970000,1
volkswagen-t-roc,VW T-Roc,Volkswagen T-Roc 1.5 TSI Style,2025,10000,2199999,1
volkswagen-t-roc,VW T-Roc,Volkswagen T-Roc 1.5 TSI Style,2025,9300,1999000,1
volkswagen-t-roc,VW T-Roc,Volkswagen T-Roc 1.5 TSI Life,2025,7900,2055000,1
volkswagen-t-roc,VW T-Roc,Volkswagen T-Roc 1.5 TSI R-Line,2025,40000,2285000,1
volkswagen-t-roc,VW T-Roc,Volkswagen T-Roc 1.5 TSI Life,2025,15000,2039000,1
volkswagen-t-roc,VW T-Roc,Volkswagen T-Roc 1.5 TSI R-Line,2025,6200,2735000,1
volkswagen-t-roc,VW T-Roc,Volkswagen T-Roc 1.5 TSI Life,2025,74000,1825000,1
volkswagen-t-roc,VW T-Roc,Volkswagen T-Roc 1.5 TSI Life,2025,68000,1795000,1
volkswagen-t-roc,VW T-Roc,Volkswagen T-Roc 1.5 TSI Life,2025,7600,2035000,1
volkswagen-t-roc,VW T-Roc,Volkswagen T-Roc 1.5 TSI Life,2025,10000,1975000,1
volkswagen-t-roc,VW T-Roc,Volkswagen T-Roc 1.5 TSI Life,2025,19000,1980000,1
volkswagen-t-roc,VW T-Roc,Volkswagen T-Roc 1.5 TSI Life,2025,6500,2035000,1
volkswagen-t-roc,VW T-Roc,Volkswagen T-Roc 1.5 TSI Life,2025,35000,1795000,1
volkswagen-t-roc,VW T-Roc,Volkswagen T-Roc 1.5 TSI Life,2025,6001,2325000,1
volkswagen-t-roc,VW T-Roc,Volkswagen T-Roc 1.5 TSI Style,2025,16000,2119999,1
volkswagen-t-roc,VW T-Roc,Volkswagen T-Roc 1.5 TSI Style,2025,12000,2225000,1
volkswagen-t-roc,VW T-Roc,Volkswagen T-Roc 1.5 TSI Style,2025,51000,2075000,1
volkswagen-t-roc,VW T-Roc,Volkswagen T-Roc 1.5 TSI R-Line,2025,22000,2365000,1
volkswagen-t-roc,VW T-Roc,Volkswagen T-Roc 1.5 TSI R-Line,2025,6500,2395000,1
volkswagen-t-roc,VW T-Roc,Volkswagen T-Roc 1.5 TSI R-Line,2025,19500,2420000,1
volkswagen-t-roc,VW T-Roc,Volkswagen T-Roc 1.5 TSI R-Line,2025,18000,2435000,1
volkswagen-t-roc,VW T-Roc,Volkswagen T-Roc 1.5 TSI R-Line,2025,11000,2395000,1
volkswagen-t-roc,VW T-Roc,Volkswagen T-Roc 1.5 TSI R-Line,2025,15000,2368000,1
volkswagen-t-roc,VW T-Roc,Volkswagen T-Roc 1.5 TSI R-Line,2025,26000,2370000,1
volkswagen-t-roc,VW T-Roc,Volkswagen T-Roc 1.5 TSI R-Line,2025,8500,2635000,1
volkswagen-t-roc,VW T-Roc,Volkswagen T-Roc 1.5 TSI R-Line,2025,17000,2649500,1
volkswagen-t-roc,VW T-Roc,Volkswagen T-Roc 1.5 TSI Style,2025,12000,2200000,1
volkswagen-t-roc,VW T-Roc,Volkswagen T-Roc 1.5 TSI Style,2025,16945,2250000,1
volkswagen-t-roc,VW T-Roc,Volkswagen T-Roc 1.5 TSI Style,2025,12150,2175000,1
volkswagen-t-roc,VW T-Roc,Volkswagen T-Roc 1.5 TSI Life,2025,8000,2025000,1
volkswagen-t-roc,VW T-Roc,Volkswagen T-Roc 1.5 TSI Style,2025,33500,2100000,1
volkswagen-t-roc,VW T-Roc,Volkswagen T-Roc 1.5 TSI Style,2025,9000,2220000,1
volkswagen-t-roc,VW T-Roc,Volkswagen T-Roc 1.5 TSI R-Line,2025,6100,2537000,1
volkswagen-t-roc,VW T-Roc,Volkswagen T-Roc 1.5 TSI Life,2025,14000,2100000,1
volkswagen-t-roc,VW T-Roc,Volkswagen T-Roc 1.5 TSI Life,2025,12000,2045000,1
volkswagen-t-roc,VW T-Roc,Volkswagen T-Roc 1.5 TSI Style,2025,6950,2159500,1
volkswagen-t-roc,VW T-Roc,Volkswagen T-Roc 1.5 TSI Life,2025,8000,2145000,1
volkswagen-t-roc,VW T-Roc,Volkswagen T-Roc 1.5 TSI Style,2025,26000,2099000,1
volkswagen-t-roc,VW T-Roc,Volkswagen T-Roc 1.5 TSI Style,2025,7000,2300000,1
volkswagen-t-roc,VW T-Roc,Volkswagen T-Roc 1.5 TSI Life,2025,15000,2060000,1
volkswagen-t-roc,VW T-Roc,Volkswagen T-Roc 1.5 TSI R-Line,2025,6001,2715000,1
volkswagen-t-roc,VW T-Roc,Volkswagen T-Roc 1.5 TSI R-Line,2025,21000,2440000,1
volkswagen-t-roc,VW T-Roc,Volkswagen T-Roc 1.5 TSI R-Line,2025,16382,2120000,1
volkswagen-t-roc,VW T-Roc,Volkswagen T-Roc 1.5 TSI R-Line,2025,13000,2369000,1
volkswagen-t-roc,VW T-Roc,Volkswagen T-Roc 1.5 TSI R-Line,2025,6001,2715000,1
volkswagen-t-roc,VW T-Roc,Volkswagen T-Roc 1.5 TSI Style,2025,7000,2199000,1
volkswagen-t-roc,VW T-Roc,Volkswagen T-Roc 1.5 TSI Life,2025,6500,2125000,1
volkswagen-t-roc,VW T-Roc,Volkswagen T-Roc 1.5 TSI R-Line,2025,11000,2465000,1
volkswagen-t-roc,VW T-Roc,Volkswagen T-Roc 1.5 TSI R-Line,2025,14000,2490000,1
volkswagen-t-roc,VW T-Roc,Volkswagen T-Roc 1.5 TSI Style,2025,6500,2240000,1
volkswagen-t-roc,VW T-Roc,Volkswagen T-Roc 1.5 TSI Life,2025,6000,2150000,1
volkswagen-t-roc,VW T-Roc,Volkswagen T-Roc 1.5 TSI Style,2025,19000,2270000,1
volkswagen-t-roc,VW T-Roc,Volkswagen T-Roc 1.5 TSI Style,2025,8000,2345000,1
volkswagen-t-roc,VW T-Roc,Volkswagen T-Roc 1.5 TSI Life,2025,28500,1960000,1
volkswagen-t-roc,VW T-Roc,Volkswagen T-Roc 1.5 TSI Life,2025,6001,2075000,1
volkswagen-t-roc,VW T-Roc,Volkswagen T-Roc 1.5 TSI Style,2025,6001,2280000,1
volkswagen-t-roc,VW T-Roc,Volkswagen T-Roc 1.5 TSI Life,2025,8940,2100000,1
volkswagen-t-roc,VW T-Roc,Volkswagen T-Roc 1.5 TSI R-Line,2025,9500,2500000,1
volkswagen-t-roc,VW T-Roc,Volkswagen T-Roc 1.5 TSI Style,2025,10100,2230000,1
volkswagen-t-roc,VW T-Roc,Volkswagen T-Roc 1.5 TSI R-Line,2025,16700,2460000,1
volkswagen-t-roc,VW T-Roc,Volkswagen T-Roc 1.5 TSI Style,2025,7000,2295000,1
volkswagen-t-roc,VW T-Roc,Volkswagen T-Roc 1.5 TSI Life,2025,6001,2090000,1
volkswagen-t-roc,VW T-Roc,Volkswagen T-Roc 1.5 TSI Life,2025,29000,2150000,1
volkswagen-t-roc,VW T-Roc,Volkswagen T-Roc 1.5 TSI R-Line,2025,6001,2489000,1
volkswagen-t-roc,VW T-Roc,Volkswagen T-Roc 1.5 TSI Life,2025,6500,2177000,1
volkswagen-t-roc,VW T-Roc,Volkswagen T-Roc 1.5 TSI R-Line,2025,6001,2575000,1
volkswagen-t-roc,VW T-Roc,Volkswagen T-Roc 1.5 TSI Life,2025,6001,2160000,1
volkswagen-t-roc,VW T-Roc,Volkswagen T-Roc 1.5 TSI R-Line,2025,6001,2720000,1
volkswagen-t-roc,VW T-Roc,Volkswagen T-Roc 1.5 TSI Life,2025,6800,2200000,1
volkswagen-t-roc,VW T-Roc,Volkswagen T-Roc 1.5 TSI Life,2025,14500,2095000,1
volkswagen-t-roc,VW T-Roc,Volkswagen T-Roc 1.5 TSI Life,2025,21000,2025000,1
volkswagen-t-roc,VW T-Roc,Volkswagen T-Roc 1.5 TSI Life,2025,22000,2030000,1
volkswagen-t-roc,VW T-Roc,Volkswagen T-Roc 1.5 TSI R-Line,2025,23333,2420000,1
volkswagen-t-roc,VW T-Roc,Volkswagen T-Roc 1.5 TSI Life,2025,12000,2025000,1
volkswagen-t-roc,VW T-Roc,Volkswagen T-Roc 1.5 TSI Style,2025,6001,2130000,1
volkswagen-t-roc,VW T-Roc,Volkswagen T-Roc 1.5 TSI R-Line,2025,8500,2499000,1
volkswagen-t-roc,VW T-Roc,Volkswagen T-Roc 1.5 TSI Style,2025,6001,2475000,1
volkswagen-t-roc,VW T-Roc,Volkswagen T-Roc 1.5 TSI R-Line,2025,14000,2535000,1
volkswagen-t-roc,VW T-Roc,Volkswagen T-Roc 1.5 TSI Style,2025,6666,2299000,1
volkswagen-t-roc,VW T-Roc,Volkswagen T-Roc 1.5 TSI Life,2025,11000,2125000,1
volkswagen-t-roc,VW T-Roc,Volkswagen T-Roc 1.5 TSI Life,2025,6006,2194000,1
volkswagen-t-roc,VW T-Roc,Volkswagen T-Roc 1.5 TSI Life,2025,21000,2030000,1
volkswagen-t-roc,VW T-Roc,Volkswagen T-Roc 1.5 TSI Life,2025,10600,2210000,1
volkswagen-t-roc,VW T-Roc,Volkswagen T-Roc 1.5 TSI R-Line,2025,8200,2550000,1
volkswagen-t-roc,VW T-Roc,Volkswagen T-Roc 1.5 TSI Life,2025,8600,2045000,1
volkswagen-t-roc,VW T-Roc,Volkswagen T-Roc 1.5 TSI Life,2025,6001,2150000,1
volkswagen-t-roc,VW T-Roc,Volkswagen T-Roc 1.5 TSI R-Line,2025,6250,2700000,1
volkswagen-t-roc,VW T-Roc,Volkswagen T-Roc 1.5 TSI R-Line,2025,6001,2599000,1
volkswagen-t-roc,VW T-Roc,Volkswagen T-Roc 1.5 TSI Life,2025,6002,2200000,1
volkswagen-t-roc,VW T-Roc,Volkswagen T-Roc 1.5 TSI Style,2025,12750,2375000,1
volkswagen-t-roc,VW T-Roc,Volkswagen T-Roc 1.5 TSI Life,2026,6001,2350000,0
volkswagen-t-roc,VW T-Roc,Volkswagen T-Roc 1.5 TSI Life,2026,6001,2425000,0
volkswagen-t-roc,VW T-Roc,Volkswagen T-Roc 1.5 TSI Life,2026,6001,2425000,0
volkswagen-t-roc,VW T-Roc,Volkswagen T-Roc 1.5 TSI Life,2026,6001,2405000,0
volkswagen-t-roc,VW T-Roc,Volkswagen T-Roc 1.5 TSI Life,2026,6005,2450000,0
volkswagen-t-roc,VW T-Roc,Volkswagen T-Roc 1.5 TSI Life,2026,6001,2410000,0
volkswagen-t-roc,VW T-Roc,Volkswagen T-Roc 1.5 TSI Life,2026,6001,2420000,0
